0.0,0.0,0.0,-0.05076043893204573,-0.479401271799263,-0.20484840286818454,0.16283901966279393,-0.9550083335691544,-0.2755285479065539,0.3601408378495421,-1.2542071815358735,-0.313813824752238,0.4998285140165066,-1.5569167807174675,-0.32157746684275285,0.6872957596699306,-0.8310921403173872,-0.1722504322968275,0.42038638804652884,-0.746194363237448,-0.31225053387247076,0.22520326931995988,-0.6247759180211578,-0.3840189176460203,0.24600749107005954,-0.5878095781428903,-0.4352311061321548,0.7997738724961482,-0.496853644794001,-0.15065207326310318,0.4359745538014021,-0.3799742648860518,-0.286950929472578,0.24225445498527529,-0.37536733498562697,-0.326167146101821,0.2821600765560532,-0.4183235527322723,-0.34745345474080913,0.7960578722710683,-0.14884525801340318,-0.15600406534674144,0.4241036296970737,-0.07260269927508671,-0.30244223817815474,0.2521132353151659,-0.1260415136477594,-0.2871802828272273,0.3125139636952712,-0.20946613250929275,-0.267620305612403,0.7412021776344007,0.1673904992257844,-0.18349839358502626,0.42485676114580934,0.210760525460746,-0.30141012221920244,0.27329919539573727,0.13748704262609865,-0.30787722472673096,0.3033534851894143,0.036569497537972284,-0.29727940829973803,thumbs_up
0.0,0.0,0.0,-0.12245979263337226,-0.45640396749436013,-0.22166124175521196,-0.16491562085514336,-0.8973082043219798,-0.3871307985659418,-0.1463078479702139,-1.2158309649148138,-0.4978209078618737,-0.04653519720164949,-1.5462191684415414,-0.5793774185932453,0.16170993741274267,-0.6954024261895329,-0.5882790435338795,-0.33966310273075456,-0.6607410121096786,-0.7767906324610638,-0.2967650411309913,-0.5831552953510541,-0.7988726021549761,-0.13729413904095336,-0.5941224390222002,-0.799075309404824,0.22497372077168043,-0.3606809864999764,-0.5701562220625349,-0.3918378943074987,-0.28392888169305935,-0.7288467571809433,-0.2880255413063919,-0.2633444842754941,-0.6663847506662357,-0.10046671713733599,-0.29007743094935756,-0.6329880447139444,0.2239444195331153,-0.014570104844558155,-0.558589703668181,-0.35723770941199384,0.05421203503607805,-0.7009596607240148,-0.2429630992366024,0.02113647717279563,-0.5806402450930501,-0.06079020567890777,-0.013155934447225227,-0.5000081729938246,0.18450590855870314,0.3041780442408311,-0.5704121234376565,-0.2529951247667042,0.3046398058636656,-0.7154143760176687,-0.16681575976214666,0.2566853527842555,-0.7037182287272128,0.006033007140981009,0.2280764740902246,-0.6812401509627873,thumbs_up
0.0,0.0,0.0,-0.1281094777902076,-0.46836125884265023,-0.025776060231615043,-0.38708050602051586,-0.9159907965755428,-0.11464127387459866,-0.5651034411667971,-1.2377544022978262,-0.19043012485849486,-0.6014083685024956,-1.5437178149315838,-0.2658075502323773,-0.43608220102099704,-0.7503212876212271,-0.3787895457892028,-0.931457757690173,-0.6546594864648785,-0.4732284313802182,-0.8029492408104467,-0.6495467504441039,-0.4598084053656827,-0.6445419762420042,-0.6738087848754739,-0.43735463602448377,-0.42510309444661404,-0.3868699232505213,-0.4183316109777801,-0.9483352800222941,-0.3532003324639581,-0.5078487442422756,-0.7964644741152418,-0.3728387017280554,-0.45396082322044784,-0.6207930465672334,-0.3736203758145027,-0.4203671967347455,-0.4164335315127152,-0.057209845143966105,-0.4381421755277584,-0.8835679168258318,-0.05404042185933732,-0.4973844114455401,-0.7377818847981522,-0.09329388946548542,-0.39283950803372664,-0.5709011434258422,-0.10807168794606618,-0.3282651075136192,-0.40852828484636017,0.2464192269651595,-0.454612552096697,-0.7688382654860506,0.19170661880015102,-0.500343442705437,-0.6570159534399811,0.13874047426020641,-0.42911935236738313,-0.5201386789055964,0.13210368359064853,-0.37698051771798113,thumbs_up
0.0,0.0,0.0,-0.1379774220880342,-0.4162609943879504,-0.03262226328952888,-0.41169918032569824,-0.7854188675285113,-0.13020290795979877,-0.6506099905625329,-0.9976004008511282,-0.20395557310575263,-0.8070628251110346,-1.225511798261867,-0.27593200284049196,-0.390093404750671,-0.685946876999949,-0.4585818589903844,-0.8952991984337955,-0.5701079069248516,-0.5454589341296182,-0.7913844318663509,-0.5613395212034226,-0.4987174189532201,-0.6398443489489982,-0.5832398971696198,-0.45247315891611084,-0.3656947276273352,-0.3294309916746246,-0.4929503916960245,-0.9008292258527961,-0.26404654983820564,-0.5806315349931148,-0.7674211044951504,-0.28223016940805423,-0.49754851609873846,-0.6019500166761653,-0.30260962874232833,-0.4505590986236716,-0.35420886853907246,0.003600338706826498,-0.5028408885960821,-0.835189675799627,0.01464504587514796,-0.5632392094536147,-0.7015621950655829,-0.020895665102283422,-0.4384454356204903,-0.5396972481212301,-0.046921569545080165,-0.367640014365646,-0.3516231605314405,0.3121072159402491,-0.5076539271659886,-0.726191461567522,0.26450623126178463,-0.5655084185657776,-0.633682072405873,0.20209699134279724,-0.49492897770946487,-0.5059211448235638,0.18278363355115593,-0.4462525331531971,thumbs_up
0.0,0.0,0.0,-0.13221051713996831,-0.38588337032615594,-0.24003497443031313,-0.19226883648403018,-0.7688253035526862,-0.38957331747747603,-0.20635536661615758,-1.0214546950772598,-0.48678465268786936,-0.17203219429786434,-1.3068157674715188,-0.5527342416671959,0.22150518377687042,-0.6917450859667605,-0.45065403403074494,-0.24362503352565076,-0.5807290999171346,-0.6311039173049107,-0.25184467113190173,-0.5194035754842107,-0.7040979851482787,-0.11552929153055079,-0.5373928707144108,-0.7473664439639067,0.3102981472495998,-0.3403902221168153,-0.41490191804304277,-0.28479584713591294,-0.18547399540409717,-0.5572780943972296,-0.22466429531385487,-0.22013763805517375,-0.5399379282105937,-0.037208572411275384,-0.28306537581884295,-0.5311232767206238,0.3065774518482026,0.01247056042430005,-0.3937873711819483,-0.25329617121373216,0.12118599470659838,-0.5271616424206259,-0.19428434802622896,0.0479280269528822,-0.41801192133684056,-0.031629147706483424,-0.008183021367252888,-0.3332226199190917,0.24904625989399792,0.3067008546426161,-0.40220619809385394,-0.17980171515400067,0.3494568884119337,-0.5565089510786068,-0.13216783191108103,0.29793844704060884,-0.5424623245550008,0.02320660353827065,0.2575060272001977,-0.5031095780158759,thumbs_up
0.0,0.0,0.0,-0.09966943446401788,-0.34195785300058634,-0.21407033827196476,-0.17076324584000524,-0.7074376775923562,-0.3539158253577931,-0.28723375153852215,-0.9755446637026273,-0.45278562426531727,-0.3959413263429562,-1.2306439629536003,-0.5270213051687124,0.362254051945148,-0.6645807310749773,-0.364933283043044,-0.04390192619780778,-0.577630557281887,-0.5031105873737418,-0.0982096086639833,-0.5209189300268868,-0.5632403205533281,0.004667706978938868,-0.5263178278678228,-0.6071053824632562,0.46772327109269723,-0.3167513309104538,-0.3367677382933868,-0.08077034287771155,-0.21290020823890252,-0.43961593114888403,-0.07554878683766865,-0.24024780816908578,-0.4397055359446235,0.06065561453428551,-0.28969235377817637,-0.4504650419194845,0.4601101566645573,0.04001475907424094,-0.31892244924040847,-0.07178627015951891,0.06202165758595424,-0.4224877507999328,-0.06544639908235861,0.018715261670746424,-0.34738929810300206,0.07089208999270984,-0.020917681685828905,-0.2928398104845279,0.3929286784326626,0.33422873894658506,-0.3270029536864787,-0.028985160750181652,0.31165009990605014,-0.44047894870433885,-0.024479263418842576,0.2831633443280015,-0.4229895966389346,0.09519381500112398,0.2613117673492212,-0.39057111730136856,thumbs_up
0.0,0.0,0.0,-0.06434229575639731,-0.43785067994297744,-0.2389438870308286,0.12390576369604175,-0.8529525428699234,-0.32677931150174694,0.2955600940014316,-1.0955205153900325,-0.36861510711539575,0.4559805336200602,-1.368698156955776,-0.37375640472505506,0.5397258967035165,-0.6695885977756699,-0.2915698730369511,0.17187019826267944,-0.6098929616244396,-0.4377443511930713,0.04662401674127898,-0.561184597201218,-0.49098421170273615,0.13774513989748532,-0.558642242881592,-0.5293197643924133,0.6159578329791962,-0.3197204023495144,-0.2509525094878908,0.11191083663532651,-0.2266637989422887,-0.3971928935569146,0.03962846938198136,-0.2767081009125102,-0.4100226543038696,0.16023817374903032,-0.34291480341323427,-0.4127263495566679,0.5887238500279321,0.030664246982005747,-0.23463223005749306,0.09349709622950626,0.07882194446512253,-0.39020253924753295,0.034969183537803025,0.0010341297048270298,-0.33632082795071006,0.16849430851929276,-0.07222453093271283,-0.2858474884153755,0.5153234496750398,0.32903490105754485,-0.24514113024618728,0.10751914559858076,0.3381722251213848,-0.3968362786732271,0.05561939744075018,0.2702467249229962,-0.4069707446893066,0.1654668622428141,0.21179090398306702,-0.38942584735545,thumbs_up
0.0,0.0,0.0,0.01585255708558412,-0.5276783633428985,-0.20105340508832018,0.2753256159324705,-1.0208555498752483,-0.27017432534200936,0.5263513451935307,-1.3194760758194908,-0.3207754721453824,0.6826385981884505,-1.600580307544882,-0.3393872362507951,0.8294437582585608,-0.8503863839840916,-0.07915949383993458,0.7850128249510183,-0.8900600824165419,-0.26960414246646874,0.5362327522979645,-0.7602203788429038,-0.3929987532968429,0.4263488288124289,-0.6689544250209778,-0.46280952926686486,0.9559991566661642,-0.5178202675527346,-0.06492129922892095,0.8186778162848833,-0.5095184178355932,-0.26573635294580195,0.4916679947788723,-0.4537884041631991,-0.34301767666077576,0.3819304145440314,-0.43336078580663245,-0.35536714218285403,0.9613335624149405,-0.17507962582454917,-0.08849596524744832,0.7493486725730015,-0.13820501186851436,-0.30050806511304606,0.4398460797747369,-0.17843688677042868,-0.2954188868357972,0.35448781735622625,-0.2408978265927717,-0.24492331546383433,0.898525543024578,0.14579543480941698,-0.13254011690485532,0.6718100610190482,0.16198427918789554,-0.2797041201228713,0.44434732188386455,0.08669348269697345,-0.2776840760263527,0.3936547105488073,-0.0063605352676596155,-0.24014978425330338,thumbs_up
0.0,0.0,0.0,0.02199052557587232,-0.5042097223922197,-0.20704062684024663,0.29618120078823157,-0.9314532447886205,-0.2695426624539058,0.5860695273931739,-1.147661650137906,-0.3063522458943657,0.80837639292659,-1.330067174076481,-0.30904158625608086,0.8173066464932008,-0.7961914102600314,-0.0918618636790231,0.7834534561967432,-0.8255249014225425,-0.26616375993892527,0.5272524711038887,-0.6853575241871156,-0.3680063716039372,0.38632278634544537,-0.6012385091389224,-0.42005688276022896,0.929038844619246,-0.45565567879535585,-0.06428925013430153,0.7916380297534237,-0.4703053705170362,-0.2377549343719184,0.474567130024906,-0.40569980794140154,-0.3001050973720628,0.35487717467453206,-0.38431810515236775,-0.30911113402716145,0.9223801651480664,-0.11320096178196867,-0.07388210610038824,0.7282420121681679,-0.10884625873941338,-0.2688241886793291,0.42749933029003034,-0.14523194718280452,-0.26031039569287845,0.3228935137340177,-0.2029524403013973,-0.21267354330462696,0.8517494739844749,0.20315111776544967,-0.1031845539091413,0.6464150358468962,0.20022424911583717,-0.24835795838962244,0.425013730256929,0.12147165732950445,-0.24836624549950984,0.35727153655890553,0.026945524475478516,-0.21299795301306385,thumbs_up
0.0,0.0,0.0,-0.03510668590178831,-0.5236785197565011,-0.16483010322157618,0.03799282334564442,-1.0751531601568323,-0.267631855495539,0.0260911411945931,-1.4769463318444596,-0.36554389933672354,-0.0649522221507065,-1.7710817031660817,-0.4388648245137128,0.7229682146877321,-0.9936913471874393,-0.10926082263782495,0.6406688607686178,-1.0413468128933643,-0.26453635841146983,0.41639791998447817,-0.857422410779098,-0.3594966335436673,0.3366013595830884,-0.7313165935234868,-0.41728752221321497,0.8754858550761426,-0.6899719681570508,-0.11498914710345065,0.6798309650000589,-0.7041663418663122,-0.2811721435113949,0.4027085281779093,-0.5813263199813989,-0.33994437829739776,0.3533255574715323,-0.5157650888369343,-0.355746462030195,0.9004445753778364,-0.34145663975861196,-0.14726533111316215,0.6409858567075344,-0.3716036088383345,-0.2907285318227057,0.40086921453233565,-0.3328187052008754,-0.2760132803388147,0.387177365392907,-0.32273667803251926,-0.242862324226834,0.867510171724127,-0.00840612615796037,-0.20047845183843332,0.647543658999435,-0.0510465850524737,-0.2692835415383787,0.45296139471666186,-0.09675502402246966,-0.24356547978578397,0.4199766157393263,-0.14375929652054292,-0.21026856834081695,thumbs_up
0.0,0.0,0.0,-0.10774234097626247,-0.477265212277846,-0.2239363522965372,-0.07226048342247064,-0.9863719810875988,-0.33122812725994294,0.013259151136886806,-1.331780652878494,-0.3899956652266869,0.1236730787480826,-1.6683952842443261,-0.41249507822112785,0.31139391042783277,-0.791027046039289,-0.3476276986076763,-0.1785101180500607,-0.7318094501977428,-0.49914460855829984,-0.168005481678589,-0.6153173784347632,-0.5512247956598124,-0.011533514304066973,-0.605369661370939,-0.5813421381454519,0.3920512735720293,-0.4545884336955088,-0.3107887821588402,-0.21145677322272627,-0.34346392582900814,-0.4325913285078843,-0.13612164806055416,-0.3099934819498435,-0.41683876934484754,0.05926231199033539,-0.3506181031248376,-0.4112513849260253,0.38480197283241185,-0.10698745108261196,-0.2941389782262064,-0.17809059927232923,-0.022808081455600086,-0.4165741818599096,-0.09691534182306497,-0.04953085848247343,-0.33777629911206786,0.08168624107679184,-0.0976726707793767,-0.27748701470684123,0.3272482242362677,0.20790854681630275,-0.30431116527557195,-0.10800128812879634,0.23779682066700839,-0.43456026184116175,-0.04779709144078284,0.20159096801327495,-0.4364196914237111,0.11227818450526217,0.16735587798981488,-0.4174576306813291,thumbs_up
0.0,0.0,0.0,-0.14440058304643125,-0.5524265706222532,0.01806166277288223,-0.3595813744460993,-0.9692024982603945,-0.014500070380190092,-0.5383310464778442,-1.3085046183129732,-0.05052194022205519,-0.5815142039077076,-1.6076533793167107,-0.0877512404856777,-0.8123817028863227,-0.7300394309248859,-0.10004017993483943,-1.104863730831081,-0.5574887852117489,-0.07581118746780637,-0.968310815850135,-0.49441132447069164,-0.04045761981616299,-0.8264058453730817,-0.5122163415714382,-0.019667578736540837,-0.8399175695317106,-0.3817526349742544,-0.12452761837097212,-1.06993790158437,-0.27117577975697127,-0.07211892710258405,-0.9315965230930731,-0.23819470847431198,-0.02610610405995944,-0.7890846124225399,-0.2627798064310757,-0.01617971485766931,-0.8111038927730062,-0.04172689317242183,-0.1317404382700262,-0.9696282388613783,0.003440831222874863,-0.06443600432406676,-0.8486924147328252,0.016223246632052414,-0.0031049808206868304,-0.7172219129972486,-0.001482934327332709,0.007839137436660596,-0.7517523976785135,0.26738470776331935,-0.13836999746780165,-0.8629199165025047,0.2633991011422257,-0.0784695168790389,-0.7432801401085909,0.26150003528320825,-0.009204832030047176,-0.6351349677343289,0.24011769895484947,0.03167781968163359,thumbs_up
0.0,0.0,0.0,0.05709801545525395,-0.6114960771417324,0.003269325063342884,0.021065803090021484,-1.1098675282606232,-0.044895961060141355,-0.019995653264699265,-1.538533653501665,-0.09317674846303191,0.05969578533028847,-1.836423537559654,-0.1382307477007431,-0.48647053161891374,-1.168332097431442,-0.12480602563235015,-0.7897322916863045,-1.2740564575199111,-0.11942188661796208,-0.6590173393810507,-1.1503688084558026,-0.10160214539791841,-0.5237316591959851,-1.0661005758463407,-0.0893345842739157,-0.6542828258653464,-0.856741116118057,-0.13837683172815893,-0.8532708687368813,-0.9997613271751152,-0.09310576553598213,-0.7306525327898655,-0.9018384346169855,-0.05376477740426981,-0.6010746669682808,-0.8170359638030918,-0.04704426500162035,-0.7633404223624375,-0.5312511560530381,-0.13484377893551847,-0.8669633897329264,-0.6767082798280407,-0.06414432601912236,-0.7642013951304254,-0.613908725321026,-0.006624564675899074,-0.6418882485100604,-0.5257602582980131,0.002484493765596985,-0.8307337142255704,-0.22948856795556213,-0.1322684825205813,-0.8821232877861716,-0.3665873948736012,-0.06311980947621422,-0.7760148786204366,-0.3098213434083368,0.00792207608821268,-0.6764361404764487,-0.24352183837800484,0.05156044017489038,thumbs_up
0.0,0.0,0.0,0.20486804718061605,-0.5929481547813726,0.0028456529083633183,0.29431814719445637,-1.1145884548455565,-0.051883258039165756,0.35464687986629667,-1.5882712176395166,-0.10612227112392332,0.5032723004572272,-1.8719171935556507,-0.15725717710897547,-0.1978116996166194,-1.460183103146666,-0.12383816168783975,-0.47721293128660053,-1.660039967850925,-0.09962578456926997,-0.3844412860460879,-1.4499199648858716,-0.07202140200399768,-0.2745458712955393,-1.3173162948432382,-0.05868857273556707,-0.4484163497714843,-1.2396258354153646,-0.13881038643166016,-0.5977324095882235,-1.4191948501877123,-0.07273646176818073,-0.5056244163118927,-1.2423705572587418,-0.02795159610923341,-0.40371676165922954,-1.108734800462759,-0.021937565524121173,-0.6547942755721661,-0.9583476983671919,-0.13429516822264756,-0.7005857917570297,-1.0910569707379307,-0.04330662929243557,-0.6249015418913167,-0.9603358381976544,0.013461526549716583,-0.5327017919254544,-0.8227904485433731,0.01574992349963734,-0.8190333523812265,-0.6765819132350128,-0.13110681393229812,-0.8131651483443347,-0.7973825284012361,-0.04849029190461726,-0.7290592301481437,-0.674193423245111,0.023610205453810675,-0.653689205876504,-0.565252184196954,0.0667899395594161,thumbs_up
0.0,0.0,0.0,-0.28050778556964767,-0.4486956910430715,0.013365667220169864,-0.6030548462412076,-0.7076669635873881,-0.02595210081656018,-0.8561297777263369,-0.9693771627281286,-0.06426467840477638,-0.9686585874183247,-1.258979148565948,-0.10326247715712122,-0.9687436680761784,-0.3026578852112242,-0.13639879355884982,-1.2120401915397063,0.014916776816116533,-0.11507643598865522,-1.0667689498616248,-0.0076668988872810465,-0.0770847592368239,-0.9482844941198768,-0.10322714673594599,-0.05492863806931628,-0.8920384256225583,0.05708283467172711,-0.15516495934456254,-1.1187787979192565,0.2644021846845554,-0.10639033735503754,-0.9782113011825161,0.22113301209263456,-0.05097499713445668,-0.847939821395699,0.135182268299487,-0.03455226582467594,-0.7709671825888245,0.37580671425490475,-0.15475646478825103,-0.9465407597504168,0.4733548318582504,-0.08761392940885045,-0.8346060477555111,0.42065344150771916,-0.018677612888323966,-0.7124568369779359,0.34839774981323207,-0.002444738915923781,-0.6365307321743162,0.6403937293341079,-0.15337576392777946,-0.7762122165430626,0.659641237369941,-0.08990065545215585,-0.6664504142557559,0.5993613817223116,-0.014969911504420749,-0.5656468089190173,0.5363497244594579,0.028601894336517133,thumbs_up
0.0,0.0,0.0,-0.16489098312924633,-0.3554113048160902,-0.34159459392249536,-0.18783528639965966,-0.7123435610620795,-0.5491666396853325,-0.12679165930463604,-1.0002486350814455,-0.6869180211327176,-0.00872653082281455,-1.3235073013533858,-0.7876017494585069,0.2598850993080442,-0.2871510223637621,-0.6073838468077462,-0.1745217556847798,0.19069798015564363,-0.7936841706825546,-0.1766509990789234,0.017988695283481706,-0.8339490670645044,-0.038124355504129445,-0.19769001495513894,-0.8742534492595012,0.43880135462380826,0.08792056228139944,-0.5222005429856251,-0.11762674181130442,0.46716512726976506,-0.694481464935042,-0.12101997426152204,0.2594650987384129,-0.6777838948203875,-0.011724794382920022,0.11520243472583754,-0.6897569015652651,0.49488870917403693,0.4012214935290427,-0.4491400206368323,-0.02406208959655239,0.6997098730413972,-0.6262623296904192,-0.034359192169728804,0.499241120140343,-0.5737426540295351,0.0734748464866748,0.36416486099201395,-0.5456980906772696,0.48172869132558876,0.667536411684196,-0.4089970429328945,0.09285911328317198,0.8709336495697049,-0.6070891153953546,0.06312236409155332,0.7316281441790756,-0.6576077519498978,0.1555960338139877,0.584810476701243,-0.6838355248634337,thumbs_up
0.0,0.0,0.0,0.14146327122874122,-0.5285619545039645,-0.2567576118541346,0.515274056586929,-0.8861675166017903,-0.35507971921191794,0.8295894415365194,-1.088966484599643,-0.42215380690877935,1.0618679093247216,-1.3262021978673926,-0.45118967221405837,1.0738434570551116,-0.3190711278414244,-0.13950581300950163,0.8361093889025982,-0.2340872940476049,-0.3449297309103648,0.59641337131214,-0.34490009590285187,-0.46273332803441974,0.5918962375451505,-0.3985552091887763,-0.5323490373861528,1.0784437282533954,0.07674336433265048,-0.10875771880275555,0.7338625606886724,0.11415520841507817,-0.30893659538802143,0.47888005890910423,-0.1223426014370593,-0.3660558857369581,0.4992604721512453,-0.2105579918823176,-0.37820701432065723,0.960095481142475,0.391814501411916,-0.12281235549623948,0.593776458660806,0.37799959672701505,-0.3519335017245937,0.37544582150697536,0.09414633024725222,-0.3544989901632373,0.41585484044301224,-0.02230760465796281,-0.31578730173658354,0.7825369433449664,0.6372935023588444,-0.16202711785500212,0.4816513066189137,0.5632476423647423,-0.32566797407955844,0.3073745836940218,0.3080035160132481,-0.3394424549498788,0.3229226924550579,0.16042565110886287,-0.31629146919599316,thumbs_up
0.0,0.0,0.0,-0.12451508685532954,-0.5756377818996968,-0.13088168438185843,-0.06967793054058799,-1.2401632636803332,-0.1956283167861478,-0.02680149708859706,-1.6915720784770676,-0.2676085654565487,-0.04541227485475921,-2.01700106692038,-0.31009406836977016,0.5050744852509385,-1.2399594383892436,-0.024265802092876255,0.7025159682235962,-1.5170487112345226,-0.22314520879876756,0.4664980010960961,-1.2366060027875923,-0.3379350744429241,0.29940304658731104,-1.028850450522574,-0.38628246533707505,0.6759932022205641,-0.9600558478372454,-0.04346392711728188,0.8406397054201357,-1.2113719221874741,-0.2759367713073639,0.4958794168066596,-0.919376905804814,-0.3375432521685061,0.32397469499138803,-0.7530355953098327,-0.3180029992272737,0.7626806080841917,-0.6381968593673673,-0.09661373247978172,0.8528697324487384,-0.8152333924490468,-0.3100022195979729,0.5080803987312821,-0.6032148342208897,-0.2663592915845291,0.3444805384014556,-0.48906197038294075,-0.1738104117600945,0.8041661887061101,-0.2955344425624307,-0.1606680754676555,0.8253273304270307,-0.4481914325768852,-0.26885849220645386,0.5657069041545846,-0.37056558959187275,-0.21116623720292407,0.44697204777294175,-0.327057552519118,-0.1342907579184369,thumbs_up
0.0,0.0,0.0,-0.20061818316499064,-0.4958607757918884,-0.16963402578692935,-0.27652478576339506,-0.9729799726215232,-0.28367034085410725,-0.24835427592186474,-1.3669879024662464,-0.36323295977539943,-0.12585636464739997,-1.6975844749198856,-0.43330555280759786,0.04767451442878427,-0.7108991713413699,-0.3449990440063513,-0.46763212455220815,-0.5346843363929552,-0.45896667417676157,-0.4181824358094675,-0.52250099257768,-0.49543865867186854,-0.2565229991565129,-0.5982835792874198,-0.5152324036133265,0.11623296081569078,-0.32862778441973556,-0.33666660118196207,-0.4833967493648551,-0.18790497931731484,-0.4161952983207745,-0.37200040820708313,-0.25988059329696306,-0.3896427232484503,-0.19884730501345918,-0.3362056421155499,-0.3990179162960626,0.14059821639209946,-0.002759854741736597,-0.3352967697927922,-0.43440560435826225,0.09311846132657596,-0.42115332036854947,-0.34358931326976005,-0.006692275414634426,-0.3429969607136547,-0.18844915989113173,-0.08969126935484287,-0.303800743823584,0.12345051368947266,0.2861914376301813,-0.35326435929285194,-0.33015521336719106,0.312893519154891,-0.43428851477040814,-0.2688569950674868,0.2339415102189103,-0.401851271216618,-0.12480523690744838,0.18127743274988178,-0.3796550048431121,thumbs_up
0.0,0.0,0.0,-0.051187835346969045,-0.5375806895134461,-0.1799904532463976,0.13776862535996606,-1.0666165065888722,-0.24103901632262192,0.3299492500307666,-1.399432858190561,-0.2792733146462881,0.46974259700588944,-1.6985847928024045,-0.2883184036226977,0.7212191778565175,-0.9592570110003286,-0.09783026623741321,0.5121810356706049,-0.8261130960593068,-0.24485984471262615,0.296674044729781,-0.7260713274433805,-0.33989726760676625,0.2681904525754755,-0.7095335928185001,-0.4015804586394136,0.8481158689761787,-0.624084868438302,-0.08693949451903248,0.5057997424449976,-0.4711773448396027,-0.21805340266310538,0.2678128693553517,-0.46070419867417517,-0.2714621472834228,0.2566351747900554,-0.4930983764615385,-0.2979494477185613,0.8554896862097565,-0.2762753164708626,-0.10612402574074074,0.4761163659281972,-0.14806666046678552,-0.25796309827090114,0.262090294682243,-0.20942598581962668,-0.2608401609933506,0.2725169269727278,-0.3050537245089966,-0.24414097448545424,0.8016444037428943,0.03641283977690595,-0.14444926766778193,0.48480283207376346,0.09438759670008638,-0.26276253498294394,0.3056744795312111,0.029833862582791748,-0.26931577563963577,0.294219753798976,-0.07354117239484366,-0.25162306045827154,thumbs_up
0.0,0.0,0.0,0.006767996242329117,-0.5343837330467329,-0.19172808865198687,0.26017119748938167,-1.0102606093899233,-0.2614500963114373,0.5013594341251625,-1.2941970284258746,-0.3080308103542667,0.6739667533488717,-1.574677107338071,-0.32620119053746854,0.8284703990548108,-0.7692184546724166,-0.10720403793537321,0.6119406504323656,-0.7175494898658797,-0.26758081892225305,0.38980317343522175,-0.6716462176136107,-0.3700999209407909,0.35989132801639756,-0.6628624306904102,-0.43480010055086876,0.9128847791207586,-0.4161216832471252,-0.09495217060267154,0.5829877733957035,-0.36005488384834067,-0.2403119466306696,0.33253416877600084,-0.4001029971083563,-0.29757208327870344,0.3185438545359451,-0.4323933916558231,-0.3218932810734406,0.8769381428771621,-0.07023185277553155,-0.11507201704317434,0.5034024841113577,-0.037687038045042205,-0.28599788708167895,0.2871628024558201,-0.14617697636432328,-0.2927722613024973,0.30892411558281324,-0.2371804197966282,-0.27187966379356515,0.7820967290465686,0.22861470731601855,-0.15387805175599978,0.48322780234552193,0.21548970128085834,-0.28070289807687365,0.3170173334378095,0.11176804452361067,-0.28737590175601896,0.32437105526632803,0.00920036502507262,-0.26707625966505677,thumbs_up
0.0,0.0,0.0,-0.16827892143879217,-0.49742206312852255,-0.0006526944793012306,-0.45593872498801924,-0.8724815304557316,-0.04881126785220213,-0.6716384404687128,-1.1838651861301919,-0.09956419500145536,-0.7107108116674363,-1.4960442575043282,-0.1518111178685859,-0.7891734700172321,-0.6935248885858822,-0.14789765776298291,-1.141316704385559,-0.508412067142694,-0.19318925977953183,-0.9945934858261086,-0.43775587255195375,-0.20336382189230445,-0.8389920888060328,-0.47241622118363047,-0.2060764726112087,-0.8034455807481238,-0.347811316608171,-0.17684060403016047,-1.1159222289634845,-0.214229041291678,-0.19266939992191998,-0.9580951073675643,-0.17231044617310645,-0.15897475815349457,-0.8007270238642583,-0.2122858739057659,-0.14267639281206274,-0.7837397982529224,-0.008645060956196401,-0.19473792663697556,-1.018971318601351,0.07429095020342225,-0.1888869510715326,-0.8722712553376425,0.08990450354033726,-0.11845833940017497,-0.7266375873156714,0.0488945973249362,-0.08443392045738421,-0.7362110504673592,0.302971399313291,-0.21262887371472658,-0.9043363333898096,0.3300937604527579,-0.19754603428030246,-0.7679356830902392,0.3284922901337405,-0.12798777033196154,-0.6478958137793646,0.2965160783517183,-0.07736541929828689,thumbs_up
0.0,0.0,0.0,-0.08103459420442981,-0.5168167163364721,-0.01538174743132039,-0.27151429336856164,-0.9195073618146373,-0.06321769669096931,-0.47889361611280323,-1.2188109434560022,-0.10877659148362676,-0.5390182077494191,-1.5102659015249957,-0.15639169803397882,-0.7444716766883592,-0.8059871271234443,-0.12792160537523448,-1.0217987917788478,-0.5993777612434394,-0.13986830792940855,-0.8815647081485378,-0.4901201770021298,-0.13906869033615687,-0.7382756395496151,-0.4997763720805089,-0.14081815245715434,-0.8070896527831205,-0.4711283350819397,-0.13817567300047517,-1.0088835827792804,-0.2998619766694665,-0.12008334953488968,-0.8588017764992417,-0.22357918952392306,-0.09406660285611691,-0.7153221419736792,-0.2399777962102768,-0.09159552655181018,-0.814798998146703,-0.12782309700686412,-0.13610737557254873,-0.9271391345049703,-0.008896495757712598,-0.10401121121034823,-0.7960163139508736,0.03928639187379319,-0.05733041762396702,-0.6668876239764674,0.018146876768596443,-0.0474033592856878,-0.795965186507141,0.19265910662455873,-0.1352781172845469,-0.8710891917774906,0.2513957243968345,-0.10408421607122663,-0.7356800002040045,0.27997644626572443,-0.05047257359086452,-0.6252460039344896,0.25395882809643344,-0.013854480332492822,thumbs_up
0.0,0.0,0.0,-0.09102439896731561,-0.516680332916981,-0.20184551768358022,0.09870607338781624,-1.029014646966856,-0.26564597179705707,0.27761950076407127,-1.3502459571089616,-0.29560382752349323,0.40195675672096354,-1.6680985752524624,-0.2939186610251199,0.6402942455447579,-0.9254040740729322,-0.16274055519602765,0.34034412650967955,-0.7748188901821392,-0.2850819339344857,0.1610629030516638,-0.6603141377575382,-0.3500985814371332,0.1941751439966437,-0.6589343231141731,-0.4001464498152047,0.7730120215824541,-0.5890279078116634,-0.13894139064930655,0.36638812790319814,-0.40460482229972516,-0.25785265090619297,0.18721151611200182,-0.40041836932947644,-0.29134888867168357,0.22053662193598456,-0.464857831891935,-0.3126152860006698,0.790910548095934,-0.2413265354684548,-0.14089108645153406,0.37645931818161865,-0.10915101864041128,-0.271866455449667,0.21975269653399587,-0.14574854954828684,-0.2530192236064789,0.2686397809461054,-0.2358920255871008,-0.23363130503913623,0.7507780697883814,0.06846966013163519,-0.1656258695243116,0.41248380226903714,0.14559825303962853,-0.27721528556197444,0.27109219622394837,0.0973246034965583,-0.2818214680166178,0.29149610594783804,0.008729115287009162,-0.26990000026252575,thumbs_up
0.0,0.0,0.0,-0.04706922522759232,-0.5288627731745007,-0.19733602201672806,0.15340799142354733,-1.0810346137992222,-0.2676155920852366,0.3717103592336797,-1.446387954637387,-0.31806445314818776,0.4806147482655444,-1.7730369998021798,-0.3396190914474033,0.7552691091925675,-0.9717044849709887,-0.08780369474536384,0.6854522562111914,-0.8778217766351639,-0.26681560575815033,0.43244575736432034,-0.7596622070563223,-0.38197572756300274,0.32327145974001176,-0.7040148095744023,-0.4470917346929688,0.9068690112882797,-0.6456623613372715,-0.07222862454441736,0.7223216208182535,-0.5179709921843905,-0.2514008287341477,0.4073017588477892,-0.45640126334948267,-0.3227525771339664,0.3009063267594979,-0.4446132665358434,-0.3382162145100369,0.9433245657605174,-0.30418698368422986,-0.09190682261317903,0.680270309477808,-0.16312320954383322,-0.2936240017612183,0.38462720027096536,-0.1927467959703166,-0.30546572865204813,0.30095404540567583,-0.26771577153121495,-0.2696489469752047,0.9120681069101333,0.015055232869133742,-0.129268542060273,0.6771342996993028,0.09001004195694803,-0.26896653305466817,0.43635794074706324,0.04318537479101755,-0.27183841267054004,0.3626445620637214,-0.050231331140726046,-0.23981281685221986,thumbs_up
0.0,0.0,0.0,-0.13123841852941492,-0.44521485520053095,-0.23041012158922095,-0.08177238920927804,-0.949896730491074,-0.3134620349659308,0.0203435134219166,-1.279735583477349,-0.3509507506419218,0.12571284450235287,-1.618131194700597,-0.3555814898363438,0.27555658508665176,-0.7966050089924326,-0.26588062170685034,-0.17227904802879643,-0.6367602776382585,-0.4067583072052652,-0.15871007865625006,-0.5573842919680879,-0.48294135142663497,0.0006198697154491359,-0.5951587121993526,-0.5352767189621065,0.40063961923665253,-0.46396573658149404,-0.2203034671744084,-0.19518937590815705,-0.2169856424088926,-0.32241220278390736,-0.10457621026467832,-0.23767423794044065,-0.33243200975934895,0.09398517169006285,-0.3196085175221384,-0.3466537106403205,0.4243551387051533,-0.11830067960020679,-0.19953869707480704,-0.1426076669644339,0.07772797008075769,-0.31214982651689616,-0.06994587147672271,0.02375457197061952,-0.24682439857494595,0.10154005573631578,-0.0547210760143397,-0.19186002103462188,0.3832981781594312,0.19593066340292095,-0.20874317212391058,-0.0512659946450665,0.30800353398342056,-0.3425196260793786,0.004866651809494132,0.25875193840219046,-0.34968629275229607,0.15784595329118523,0.20960897978139995,-0.3286951068960924,thumbs_up
0.0,0.0,0.0,-0.17129780396859517,-0.49647968492886874,0.02148410607572163,-0.474831371101418,-0.9061220189364867,-0.031880585804190224,-0.6603905623134514,-1.245445262226282,-0.08557389751183292,-0.6854110367841377,-1.5571654725043806,-0.1422841890441111,-0.6721489580936441,-0.7881961924190791,-0.2587885126309006,-1.1258869620201575,-0.5554618156597445,-0.3211628432769809,-0.9882150142716934,-0.5100209226888084,-0.29610920180936606,-0.82719687217195,-0.5663530651517545,-0.2712106065700864,-0.6548444672743365,-0.44497416231880815,-0.31485839559970985,-1.1201807213796091,-0.2617048846329552,-0.3685547943245381,-0.9582057514548804,-0.24405919939543594,-0.3056458513029358,-0.7857289387111008,-0.2844206110375389,-0.26913259096075,-0.6161981307364267,-0.11479978437742747,-0.35156954111861427,-1.0093289475133085,0.028036606155787965,-0.3864033166093466,-0.8508009852286958,0.012560809530532678,-0.28166406856007276,-0.6928923649858373,-0.03530485642042248,-0.22122733111701937,-0.5573252361631602,0.1974490749597187,-0.38255813643177183,-0.8773760520535073,0.25588232771347114,-0.4075531983241255,-0.7448769758056597,0.2320459192474882,-0.32661426276514305,-0.6057273055917586,0.196131498095715,-0.26736905074033357,thumbs_up
0.0,0.0,0.0,-0.013200388029012477,-0.5426476122587404,0.01707505162906958,-0.1451335404729029,-1.1058727412355436,-0.04167446565620497,-0.17654599169591798,-1.546544373255435,-0.10896646899092789,-0.05403285962094805,-1.8555114680919915,-0.18010680502548362,-0.36024835546991235,-1.1888536510129872,-0.18385004503144436,-0.8427022840470785,-1.2402906557925966,-0.2852130171143653,-0.7484824337339195,-1.0512715583653083,-0.32259987272753404,-0.5760800936355701,-0.9869620855710458,-0.3385009794532397,-0.4692792597649662,-0.8938649505140212,-0.24314463892146965,-0.9380523510546087,-0.9455670061113369,-0.30896098544729395,-0.8176210466960724,-0.7851062412635662,-0.273574558015404,-0.6470497719502346,-0.7370677452166523,-0.25589583368462504,-0.5670437182507693,-0.5715281494711033,-0.2947700280339468,-0.9494327472827927,-0.6175876946688336,-0.34050984675253504,-0.8165690592861724,-0.48858153198274284,-0.2509631245525045,-0.654567999120409,-0.45319689060757595,-0.19793184089044719,-0.6480946151332422,-0.24468262683641734,-0.34411734644754094,-0.9213659375134695,-0.3119562393683197,-0.3696221694761369,-0.7898014271772248,-0.2186104852154409,-0.2964119946309014,-0.6491008794910309,-0.18852043039020155,-0.2404326234160029,thumbs_up
0.0,0.0,0.0,-0.07998287220720125,-0.5434796613395066,-0.1484038807004954,0.08759749826684594,-1.1255124989571217,-0.20123480951041595,0.259487765120548,-1.4984443694461411,-0.2509769213397305,0.29998817016213297,-1.8175479855522025,-0.2763007553642787,0.6775604851233727,-1.0619503544937754,-0.018323598548218988,0.757074580035663,-1.0793785026742901,-0.19302533774271557,0.5135387653640588,-0.8979534258414039,-0.3142648141825264,0.3504328140702843,-0.7851629042014142,-0.3784189871826849,0.8285683762292508,-0.7555217552462701,-0.025348411658852297,0.8382767239570318,-0.7518864774737148,-0.2163020508067796,0.5002019010747067,-0.5941369077708308,-0.289747043280012,0.3175372688947001,-0.5320118962644794,-0.2941335901939159,0.8880482517494135,-0.4259420183428778,-0.0670952829207644,0.8351973679765184,-0.38223604804907263,-0.26678883490144767,0.500477608233733,-0.3145721022552548,-0.25816554415451065,0.32119207905454333,-0.3338595834564503,-0.20048081710353205,0.8866051088270992,-0.08958905052455295,-0.12231321266347854,0.8030260236219185,-0.075303362960405,-0.25120776504670467,0.545190998964198,-0.0756068662090333,-0.23034503906830384,0.41085024418026905,-0.14104862732601328,-0.17934284175643203,thumbs_up
0.0,0.0,0.0,-0.1028949228005073,-0.5730951748670979,-0.2100142651611442,0.07834317695073643,-1.0898595890007012,-0.2766540629048987,0.2588354840463489,-1.4184668766744437,-0.30719023564635967,0.400851320563524,-1.7462584754736576,-0.30591211775612226,0.6031407635221754,-0.8961890487942427,-0.15873298202131822,0.3048579504169095,-0.7498990584915141,-0.2762709224125009,0.17461683093512806,-0.7085889951989912,-0.34540221456397685,0.23464719853484256,-0.761056591914047,-0.4009098817922538,0.71737355198997,-0.5349185590677289,-0.12876009635517788,0.2859055906629797,-0.3806771749032742,-0.24018682466636176,0.17963747633850174,-0.4319747089139937,-0.27963494005774137,0.255866292667603,-0.5398818895716071,-0.31087217187473953,0.7218874498063401,-0.18779226819721828,-0.12504466454814842,0.2924863196721351,-0.11009283542252349,-0.2535075805360526,0.1942737445755399,-0.15969259027623414,-0.23261075165754425,0.27781999606097124,-0.2552218495293724,-0.21315725785669118,0.6705172237279677,0.10145366276685054,-0.1457163511528189,0.3215526623004652,0.14145806469037686,-0.26512035676928924,0.23665042416843143,0.09992643038395042,-0.27490777140346156,0.3046901994915566,0.023510991150394088,-0.26662941613527613,thumbs_up
0.0,0.0,0.0,-0.11415776271428145,-0.45856689225024916,-0.03576231873297044,-0.3649064257826217,-0.9399056135893564,-0.12787681618424715,-0.4807860854823057,-1.2986024806862564,-0.21112656032843882,-0.44355200224615693,-1.6163319023143932,-0.2955478682506349,-0.3934773764003957,-0.766142680340965,-0.36033915060539795,-0.9149827059841996,-0.6535374688875458,-0.48469591309008175,-0.7836647919690725,-0.6288556527146545,-0.5062318658070738,-0.6130754751614944,-0.6562838428706448,-0.5072170361754815,-0.3771549047140702,-0.3948321421967184,-0.4055071941488641,-0.9343873344929321,-0.33140441206363297,-0.5226599361870893,-0.7679298594568202,-0.33573048433213876,-0.48782981892802696,-0.5765666052953238,-0.34512141575140076,-0.4646286467188409,-0.3658429981294116,-0.061673515261320214,-0.4375153943654548,-0.851967998438829,-0.054036152356096205,-0.5292975048803263,-0.7055531069882485,-0.0802039449439427,-0.43926678142216324,-0.5291847057412994,-0.10062238554787183,-0.37570630557084317,-0.3661849213671286,0.2276756312785822,-0.4679508850395645,-0.7458451086320322,0.16639186972679568,-0.5391363622045748,-0.6335398071640586,0.13815896420037516,-0.47910322206030737,-0.4827070606477023,0.14438855997564165,-0.43057399714305067,thumbs_up
0.0,0.0,0.0,-0.1643183117751165,-0.5238908358483831,0.021280468198147093,-0.4425812806193369,-0.8992251643840569,-0.01911052018360619,-0.6185161283848113,-1.2278219985752348,-0.07075001209435762,-0.6541938116234329,-1.5279387836670242,-0.12438883521406811,-0.8056719015461042,-0.7405478096107156,-0.10734224417043049,-1.168595211479468,-0.5949683290968155,-0.15064011964931598,-1.0387305709385986,-0.5235777392525399,-0.17042610206765213,-0.8859808522376016,-0.5527205094797965,-0.18105227642667282,-0.8207103224151987,-0.3869586919409278,-0.15073635200797325,-1.149621231629082,-0.2840014423899093,-0.17001105543117678,-0.998650292963219,-0.24688384095269622,-0.14611870720050274,-0.836092497255146,-0.2780832644438979,-0.1358073416843338,-0.7931111836339066,-0.04781898216930432,-0.1832233037140083,-1.0363865863195099,0.009265050098660462,-0.1794950693079979,-0.900993181723709,0.016880472507971988,-0.11309496605729742,-0.7545226804808051,-0.017474051470924748,-0.08006631749186234,-0.7369768777066663,0.2513167669221764,-0.21451339476108958,-0.9296294529787317,0.25397808798684374,-0.19592177597481977,-0.8019959518255325,0.25715080015805497,-0.12119936748284495,-0.675649408138164,0.2298579089845721,-0.066978859401723,thumbs_up
0.0,0.0,0.0,-0.044194053685406465,-0.583613757338106,-0.06231460313218229,-0.24743215289724882,-1.078480139823252,-0.11539150096768093,-0.43316305771412833,-1.4169412583656715,-0.1658575930546872,-0.5135849797582546,-1.7442713150334714,-0.21546059303930595,-0.9263725871770788,-0.8754289427697521,-0.020483885597042704,-0.8649143119025547,-0.7883027710828591,-0.043602960609525836,-0.7107622573131795,-0.699124136805279,-0.11308442745064079,-0.6239877385760568,-0.6438454006697305,-0.16985870533584294,-1.0220457253419524,-0.5347471496941373,-0.01993123170632576,-0.9195333526421757,-0.453103441318624,0.0264106068337418,-0.7836994401459051,-0.4165876051900136,-0.002749019117631884,-0.697711987164469,-0.39590584302409265,-0.05169474245604313,-1.0232564359898821,-0.19291833115047244,-0.021064896590400534,-0.9281623484007622,-0.1575176778999722,0.013307811013361684,-0.8017912229583503,-0.15514332825880647,0.01577803318744282,-0.7118968226373401,-0.15768519761226438,-0.005612798505774912,-0.9839471048242675,0.12284525083679161,-0.03205148244765551,-0.9075871896881181,0.12150024752694175,-0.008103451611321559,-0.7748174342433402,0.10852162320559586,0.03208241674141461,-0.6893384243556173,0.11077414032873094,0.06310956759877337,thumbs_up
0.0,0.0,0.0,-0.18574038319756137,-0.4823283130416633,0.006850931134493486,-0.48967732509736195,-0.8959652380152456,-0.07022175330760994,-0.6403289606242918,-1.2483157960445306,-0.15246651419139393,-0.6009561415681551,-1.5892286800479296,-0.23918365264262667,-0.6281591236139424,-0.7947997922716232,-0.2727541461687065,-1.1358246944111918,-0.5382085602698243,-0.3905089333464273,-0.9978852503705654,-0.48725213244929205,-0.4239917376752869,-0.8323712974658563,-0.5567892574454527,-0.43300270214084224,-0.5986006490937018,-0.4507672031759033,-0.3321180018509947,-1.1149883875991946,-0.24458537709634215,-0.41967736693975544,-0.9692089186726598,-0.22396470519647116,-0.3826584845506253,-0.8071068514987803,-0.28528592222757687,-0.36236896626580545,-0.5668932933279427,-0.1173402422835212,-0.3793140819678005,-1.0211153225202074,0.018733166305414713,-0.4421494108061308,-0.8835106882421321,0.015452901884584173,-0.3514111810468846,-0.7219447523144195,-0.03861078456869461,-0.2920707208190777,-0.5357643867709034,0.18944258259796373,-0.4235193945344388,-0.8990199103562904,0.24076244703806818,-0.4558101003023751,-0.7857036084531696,0.21892824532969415,-0.37944364183293267,-0.6401133257121655,0.17825072614867205,-0.32311485531785955,thumbs_up
0.0,0.0,0.0,-0.19069436208701887,-0.4832986258559214,-0.23576193871553144,-0.05609282308767432,-1.0572021125797468,-0.28153082883191005,0.08476134030726243,-1.4047114271953334,-0.27791308583393637,0.18640722174336355,-1.7147917267258364,-0.2438029774254565,0.3504977176874152,-0.9057246418074044,-0.22276458153597833,0.02431377748933146,-0.721265047674234,-0.32627903198361474,-0.04295526493974255,-0.6574525021826999,-0.3823216537579492,0.03948123042549006,-0.7032166491817403,-0.42881907075422115,0.5041986343218855,-0.5686192554278006,-0.1590970897400155,-0.027708095745799355,-0.3023114719118478,-0.23544102099075515,-0.01421022011268123,-0.3562430278184663,-0.24878211467387543,0.10304091594733147,-0.45567598593846714,-0.2667896984423834,0.5241079291361028,-0.2149788039934856,-0.12105919191344101,0.005773689118822372,-0.009885453695351588,-0.22353964278135346,-0.005506480222728423,-0.0932469765159166,-0.17702759785177802,0.12295913898242057,-0.2029365472275141,-0.13679346730057695,0.47521922369693753,0.0800918807912722,-0.1104688571731614,0.06338271542955962,0.20164960796183967,-0.24144188151519916,0.046713089331708174,0.13742572658013705,-0.2611567284476153,0.15278322307485412,0.05934333321509881,-0.25103860292485497,thumbs_up
0.0,0.0,0.0,-0.009666206192247472,-0.5463953000522722,-0.20509412873941382,0.20157418995098886,-1.0645495564679874,-0.28691550385406,0.41092289896635614,-1.4266133722375711,-0.3480886020423755,0.5205657449629393,-1.7582316763020778,-0.3803150008523555,0.82419728054408,-0.9079738178156183,-0.09423537144786027,0.7754807114449661,-0.773304746195978,-0.2581015910486252,0.5284062705567596,-0.684174929371862,-0.3588350557189481,0.42748228704009306,-0.6616997060968948,-0.4162771676463063,0.951048328795846,-0.5606474598923354,-0.0718242091973833,0.7871908698273179,-0.4027058361250377,-0.24639058883280043,0.4590634110812499,-0.3998563042460629,-0.31507950080657027,0.3444715755249206,-0.44325259705731995,-0.32930224367417266,0.9580420206198946,-0.21703546939855595,-0.08266005648249956,0.7327767371186508,-0.06383806493489486,-0.29238539650463974,0.4196867658981649,-0.1451536087621276,-0.3091587432434142,0.3120128646718658,-0.25361808819333315,-0.27227677452409776,0.8934756336385443,0.08951610503619074,-0.10887653265901202,0.7110358364837247,0.17148421341586045,-0.25903149553584787,0.464882486710912,0.08322973318104787,-0.26444178072748914,0.3700543562030446,-0.04041774817019128,-0.23021001166897495,thumbs_up
0.0,0.0,0.0,-0.046114996255641645,-0.5083928375861686,-0.1719641172306756,0.13481703724711874,-1.0278431796106473,-0.27180857503987443,0.30734992625684776,-1.3944060014303592,-0.3692931440225462,0.3701410986391504,-1.721788357252576,-0.4401644873075642,0.7057153771323835,-0.8599735216741926,-0.12652707861906845,1.0455954290559148,-0.9136920786419149,-0.32437746718925214,0.8109426183516248,-0.7842679893127378,-0.4341754528672324,0.6192239489350455,-0.7017211765130434,-0.4835788929207173,0.7812455110230612,-0.5218341330555875,-0.14135463257192288,1.1256652010045938,-0.5563957726559544,-0.3531884699543466,0.7927063579363649,-0.44590879754720963,-0.40175245348175115,0.6051247241807287,-0.415279932097514,-0.386389522524675,0.78459288352654,-0.19355110238554105,-0.19018785413961628,1.1130520527452992,-0.16871556701703752,-0.39941126318681996,0.8002965972456018,-0.1247319952164078,-0.35758594366637375,0.6117617431086965,-0.1542344620478645,-0.2782832624981185,0.7368726582282175,0.1315125892639145,-0.2529569629484588,0.9667712082731337,0.15136073942327724,-0.3864747239970303,0.7410230152920045,0.12859668219698844,-0.3429174602148385,0.5845239147606899,0.056032780672869,-0.2800357439225817,thumbs_up
0.0,0.0,0.0,-0.03944844311351302,-0.5085087737622187,-0.16262443468541715,0.13337213109982765,-0.9967722786293788,-0.26891030233201096,0.30262531147254795,-1.3596435977550025,-0.37567620391501644,0.3789402155615165,-1.6920412779903078,-0.46208172202146697,0.6926717564221682,-0.8636886493333251,-0.13502050761308484,1.0705117409234486,-0.9357922991329486,-0.3282706612252175,0.9214340657854283,-0.8232911297570192,-0.4439494835761841,0.7344144065747601,-0.7297009992717933,-0.4950966930003503,0.7692199327504602,-0.5349441141044975,-0.1550622537463816,1.170463445187609,-0.5802403507065972,-0.3503204516748794,0.8929545048536883,-0.47697414587061554,-0.402440514434363,0.687578282511207,-0.43412472431462884,-0.3924697612890724,0.7679329385578062,-0.20571486677713785,-0.20560909146192285,1.135398485399951,-0.19407087584043792,-0.3978517824228572,0.8589171056467263,-0.15287616110357785,-0.3665221079930818,0.6495098518041593,-0.16654039137149076,-0.29723789112341287,0.7110392201259121,0.12707886757166054,-0.2693423737519262,0.9868273235043249,0.12855407830632326,-0.3982766322138681,0.7930434960580701,0.10463822348969751,-0.35780367159598975,0.6148096978237922,0.04841452687916263,-0.2968569388439491,thumbs_up
0.0,0.0,0.0,-0.04160579803235017,-0.5038686950986245,-0.1553658985864,0.17214028125684225,-0.9580906399775283,-0.24720035079793679,0.37764168612794125,-1.3050639100109769,-0.3407849378047224,0.45384380782608846,-1.6196267601735415,-0.42220308576218146,0.7877273884244644,-0.8524367170504679,-0.10848092487080664,1.1151097280108273,-1.0180764721101416,-0.3001150557836467,1.2424468444352386,-0.9776100889401498,-0.45861651343898463,1.1679988783658413,-0.8389924794524533,-0.5433291313255763,0.901905478373873,-0.5248999774576625,-0.1331387533302409,1.334786626066009,-0.619452111032598,-0.3352801933620671,1.3790415279126,-0.5984637175642384,-0.4737911837480926,1.182859878985935,-0.5135329917981757,-0.5299813937315881,0.8881088370574501,-0.19964778610833095,-0.1836868515621086,1.2954003281262703,-0.1507001248066694,-0.3555382694388421,1.2616088859755394,-0.1551091027684173,-0.40185293259823107,1.0714724261900064,-0.1918398635603134,-0.3977571775662195,0.7820217363345371,0.13740027980727232,-0.25057302593866587,1.0411128101083986,0.32387974684762016,-0.4085849694532078,1.0082105976244016,0.30003566807491844,-0.45091684066400245,0.8550150541950893,0.20298883069218465,-0.4460781696287695,thumbs_up
0.0,0.0,0.0,-0.09990837088114447,-0.4958438581619763,-0.06534262755446303,-0.2895542582869667,-0.9682636364595156,-0.1828165848402611,-0.38056305579030475,-1.317750058898858,-0.27591424301295764,-0.3515243537791796,-1.6402302519222522,-0.3828016947581655,-0.2417678010037093,-0.8368686198507036,-0.48273739727056036,-0.7291848737281776,-0.8593531891063884,-0.611702286898874,-0.8979901838118355,-0.7455589848638657,-0.6175632348983571,-0.9048521291133971,-0.6232085016299498,-0.606993778457843,-0.22755141032679213,-0.48259366528992836,-0.5121643145876987,-0.795218398092783,-0.4603134956954118,-0.6305411349725246,-0.9486073034650393,-0.4362246620367898,-0.5935576091878553,-0.9188377361966213,-0.39575595523422713,-0.5769528660902704,-0.23453617738320998,-0.13296046327194283,-0.5245324273937745,-0.7641266015622089,-0.10773863683272092,-0.6271619445801184,-0.8870863413529303,-0.17063914502591898,-0.571029066711296,-0.8424908235871976,-0.2233415051393489,-0.5361634580389165,-0.2618711445331439,0.16168316461995633,-0.5326391939255736,-0.7078469441147435,0.2052457665905276,-0.631148951027267,-0.817261718821762,0.11478102397166391,-0.6175942436006634,-0.7922491442611841,0.01690330610414283,-0.6025071452424828,thumbs_up
0.0,0.0,0.0,-0.11817221419609227,-0.5689710821155484,-0.027785708262755022,-0.3784425902879449,-0.9582758232461247,-0.06544515878603525,-0.6151801580827314,-1.2631846784897778,-0.10429601440858567,-0.72217257264207,-1.5469260978353951,-0.13968572979957816,-0.9028934945515613,-0.6659134417719613,-0.05811928645308538,-1.2506646754531314,-0.5486912327656979,-0.09273787324418764,-1.1138743856912545,-0.47681894470630104,-0.12075717459648293,-0.9565666635822772,-0.49095431604474427,-0.13475167506731678,-0.9537813542486305,-0.30307681909154444,-0.062276692743210425,-1.2729598952899701,-0.23924509783316159,-0.06435563588141409,-1.113986477806876,-0.1997742939709251,-0.05132822606956306,-0.9474104044117843,-0.22148683088603516,-0.042537639852604704,-0.9304746909778325,0.04033290007509109,-0.06439193612057008,-1.2235632202097528,0.09110311207063349,-0.060659767039114625,-1.0717872276667308,0.0966743843362686,-0.019194894634284417,-0.9115690321416491,0.06586768009313804,0.004188262939712505,-0.8578811571482424,0.3330220807201622,-0.06820449269183178,-1.0382831230669278,0.40236428959839127,-0.06817750112280963,-0.9170298462875174,0.3808903160780439,-0.023444880831720957,-0.7961233034284401,0.3311717438144826,0.01805731816591137,thumbs_up
0.0,0.0,0.0,-0.24839930236220292,-0.4073211207696989,-0.02560484032925494,-0.6011685922382956,-0.7097177705883834,-0.09101645924624388,-0.8511156857900183,-0.9322762274368435,-0.16287592199811965,-0.9813509494877751,-1.1973248768642557,-0.23386340890559487,-0.9580607896346037,-0.37744333895465887,-0.14759654795380414,-1.4087961389621328,-0.15624867014731417,-0.2626714018276687,-1.2961923971183795,-0.08699359607574113,-0.32835770391103825,-1.1129868018563283,-0.12418882746648943,-0.3555764469510157,-0.9121632916957856,-0.03555559325152063,-0.19036048387213142,-1.3953317472337599,0.2270209197585045,-0.2697818285333601,-1.2755277611810971,0.27424324036583486,-0.283669466159187,-1.091541930720013,0.20552502253901836,-0.2853505436629293,-0.8173008550971006,0.28720262849530953,-0.23172630511157372,-1.2351268547712553,0.578020996169014,-0.2962284928163875,-1.1244413844057422,0.5867708870613768,-0.2541550325780603,-0.9545690593007637,0.4881872573790769,-0.21645153114596832,-0.6901002517275674,0.5777210246497664,-0.27352584805796937,-1.0012579254022156,0.818151599065606,-0.3237399786804967,-0.9063426072264262,0.7910143817903312,-0.2735330380969616,-0.7536969970489614,0.694692599212956,-0.2201111836807892,thumbs_up
0.0,0.0,0.0,-0.10177299080965882,-0.5325733229837399,0.03604721042385751,-0.3210864207983044,-1.0010710713124704,-0.0026670280516692133,-0.48928378848497356,-1.3819039570416414,-0.04205353766550282,-0.4733847571834484,-1.700474049604506,-0.08174304049511412,-0.5680003865980547,-0.979725881831522,-0.20137531816664972,-1.0447412899238644,-0.9484560262484559,-0.23682343973834402,-0.9303310242982161,-0.8277485327892915,-0.2091940322565464,-0.7746084061906182,-0.8155128828376096,-0.18636408097179033,-0.6563378536396296,-0.6577158801195766,-0.2481455298637093,-1.12610673685018,-0.6790641950858503,-0.2623303106014129,-0.9885481892593887,-0.5673724765961918,-0.19158977523007656,-0.8245671012766174,-0.5423867218082753,-0.1534872961772618,-0.7151666760789732,-0.3277921495638438,-0.2746995164479037,-1.1082752179719906,-0.3715983267868906,-0.2680852081281308,-0.9652930156961187,-0.2964604093713357,-0.15668610343491665,-0.8058113763877218,-0.27805130080502155,-0.09838554661840704,-0.7423402705946351,0.0003800590155626142,-0.29623284061115485,-1.0345450191469736,-0.08684160976486215,-0.28601389053137205,-0.9140338061662413,-0.04822186289070189,-0.1955876225782989,-0.7870425244604599,-0.02824376069106184,-0.1338137334540106,thumbs_up
0.0,0.0,0.0,-0.039180505084132476,-0.5452511395965101,-0.16878410550935918,0.1512490902714507,-1.0821202827514182,-0.23261520086849968,0.3609387594847603,-1.4268526844643046,-0.27801031517346,0.47794080818835266,-1.7559727006416956,-0.29974496034935505,0.7351384732398228,-1.0522504671702373,-0.09601304012046147,0.5935934917290661,-1.038348022884646,-0.2800870124421133,0.33389555295787504,-0.8689702011680536,-0.4189542491903166,0.15729642642865135,-0.7456482878693927,-0.49288929270897797,0.8808873806024076,-0.7293622679387574,-0.09178993027563137,0.6265449750307527,-0.6808312422722929,-0.2602759419862875,0.32014614387200957,-0.5507352503154505,-0.34096578190266263,0.1124599080724618,-0.451917836326306,-0.36439888195359654,0.8964256943060722,-0.3834503072435098,-0.11781115516051219,0.6009475668062997,-0.3140247358829782,-0.29555950878105564,0.31061044371010066,-0.27688749529198814,-0.3061563447106979,0.12202635503248914,-0.26543081903854415,-0.2735339700698371,0.8308693279723975,-0.05894859990167914,-0.1607201025863657,0.5522663011035747,-0.008072432087818552,-0.3047001955685582,0.31486608008603684,-0.015653614196608674,-0.3138636585708602,0.16986697532302183,-0.05521565909375612,-0.28214412172929487,thumbs_up
0.0,0.0,0.0,-0.1176127552858221,-0.5626547543550581,-0.20558933054321565,-0.030808571848092988,-1.1401815673693578,-0.29725785336583155,0.042013755117078486,-1.5610426445727243,-0.3570760783772135,0.0694910767397672,-1.9408657797793945,-0.3829172983480191,0.623384726340089,-1.056420738981765,-0.16427159042305578,0.3754175814061867,-0.9096070791160572,-0.29646753849365864,0.22578406406061666,-0.7929125579155638,-0.3696849873815315,0.2814985990449253,-0.7882365341741048,-0.4254342781320649,0.7696415363273178,-0.7132118091181328,-0.14420745118556905,0.4010720719980993,-0.5328576037148147,-0.27119571646406987,0.24527532504514607,-0.5104085986138471,-0.30462865644480575,0.3006837820010118,-0.555804364421443,-0.32583772354255464,0.7891214330286129,-0.36123041021653,-0.1518165017274316,0.3827816369419906,-0.22465748478265984,-0.28207981138050725,0.2543531144926771,-0.25636686548178894,-0.2622273082426686,0.3315415990764533,-0.3421270500997302,-0.2437488179746229,0.7388746335177504,-0.06330663380368007,-0.18393006026246433,0.39863481205379053,0.03250866861993906,-0.2937703915971363,0.27424061015264123,0.0020107205135826583,-0.3018569077639685,0.31245414895618145,-0.07794383060941366,-0.2939644604089514,thumbs_up
0.0,0.0,0.0,-0.018549695409313033,-0.4974718641194818,-0.23174538613576418,0.21545717597479683,-1.0159868003907344,-0.32424869994853983,0.39926255727324683,-1.3803514246747874,-0.38788162248827873,0.49362164826927984,-1.7187586192125839,-0.40807771624048134,0.827835330315156,-0.861102409643579,-0.13505411845370374,0.7358762020094126,-0.709395653571014,-0.31148447249675737,0.48723134865053586,-0.6604972895131015,-0.39294293692889654,0.5057288878807216,-0.6857315388054885,-0.44903702921316746,0.9491397046591248,-0.5158035934070688,-0.11652564798202529,0.7555733333595259,-0.3235278929282615,-0.3143231649867487,0.45263078372741083,-0.3547048328394196,-0.35079446793742364,0.5125481136890049,-0.4268500622298394,-0.3459237278938595,0.9311909729854275,-0.1709539430714011,-0.138303127302529,0.6697320470203691,-0.004875435072748647,-0.3388965828397736,0.41323340722544544,-0.09471562129514186,-0.30954012224997274,0.49537471864830424,-0.20564325134408595,-0.2620943223767006,0.8527745468927783,0.13730308767865343,-0.1856949951566196,0.5787327481006547,0.2394653658324754,-0.3236199309364583,0.37657539780331445,0.14388644300521186,-0.3279743637291841,0.42403829925957465,0.0238330385098631,-0.30996732125260995,thumbs_up
0.0,0.0,0.0,-0.0348952051240773,-0.5298920337278893,-0.23675679467891328,0.22698158338727864,-1.0218664742462629,-0.31532841530670247,0.4552731064490972,-1.3471602210620117,-0.3642631717967602,0.5808963212374754,-1.6584653999593406,-0.3715567819334954,0.7869045795811204,-0.961499690626465,-0.1003134161551766,0.7304422100942846,-0.9102921639916169,-0.256196919685674,0.48862893397988183,-0.8011003561389678,-0.3305923881264247,0.5130986071002875,-0.8157073743643374,-0.38270493918149134,0.9293966417662404,-0.638698798706507,-0.07052842711542166,0.7839298256656652,-0.5479866670988673,-0.24308717739398156,0.46158701568037963,-0.49273261772394056,-0.275185562075062,0.5337313478285408,-0.5403135962173956,-0.26637304215244884,0.9304056922670526,-0.28559781126019124,-0.08148249993019932,0.7460868593224564,-0.1787035582064017,-0.26749492609340897,0.4637472252891209,-0.2174214054716364,-0.22659620293631005,0.5358828245061185,-0.301328201994333,-0.17001819653994724,0.8675008012899796,0.03509288692950787,-0.11784862093295011,0.6337519901537445,0.10453715554245072,-0.24936243348107964,0.4371014645033129,0.037993807881489,-0.2430306614360535,0.4880120714785985,-0.0468148622595575,-0.21480165992542655,thumbs_up
0.0,0.0,0.0,-0.0790631231880047,-0.543004379670132,-0.2019091590724737,0.05313745034959534,-1.115256330680217,-0.277070154747731,0.17420901762326893,-1.4821855483840438,-0.3321959374628235,0.31500435724985804,-1.6991640092146874,-0.34031520532804244,0.690181771378967,-1.1529508307001655,-0.07410161100149473,0.6448522366464484,-1.228788997949901,-0.22602128648206085,0.402747879124411,-1.0087988548201925,-0.2945899480227817,0.4050930813009629,-0.9182561164310848,-0.3398846187761643,0.8515725585732492,-0.8563405169769727,-0.0633971954928897,0.7268034403653428,-0.8695554040606913,-0.23602086139291958,0.4193347517006986,-0.7014214537359653,-0.25663731318265554,0.47971138796282625,-0.6700766916105046,-0.23629881389855853,0.8746957834783281,-0.5003302633166441,-0.0933790373246352,0.7143737880441485,-0.4728042303295095,-0.26258370437572687,0.4382118923343491,-0.4123120708461463,-0.20293720466145002,0.5121063611904286,-0.4283617200509537,-0.13321915523217487,0.8327164221616415,-0.16591073420696142,-0.14782895491776227,0.6158575238257034,-0.14339743959581872,-0.24914095177739448,0.4242901323934196,-0.1440243348383279,-0.22181413070869743,0.47815788338635046,-0.16984256300244124,-0.180611142998361,thumbs_up
0.0,0.0,0.0,-0.06562983606989149,-0.6111045564244171,-0.0377948335444053,-0.25388203486805644,-1.0565229564083614,-0.07929871093961356,-0.5155434772759433,-1.3572775675588056,-0.10979315035270813,-0.7235517640599337,-1.5615021024826925,-0.12620304172086136,-0.7727203079413477,-0.8470371719564791,-0.10315935855291786,-1.1106150066748433,-0.9231209297944571,-0.11424016245405696,-0.9784281696025983,-0.8948924607745313,-0.10969570631267704,-0.8235669380577727,-0.8455490448089622,-0.09782506349810353,-0.8670895138260498,-0.4844354479369282,-0.08872291794181845,-1.1548727309694515,-0.6053708093827632,-0.05249921579878682,-1.0243759811576005,-0.613551394056832,-0.025499761608913415,-0.8740353644314071,-0.5767624221878491,-0.02099208673517278,-0.8885641486467497,-0.14388955125306369,-0.06651514369501922,-1.0857968861823837,-0.2866880378555747,-0.013790166929501824,-0.9732557276624386,-0.31162479705610824,0.03660870573351603,-0.8300601785629634,-0.2767285583332759,0.04772476532551861,-0.867750941767884,0.14686580554809756,-0.04724826893677896,-0.9779470999279516,-0.010628108079362797,-0.001646557209692007,-0.8686006143650146,-0.04325238125393541,0.05656041311188798,-0.7543487953983041,-0.023813463224665963,0.09684572299824794,thumbs_up
0.0,0.0,0.0,-0.04290736158148538,-0.5908524490564394,-0.031196331637637402,-0.13475751068607264,-1.0365990040004218,-0.1070808427503046,-0.17300502219820577,-1.4473431817926998,-0.18893273636249297,-0.10019987571060063,-1.7512570692867722,-0.2699482132434936,-0.6755911423551264,-0.9013146837386702,-0.10855258149242532,-0.9446592120441312,-0.959362217942695,-0.1497805402740314,-0.8131045394433879,-0.8724913504776141,-0.1823810551862321,-0.67249751703983,-0.807320997289304,-0.2002382900181453,-0.7929083837272438,-0.555603238418707,-0.11783636728000178,-0.9946957054867823,-0.6486165350885292,-0.10709649671219425,-0.8632414076284393,-0.5991488318528124,-0.0976415826418052,-0.7144611035276783,-0.5471818606600998,-0.10439610444333314,-0.8399371069801735,-0.21582400350336392,-0.12064602163824643,-0.9399232918083688,-0.3147044879459369,-0.07415009039822704,-0.8278176459449605,-0.28960701461976085,-0.036412180940338434,-0.6913654434603136,-0.24565929092836658,-0.03253213885152194,-0.8467862627516884,0.08369044009267741,-0.12993333869132795,-0.8917967592659175,-0.0008692831464469363,-0.07126228459697563,-0.7793227570365312,0.012517803566373492,-0.010349931108043784,-0.6653074659167673,0.036415830285251645,0.028866595908394518,thumbs_up
0.0,0.0,0.0,0.0066046227943420055,-0.5919744793972402,-0.046157692233146634,-0.057324877411330674,-1.0546045813691465,-0.11513372584612316,-0.15918847022160282,-1.4527694519195764,-0.178219985609317,-0.2014739053662993,-1.767038028161393,-0.23422205145008548,-0.6211760876914267,-0.9576575340809256,-0.14542684351285065,-0.9046813794971451,-1.05427449758826,-0.16874209074684174,-0.771545623088575,-0.978380115253594,-0.17183386321457464,-0.6304616588132653,-0.9076092357321698,-0.16946151907173176,-0.763953696128189,-0.6201711004656925,-0.1392642562777586,-0.9848065975947593,-0.7650313803770947,-0.11754529404440182,-0.8514704331763653,-0.7179099558711586,-0.09066322631203838,-0.705902503413281,-0.6519514882980535,-0.08747164893622685,-0.8293630064586884,-0.2848485494140476,-0.12449057156908627,-0.9504274549160548,-0.42080966580425205,-0.07952493000767308,-0.8348647302708626,-0.39559689732651054,-0.03143686738838083,-0.6992163420659224,-0.33883624050492905,-0.023563728100995142,-0.8507267622771659,0.01514979765766466,-0.11456613851642136,-0.8979958730779233,-0.09776374267465997,-0.07059524581198082,-0.7819602903180486,-0.07922010741272338,-0.014355192901233481,-0.6720158666933593,-0.04092776911736037,0.022058489150691148,thumbs_up
0.0,0.0,0.0,0.0230229479825598,-0.6089905825998462,-0.03245190675967632,-0.01880164626215794,-1.0845486618638644,-0.1032025598870473,-0.07231941744182852,-1.4957424233957355,-0.17968578710225616,-0.017770021216014814,-1.796724132773983,-0.2548985441258768,-0.6123718373777601,-1.0295413873868748,-0.08533104568565265,-0.8381700037473342,-1.0974173120087016,-0.11133350945078697,-0.7126254490333084,-0.9865640328002321,-0.14164096177386,-0.5740720169026979,-0.8976046416163548,-0.16256188937457836,-0.7640417861687615,-0.7022390849360034,-0.09569449632581145,-0.9085002347967432,-0.7920352313423746,-0.07537835026762953,-0.7824773931675783,-0.7179939151716455,-0.07515792846752628,-0.6463940677205218,-0.6403679159273685,-0.09276876416195262,-0.8345382490778712,-0.36576473389364106,-0.09938343434354653,-0.9188543400381063,-0.4713571862075797,-0.05888592273100261,-0.807664317874243,-0.4189885544778407,-0.02764463516217293,-0.673805207627183,-0.34877287528422557,-0.02851244570548591,-0.862609708015344,-0.061634165169061464,-0.10849604681589427,-0.9102507714895923,-0.14794964685369774,-0.06398481243176235,-0.7957157034677499,-0.11465587414562493,-0.0072766830889280125,-0.6789040818980052,-0.06892137489194483,0.03133030629470626,thumbs_up
0.0,0.0,0.0,-0.06588314268314556,-0.6073259083949405,-0.05679395372546404,-0.2414588782193582,-1.0814509891111723,-0.11044732130972648,-0.3903370523729928,-1.4180850618340057,-0.16383439379426887,-0.4702011439371497,-1.6999581180260366,-0.2183074248058137,-0.9006197473036162,-0.6834882863107992,-0.0515864395116247,-0.7329757497873445,-0.627822099766389,-0.07355143112040974,-0.5907306530008208,-0.5669704709313604,-0.1390543583866907,-0.5244635738576425,-0.5106786625792655,-0.19781996931580018,-0.9744756755913698,-0.3152596045829043,-0.06103086175051616,-0.7956617810268065,-0.29066927049940056,-0.020650656957259882,-0.6662157457696724,-0.2797173502800308,-0.05310093725532881,-0.5926885520177441,-0.26379725688198735,-0.11284396062009043,-0.9476029542569796,0.017114719655251596,-0.06768312488255104,-0.8034042047553949,0.006365206491309301,-0.04641786631863806,-0.6767278198878247,-0.01429942152066983,-0.04778121672639866,-0.5968251577484204,-0.028206060119094087,-0.07659994411507481,-0.8812042397560756,0.31580596208916306,-0.08374298132547799,-0.7711492958107748,0.2800429000894596,-0.08181762070238102,-0.6399198137715526,0.23028402715222746,-0.04985180308479549,-0.5592754642402323,0.20872909118315836,-0.028281167409818227,thumbs_up
0.0,0.0,0.0,-0.18567807755260396,-0.4841383806051938,-0.0023845280316062466,-0.47567979356000467,-0.8556076278210637,-0.06500306932364702,-0.6680009144716622,-1.182923031492892,-0.13003043894116276,-0.710513964003388,-1.4961792328878503,-0.1949330907627353,-0.7094095588436183,-0.689408867656886,-0.21134841861205111,-1.1994648292272594,-0.5182008298227093,-0.3024319739191793,-1.0527945847143385,-0.440982558964282,-0.3330150836530239,-0.8698629842107767,-0.47446740779739965,-0.34196719077223,-0.7098564963092006,-0.33474753605160235,-0.2501242371167955,-1.1846235662529305,-0.1996209930264203,-0.30845736343797564,-1.0135247868985457,-0.15778330146627487,-0.2743419422272423,-0.8306062846337896,-0.20785371531952468,-0.25217958240057403,-0.6844788183581981,0.0010267741346541499,-0.2778056876186768,-1.0653778391062978,0.08538070991891686,-0.3066367881113234,-0.9110109416835798,0.09448047172709632,-0.2149715591869981,-0.7456130909019715,0.04476914129866022,-0.15860559465617513,-0.637311421481178,0.3035686161867279,-0.3051438085226003,-0.9105096944473408,0.31661190628307506,-0.31402830796406955,-0.7856783671232678,0.30279805638187857,-0.23206108693190217,-0.6517814611996052,0.2727967001325409,-0.1710168448130891,thumbs_up
0.0,0.0,0.0,-0.1060999154139191,-0.38722698260874067,-0.21835549570613486,-0.07601842982848173,-0.8052367641200349,-0.3162878538421512,-0.00028027946766431914,-1.1004497185088546,-0.36999408269574496,0.1295684036471626,-1.428621325562359,-0.40103027021791393,0.21569687037011046,-0.6404502619241219,-0.31724998917759345,-0.21321922446187608,-0.4183158761930855,-0.43099209152953355,-0.20376563158378164,-0.4514152832395576,-0.48540810431737896,-0.0710781968869204,-0.5401218908114483,-0.5322512701396723,0.32208720694295806,-0.3030374228611154,-0.2800174011627544,-0.24251242404450757,-0.05110367495617212,-0.36677797568458964,-0.16801033072200802,-0.14254116339392384,-0.36951492619901016,-0.01781403436750248,-0.23890751378606187,-0.3905924723012285,0.35386942342099886,0.037551302187464726,-0.2556393107865071,-0.1873431601873143,0.21724547589375134,-0.35749241219130384,-0.13129833031764773,0.13304116459519638,-0.27905618779924524,0.014571151754789874,0.038521831309047974,-0.22736175932693525,0.3364211045869619,0.3505368022067972,-0.2591957214797217,-0.07624923013573601,0.44225825799994567,-0.3758792216222486,-0.05542618670255222,0.36314200247622674,-0.3570772559129255,0.05708327759032197,0.28865404605670153,-0.3298638329338958,thumbs_up
0.0,0.0,0.0,-0.0127105973515343,-0.48959300131334965,-0.2152059854791363,0.24066071521163654,-0.9925585570791716,-0.2914210289037553,0.45426899644781565,-1.3373167060586353,-0.3484168966458878,0.5487801342453997,-1.6664642389425577,-0.35914770623351755,0.8173665903327544,-0.88265461940435,-0.056456580045269815,0.8431417363905662,-0.8024369902572529,-0.2264243502952558,0.6043777239673759,-0.7022837317299252,-0.3047207723293475,0.5807501096869004,-0.6852518648099535,-0.35012286134551296,0.9301198364132591,-0.5568015568222684,-0.04111831664817897,0.8052219748109681,-0.4089853450003528,-0.2226558106518787,0.5087836311594139,-0.39392199215329926,-0.2470008571013914,0.5689900759255564,-0.4383660301467703,-0.22608792633932917,0.9063901207804539,-0.2122796023045276,-0.07352825053931382,0.714646503807856,-0.04833001546314242,-0.25759151131183344,0.4632215833579319,-0.11394715122708098,-0.21691499194821626,0.5356716819576204,-0.19275918509043807,-0.156943890799194,0.8257184809533303,0.1144052459612006,-0.1326265925192884,0.6099122979393322,0.23379371859177664,-0.25948706546006595,0.4161419691229882,0.12610946431660436,-0.2590979954943443,0.44797614976589023,0.012444793497635774,-0.2334711941930216,thumbs_up
0.0,0.0,0.0,0.008601494300970593,-0.5125361326130742,-0.23534368470214048,0.2883607318688125,-1.0027797065599646,-0.3117670824296159,0.5110680010778459,-1.3296308009427025,-0.35995901564401644,0.6325911755319786,-1.64093442147962,-0.36486224696215086,0.8249160510810006,-0.8616406734147507,-0.0846035059958268,0.8081738758647838,-0.7100871155258127,-0.24308268728275287,0.5581285680949457,-0.6489838294841777,-0.31711450442839556,0.5614019076234785,-0.6972326976857611,-0.36811418586903755,0.9309365529907029,-0.5171727117410415,-0.054854269616680544,0.8112246311499034,-0.3708225049992411,-0.2409044240084803,0.49918143357416905,-0.3797507643476504,-0.280851851069493,0.5563535832017853,-0.4472257910314001,-0.27524911054310014,0.9058008895156827,-0.17379704846312333,-0.06857334035097935,0.7389985331235235,-0.03301855912433266,-0.2601754726835074,0.47405857047097455,-0.10454205896383656,-0.23029160461579704,0.5449015172084133,-0.20361480349926878,-0.1797400695262602,0.8279547171260626,0.13809610030954336,-0.10734443324179334,0.6272370644500054,0.2356000881645621,-0.23686732896101556,0.43160258165227783,0.1476195769478467,-0.2367706594862904,0.4768198951264802,0.040928477780832674,-0.2148634231240743,thumbs_up
0.0,0.0,0.0,-0.08187285059511969,-0.5509419478990035,-0.07275262349690734,-0.24698509616624179,-1.0710407974218719,-0.1578260018197482,-0.3719331920217859,-1.452698294610926,-0.22160889168922396,-0.38527788130033064,-1.7890455344496803,-0.2930895265696931,-0.14923198659588438,-0.8976443900227533,-0.3797520005423599,-0.6233718809724175,-0.9658641203555669,-0.4954541844601656,-0.6926298700996241,-0.8777754098235563,-0.5115568663340703,-0.6464001392505639,-0.8177111287217421,-0.5132202027936668,-0.15313307371124996,-0.5403067272513923,-0.4021649800863909,-0.6755805858085762,-0.6001053674615319,-0.5060399825514166,-0.7226883693472567,-0.6023010126666876,-0.48199053872561964,-0.6500550977562465,-0.5869650436627935,-0.4828825837753523,-0.1800073054661543,-0.20061980630545076,-0.4149020500573037,-0.6402869755346813,-0.2568192862899889,-0.5225076211207292,-0.6554908087342115,-0.3069103950489582,-0.467482900324341,-0.5622142274376024,-0.33952671484116875,-0.4344121925442611,-0.23381122493530737,0.09771613893079444,-0.4256188714105244,-0.6282413934518906,0.048887509048752914,-0.5239363822955061,-0.6379164044330748,-0.02500242196666117,-0.5042342406653554,-0.5443156453988165,-0.08475176799071679,-0.4861268429771861,thumbs_up
0.0,0.0,0.0,-0.13493184129967375,-0.5407998189953354,0.0065149594254158266,-0.37998021213833216,-0.9595414260756361,-0.04189054222711359,-0.5635615700075811,-1.3072960751549063,-0.09499753205199522,-0.6556935793280674,-1.605533761290726,-0.1476665494927198,-0.7602362080715741,-0.7895860887786562,-0.1458153703810672,-1.2166144584852732,-0.7178871832312215,-0.1965889516867936,-1.0916993914305533,-0.5985637982280357,-0.20542889441879728,-0.9177959179849533,-0.5877395457668857,-0.2021099445292025,-0.8121961761363055,-0.4485095216307416,-0.1746378167594598,-1.208650199032524,-0.3970875237247281,-0.1915950554163722,-1.0550330468344926,-0.3118985719160418,-0.15567161213415165,-0.8824527080307164,-0.3247791743422715,-0.1369359863825665,-0.8182487762369808,-0.1046514081923208,-0.19195275065921705,-1.1591590363429587,-0.08489887327851568,-0.18609650705158318,-1.006514972098901,-0.03659870609263159,-0.1034242458021111,-0.8410551547154066,-0.054347886157445915,-0.06117945703816104,-0.786318172837203,0.20816411869289014,-0.20757502229435643,-1.0317776044776297,0.19974347366803363,-0.19600306365789508,-0.8928202262676795,0.21733715490537667,-0.1161126319787438,-0.7531446247738935,0.2016617574096186,-0.05732365376604065,thumbs_up
0.0,0.0,0.0,-0.07706033840492693,-0.5696189662989173,0.03767491933231853,-0.28532135047076196,-1.0276179712230122,-0.0007622552946594709,-0.4591539234402478,-1.423765388291631,-0.04819752040454526,-0.53409065587041,-1.7346046830365012,-0.09385037409605633,-0.7381544988812565,-0.8741407030572547,-0.13221694324641153,-1.234486718472872,-1.0996046750199926,-0.2046806072116953,-1.24444596938499,-0.953162722928182,-0.2013780219183578,-1.1061138258027674,-0.830551912115207,-0.17474755037469994,-0.8430429760418443,-0.5457241990541656,-0.17438701812822677,-1.4065945988269328,-0.6461181093864935,-0.21930048246775263,-1.324255807395689,-0.5187167637689744,-0.15777501119846402,-1.1458053476078247,-0.47053617980355905,-0.09866007711645577,-0.8708700424497648,-0.20358879296195534,-0.20531867645766877,-1.3367515181625336,-0.16663997922698204,-0.21575022952759387,-1.2101712334647305,-0.11322562339108957,-0.1142093539248525,-1.0395928784373856,-0.13487560936643847,-0.04360899189812617,-0.835444677404313,0.1162560781047834,-0.2304454372123975,-1.1449292395041135,0.20065270484939565,-0.20960766528790858,-1.0408239336430898,0.19511510111920635,-0.11750080244009688,-0.9006412753105966,0.13491063939261705,-0.0445798715259463,thumbs_up
0.0,0.0,0.0,-0.16711935089842056,-0.517017435744917,-0.08356649232018384,-0.2858653869042519,-1.0538203119660587,-0.16125827154115285,-0.31339736996558143,-1.448481244491154,-0.2246788000241903,-0.25820317056383835,-1.7783300829884094,-0.29570373106874254,-0.13662305804624802,-0.9540222162724965,-0.33843846674493916,-0.5503267674253042,-1.0231760874661062,-0.47332579067447234,-0.6376892546237676,-0.8645686501160227,-0.5093393412604549,-0.598357468614457,-0.7825584167564273,-0.5256889606892555,-0.10978364888445757,-0.6201100994678199,-0.36802070564025857,-0.5842515348322345,-0.6665172257777254,-0.4787844016912589,-0.664426146819715,-0.6004682495300725,-0.46019936142012974,-0.6106711921175926,-0.5696684129581887,-0.4638771158283137,-0.11907395672393517,-0.2755949901567959,-0.397427713988913,-0.5672370578171357,-0.2841950616171282,-0.5154954099247462,-0.6110976226237216,-0.27507405704045984,-0.46383837977607334,-0.529052326458219,-0.3051325657160192,-0.43310942016184495,-0.16086948922832736,0.04156311619094995,-0.42911347079005285,-0.564897867765896,0.06362396580481171,-0.5328606819646597,-0.6128761417119304,0.01852117587465531,-0.520650226773208,-0.5510443861862055,-0.04363749857471886,-0.5088654507420444,thumbs_up
0.0,0.0,0.0,-0.03158527504902404,-0.4686223743726607,-0.1886443653495046,0.19418966917187114,-0.9414336579888346,-0.272148290812961,0.39928157133606684,-1.2577609901043516,-0.34539410158509004,0.5138190101757926,-1.563043576377971,-0.3852952997497317,0.6208966623313229,-0.7242260881810968,-0.1258992567512661,0.7973227274328902,-0.7594980184503821,-0.3379629817756722,0.5388528450041609,-0.6481678105359954,-0.44428597737173037,0.4095819296724283,-0.5940980203220788,-0.4966149575623904,0.6901987240107512,-0.3720443218189141,-0.13342291695094438,0.8117656437461562,-0.3790156906788452,-0.352128136394261,0.49503844547989595,-0.32112572592443656,-0.39702277553542636,0.4222628060446162,-0.34028263523279745,-0.39037707620916723,0.6745859570730788,-0.041932676461943534,-0.18068651873987537,0.7640286818088905,0.021758114718040455,-0.40440136102681296,0.4691170184864694,0.010271994128436764,-0.3627572557900058,0.404223861614458,-0.08247481492562751,-0.2950102099243027,0.6106855474784317,0.26858068483895986,-0.24519068384878534,0.6033530538249228,0.36670977529922283,-0.39474313203784434,0.4034573361905418,0.3187569686577496,-0.3737708701841809,0.3602434277023412,0.2063793604799972,-0.3334231951734563,thumbs_up
0.0,0.0,0.0,0.01557139352666516,-0.4934414801681699,-0.16790931595791847,0.2774621288746362,-0.9612702149539116,-0.25819486414994114,0.49192241157857114,-1.2811338442918616,-0.3454995976185216,0.5984611096250203,-1.5807469877016036,-0.400071774613797,0.7395486489621025,-0.739517048723983,-0.11799269577016983,1.0451786281871103,-0.8275101689274302,-0.3161168779946147,0.8177223713632445,-0.721747933874773,-0.4149718511770796,0.6629218334555691,-0.6589793275568581,-0.45852643116260583,0.7850454679878776,-0.4012064041904988,-0.13398336849792494,1.0908665534148458,-0.46269143893146697,-0.34542868517940833,0.7931960722628275,-0.3917142945687164,-0.39095597586337005,0.681822537784104,-0.3892938668060917,-0.3770200592439595,0.7661139158078453,-0.07211851486815982,-0.18558703934465062,1.0485071866023579,-0.050619819534233924,-0.3863451155236,0.7979579271927784,-0.029595127772099637,-0.342391864676799,0.7125266834368715,-0.07293485435291203,-0.27061822502644867,0.7023468924426803,0.25066964126908214,-0.25270107810938147,0.9006805202929943,0.3280435766911537,-0.3746198518717981,0.7281755727855915,0.2951387001693536,-0.3340115238492709,0.6449563456980454,0.21771736439010295,-0.2793825416640427,thumbs_up
0.0,0.0,0.0,-0.02749567918357735,-0.5031102797950168,-0.2127523514196146,0.2042636538590704,-1.0407623750228168,-0.2873646755530393,0.40229682735566247,-1.4183860155950134,-0.3429440531702173,0.46449018492859573,-1.7583061646982505,-0.35898249272806226,0.7675725684149243,-0.9382077799183292,-0.06264546607348938,0.8153950383598211,-0.8284600689890076,-0.2283378394967979,0.5617672441719302,-0.7415345712863403,-0.31095484696759945,0.5295859853301417,-0.75874329533612,-0.3639329838913161,0.8885916746027176,-0.6048249916102006,-0.04802426962875977,0.8530064656989919,-0.4786204136910433,-0.22814126945652188,0.5232456740759852,-0.45215762943729226,-0.2597109630414085,0.5399003981868589,-0.5164216223503932,-0.24828824746434705,0.8872825872835242,-0.2599915252645375,-0.07748099616577443,0.810991304151578,-0.14131197858550626,-0.2754261181961291,0.5174496717997044,-0.18207862132016672,-0.23572823199448306,0.5426356719376967,-0.2741516344901622,-0.17291489266594048,0.8306865672857481,0.0576216467068296,-0.12852699773404982,0.7266419869228324,0.10901604337152436,-0.251285126689251,0.5186941527120282,0.045536210721801994,-0.22847535524329474,0.5327767342494096,-0.035559366340978,-0.18851171210120363,thumbs_up
0.0,0.0,0.0,-0.01696362681921034,-0.5003106780788086,-0.21231602325342747,0.23579498818745853,-1.030469020713141,-0.28094265883250696,0.45488445775075603,-1.3970212917123177,-0.32955734250754326,0.5321779981605621,-1.7293429908438598,-0.3384680604287664,0.795539599179781,-0.91383535257447,-0.046363220118312155,0.846169083439878,-0.7819519289117407,-0.20810908829304692,0.5945004412568886,-0.704365756280796,-0.286782356745497,0.5624177570123869,-0.7364122724979658,-0.33463458346935365,0.906360078925495,-0.5809785310385424,-0.02811238527949908,0.8736197941840524,-0.434401846272291,-0.2024240934657142,0.5440756351514644,-0.4160704104194437,-0.23361127225224299,0.5546523171441368,-0.4978183721954028,-0.2207491973450265,0.9074771777696732,-0.2399230753070047,-0.05473057957423834,0.8353803252869422,-0.1054741877055849,-0.2514316292188741,0.5366636555503198,-0.1427864399020086,-0.21507858752856432,0.5526334836185284,-0.2458357257751241,-0.1527350164475217,0.8597090776718901,0.08252393036234931,-0.10249215504209093,0.7676737781219125,0.1452343577518709,-0.2264336912657307,0.546520264998842,0.08302370674002436,-0.20536960425410153,0.5461158406932234,-0.009651109293228115,-0.16457670602114516,thumbs_up
0.0,0.0,0.0,-0.036799093342153665,-0.49750740884175476,-0.26224323534887417,0.21826665692553748,-1.00094735334662,-0.35399284109016727,0.45410280883693965,-1.3453177352917576,-0.41377206247372056,0.5696240851832629,-1.679231495469445,-0.4285128367012947,0.7727996312744787,-0.9131550798985625,-0.10135864504092305,0.8026287258203179,-0.7333711614937899,-0.2731363953008943,0.5568514365621108,-0.690030692621622,-0.3473317270529953,0.5405897296103555,-0.7540530458792667,-0.3916216816975996,0.8936916870333824,-0.5756158812600852,-0.058320699819704946,0.831930970934663,-0.38788051419354935,-0.24936543500904224,0.5059808362160769,-0.3918071254418341,-0.281220292002037,0.5531764791254795,-0.4876758626709925,-0.2657479459377224,0.8971133670853817,-0.2343611358605166,-0.06264556210384621,0.7883859318672154,-0.0685350743511355,-0.26979510747965413,0.5008998645801426,-0.12795053928254158,-0.23344825531697105,0.5516056722688678,-0.24331919976889424,-0.1707420870099334,0.8508001360897449,0.08375931816968682,-0.09254932198044642,0.7183498642975398,0.17515348827034702,-0.22896298275414648,0.5123200769102791,0.10027511429256335,-0.21963593651809737,0.5390651945836283,-0.006118434769138386,-0.1863248487209438,thumbs_up
0.0,0.0,0.0,-0.02613607190636109,-0.511973870716833,-0.253120723706664,0.258656196408281,-1.0450792143956686,-0.3344323927649223,0.5069760691903955,-1.396726636995363,-0.3901022896512644,0.5961675387639531,-1.7312615599788639,-0.4003027976810791,0.7971773828156974,-0.8612150073724828,-0.05124321979257594,0.9725405690513949,-0.6716562634859539,-0.22786895338796692,0.6826374921373781,-0.6379215280211211,-0.30437636146364083,0.593059419419562,-0.7059415898023901,-0.3395971824214588,0.8530105239417993,-0.5127249853971069,-0.011184453626037857,0.9639103973234069,-0.34263999417708935,-0.20626179393356095,0.6128220623477172,-0.35586352106521346,-0.2384695266358135,0.5995365090210637,-0.46223716378865504,-0.21644001121202916,0.8312791788482657,-0.17828777529622067,-0.022311542154079357,0.9103263518519259,-0.0493552018473601,-0.24048294306595364,0.5881100494958119,-0.10142342312245138,-0.1967144354534746,0.5674705396558438,-0.2153736377961213,-0.11716709463192994,0.7828399290657645,0.13867497268417708,-0.055046534433874854,0.8265549733931498,0.17263827132660445,-0.18626956555988164,0.5884694629683864,0.11523067827454396,-0.14742626517463656,0.5488999938955894,0.028947653893947205,-0.08691856496903527,thumbs_up
0.0,0.0,0.0,-0.1285720230884838,-0.5789710250727671,-0.23604473423096473,0.037578769277606984,-1.1230524732404343,-0.3203639281594886,0.19710488554219893,-1.4531987554287285,-0.36453076630073067,0.3292660632104467,-1.7790303193564534,-0.3729016384971259,0.5803900696865862,-0.9062191657106351,-0.22105126822679746,0.2567426005123046,-0.6618810717095066,-0.3573261071279932,0.10332454584632544,-0.6503469125614729,-0.4217108862339433,0.16554039752350888,-0.7352691233288801,-0.4731582458786363,0.7107003195976787,-0.544309317940437,-0.18630234897757642,0.26097505531699994,-0.2927904468761044,-0.328180293248636,0.10686269708344784,-0.3545826417555389,-0.3574100672676441,0.1791632258161726,-0.4607057903706833,-0.37608574838603237,0.7245263386263501,-0.19918121516844792,-0.17852571456688296,0.27805459402547117,-0.030633265698201198,-0.3388736170483219,0.13946946308805605,-0.09779232843882765,-0.3150213023104494,0.21571205662624246,-0.1982203780038446,-0.2870685399072287,0.6789507388032731,0.08859774197583836,-0.19604897464413729,0.3256530522284794,0.19894511905009077,-0.33783887131008217,0.20753589174696802,0.15168887682351662,-0.3521356686723201,0.25486863898750456,0.07132570678062293,-0.3433077201492274,thumbs_up
0.0,0.0,0.0,-0.17778066504077955,-0.4848662196236484,-0.2516674542812934,-0.10456782694990951,-1.0072596201360573,-0.335952122008469,-0.01520563367404081,-1.3470080729203333,-0.3712437289666339,0.06154299323221328,-1.704064948248704,-0.3767331182945036,0.3484565005183579,-0.8718838777869001,-0.28343710265490013,-0.00970956427045905,-0.5894506725397745,-0.4121785649222138,-0.0760155009673724,-0.5938438861843257,-0.47772609035662444,0.02038976828289321,-0.7025104096629508,-0.5311959894216923,0.5002761151683496,-0.519032580198637,-0.23033517679747892,-0.016249110982297907,-0.18186273560327848,-0.3371080719988993,-0.0344410848739,-0.31527423880085303,-0.3508370625662914,0.07278610495797885,-0.48282122577901404,-0.37017538693211544,0.537082045808383,-0.1712157835232774,-0.2013416565551852,0.02425886813528504,0.08210060460262585,-0.32952739837581313,-0.010183008451291935,-0.03948983661498915,-0.2711506125849621,0.10274688779285995,-0.177908130781773,-0.22338807124414445,0.5079375187434664,0.11199092500925589,-0.2024668781973403,0.10222119057534651,0.279425488787286,-0.34996424882196536,0.061994269458090785,0.20904302351661258,-0.35825155075027565,0.14888315233108,0.12492830186375453,-0.3400649209192432,thumbs_up
0.0,0.0,0.0,-0.07296315798707549,-0.5293509573635202,-0.1899210009623408,-0.059638449992529,-1.041804541970406,-0.2761931979803393,-0.0074372212756372335,-1.4143283805796838,-0.3278798311312084,0.08448535918651509,-1.7401969337498362,-0.35287931582994514,0.26022300102448126,-0.8992154213815198,-0.24397921932984945,-0.2570253569791549,-0.8476092606424784,-0.39471323882827203,-0.22856591121166994,-0.7618397282091989,-0.46723366924902016,-0.0669440190606772,-0.7562178028002532,-0.5045532145432255,0.3064111092016028,-0.5678084479168861,-0.2252695598998375,-0.3160525645797706,-0.49128466194097886,-0.3523948592157083,-0.21587576685722054,-0.45002410781558944,-0.37126179601502407,-0.032976244931851355,-0.46915430201123776,-0.3888241769847374,0.29855861924862875,-0.2222627796662596,-0.22947913923429913,-0.2918552649924518,-0.19510706690208024,-0.36898889118069433,-0.19190001912764754,-0.1916547698725537,-0.3397178095540395,-0.029535232377252457,-0.2061177052381339,-0.3061778580809075,0.2476979861531395,0.10064096579123992,-0.25539539348361484,-0.2008313048837031,0.06692671619912151,-0.38281991945964994,-0.1320411457248655,0.045556177581174216,-0.3962926891689761,0.018813476599346138,0.04270195772281212,-0.3849309626067365,thumbs_up
0.0,0.0,0.0,-0.06975991171091625,-0.5599438693902253,-0.17029250582134858,-0.06942446940456069,-1.0627439330916773,-0.25730478339021245,-0.025836612596277873,-1.4320712008939767,-0.31345715968914983,0.07030538320908902,-1.7578869174576823,-0.34646399324015714,0.24544328666049986,-0.9098698794735816,-0.25433387136441304,-0.2573752868078569,-0.8556574164619695,-0.39756393506538984,-0.23370129493667535,-0.7823693165287999,-0.4565566870365343,-0.07289448407368473,-0.7926584804257737,-0.48475428650782404,0.29236214601094856,-0.5655088874726916,-0.24425055779606503,-0.3123009424708195,-0.5021684651246203,-0.36402926623544174,-0.23087874435887273,-0.4866829674818954,-0.37188175153202524,-0.06237564796695403,-0.5194271228867517,-0.3854332854553586,0.28550446624790937,-0.22344612857075116,-0.25282863067719424,-0.2941866801772744,-0.20876523916286555,-0.3837517770134065,-0.21569620249283378,-0.23032722885518003,-0.3478068248884247,-0.06656641029432854,-0.2544813414148502,-0.3142830163808952,0.23549334257333163,0.08974441596253162,-0.28026182871599004,-0.21341232390699402,0.04934175006324662,-0.3923389867310053,-0.1653911890498499,-0.0004465009077840875,-0.39712805838605875,-0.03161014886918142,-0.020235330480692044,-0.3851428898776437,thumbs_up
0.0,0.0,0.0,-0.12689355124231286,-0.5167091640075563,-0.013848367978333921,-0.4130260974656162,-0.9976539565209364,-0.08132879894984185,-0.599265029092729,-1.3653494215804391,-0.14525650430638978,-0.618496772315376,-1.7023916986397432,-0.20771455562231686,-0.51132265028525,-0.8526940558282782,-0.2777493254875887,-1.0264999237671042,-0.7327438057163226,-0.38101182235977676,-0.8880267593181994,-0.6944794943298198,-0.3949627720774445,-0.7174194084999598,-0.724300101293822,-0.38920564263223145,-0.5153848695449692,-0.48420335505610207,-0.3184974212526878,-1.0214923552393729,-0.4160291008336393,-0.40562628069951867,-0.8589105876724216,-0.39696760835058403,-0.36463386139320714,-0.681473070086263,-0.4110431340126519,-0.33755101904418944,-0.5201551854291405,-0.15074183548756442,-0.34765871849772306,-0.9431510197529949,-0.14266499394908724,-0.4098211765436669,-0.7987582553950194,-0.1434192230320094,-0.31449707806821814,-0.635489626779737,-0.1607840662091126,-0.2513848314204609,-0.5249009705615857,0.14246435436780505,-0.37509082657770676,-0.8475371060064536,0.07936027700956859,-0.41251493683442636,-0.7264441622208087,0.07389687585647899,-0.33910181106329246,-0.5839863982042136,0.0821245632115406,-0.2828222483314858,thumbs_up
0.0,0.0,0.0,-0.11674332543801463,-0.48782291146552725,-0.019752787068862836,-0.39729228332641603,-0.9666561493058136,-0.09290282978222322,-0.5771955096836177,-1.3296096035697411,-0.16091535986583108,-0.5747403558504368,-1.6721618813520498,-0.22771591696080956,-0.46329093322622245,-0.843273259134514,-0.2920196078725626,-0.9845735562633663,-0.7150698928327968,-0.40705633787860357,-0.8524013023030236,-0.6709321818737003,-0.42484895869045974,-0.6838096049960687,-0.7010134308011625,-0.4216423713035855,-0.4590775444112977,-0.48494830231531727,-0.33511979628609945,-0.9816819225881991,-0.38579602006918756,-0.43782907229847395,-0.8209899670852928,-0.37419471187073416,-0.3994708706163834,-0.6453504786700168,-0.400710952827384,-0.37374176491004585,-0.4567096865465141,-0.14875885017975626,-0.36807581283674334,-0.9013000846671554,-0.10988352855209262,-0.4510507439933135,-0.7548044096348931,-0.11865804115979009,-0.3597181747005363,-0.5897907603604199,-0.15036495110869164,-0.29618878272838983,-0.4588167431779117,0.15101912753576816,-0.3986152524033114,-0.7919229451765539,0.11749312898399934,-0.4588616050992481,-0.6696452002317275,0.09826628250048787,-0.39717885338804454,-0.5268481938023878,0.08594269977512939,-0.3465827802192761,thumbs_up
0.0,0.0,0.0,-0.11322890015748768,-0.4836703291773819,-0.028767348091593845,-0.393755718100195,-0.9668229310754773,-0.10069021052230634,-0.583850197686429,-1.3186196974492468,-0.1657756829318662,-0.6021297869937523,-1.6505052055103202,-0.22744736859157624,-0.45012894615034227,-0.8565938248616716,-0.2871796358919861,-0.9708509789201621,-0.7210371257109797,-0.41412491114027344,-0.8325853923916182,-0.6737475271854477,-0.4386944998555826,-0.665119339252138,-0.709472149587726,-0.43655981991483217,-0.44604041278206913,-0.49732277593019253,-0.3253317574755117,-0.9626083861997284,-0.3840665132739387,-0.439651467246642,-0.7971473561606279,-0.37368100486065875,-0.4036979539418559,-0.6248806246191969,-0.4049995448958246,-0.3766051648057824,-0.447078027537913,-0.16216528906928956,-0.35653222922858374,-0.8836603766017244,-0.10691608366582678,-0.4501802687455659,-0.7322219071145349,-0.11175204528987089,-0.35868756605573826,-0.5691439346982419,-0.14565490132692696,-0.29167525393557087,-0.45579586365796987,0.13847656579534628,-0.38618874498630806,-0.7862135176733889,0.11905135186862834,-0.452808823787402,-0.6586542288528706,0.10656973203670748,-0.3927910279122849,-0.5149838287522488,0.09540871280313339,-0.34055426260736144,thumbs_up
0.0,0.0,0.0,-0.11966643343365713,-0.4791464329718028,-0.0343784209627564,-0.39797308345314497,-0.9597844902432011,-0.11236009938744995,-0.5818339866827212,-1.3176563323333454,-0.1816785795155754,-0.5867269222514138,-1.6541246767222149,-0.24686828109152778,-0.43059508168501986,-0.834413030862898,-0.3092096689843683,-0.963934526990806,-0.732110036541719,-0.43458640877295857,-0.8276326224561188,-0.6858682265899053,-0.456144130812827,-0.6589042768792254,-0.7154042813855566,-0.4536488192518247,-0.43057760171275894,-0.47208816583929336,-0.3456606687962181,-0.9689312498947974,-0.39901241347049005,-0.45975465549992145,-0.8084210404431409,-0.38665844307511027,-0.42253815580909987,-0.6305776176643739,-0.4074261067853956,-0.3957616605926135,-0.4378529118341744,-0.1367968062493235,-0.3739420348537789,-0.8929388913210479,-0.1160575474939621,-0.4648156537185805,-0.7467953982373942,-0.12534378275755675,-0.37332880192067347,-0.5781722966601548,-0.15511654551090753,-0.3077635654458689,-0.45524985422681924,0.161037886114282,-0.4012401752320455,-0.7930109882308165,0.11552222334347254,-0.46703998018877807,-0.6727396749237151,0.09132921340223148,-0.409948615475048,-0.528441411411851,0.08024399766012084,-0.36175958668620906,thumbs_up
0.0,0.0,0.0,-0.14743502139124243,-0.5261173892131997,0.003584093225525947,-0.45908441628617963,-0.9432627873159637,-0.03589863047651387,-0.6524198596978086,-1.298333591413663,-0.08187522994293149,-0.6454685904660029,-1.6204950322525102,-0.13161480203961845,-0.7783139307500142,-0.7802563010608735,-0.13113181495136209,-1.141536825593999,-0.5569197505560883,-0.19448010689427656,-1.0026591148010895,-0.49174329927031335,-0.22374204987632043,-0.8448092013101504,-0.5440904971060074,-0.23766770653877087,-0.7883903741851414,-0.42906741129124304,-0.16766248839138914,-1.1269499707804176,-0.2712139649332416,-0.19958702079578297,-0.9793298271551101,-0.2256696559127362,-0.1745235149501719,-0.8185723640718879,-0.27258895679389356,-0.161726487871825,-0.7659750392481822,-0.08997293862273265,-0.19637794099973158,-1.0206912215738377,0.0001469672697921923,-0.20969431057644797,-0.8820569253215215,0.02360167169648365,-0.1438525541815822,-0.7328385126372238,-0.017315994619217578,-0.10791770981182366,-0.720457226730644,0.21355898762312955,-0.2259145864762894,-0.8917949200920792,0.23676921764910902,-0.22207988008434076,-0.7599684586688388,0.25073464114642957,-0.15602345785460123,-0.638008235090518,0.22071940258502418,-0.10634691983445262,thumbs_up
0.0,0.0,0.0,-0.15086437344288028,-0.6192262398498745,-0.09409540624417688,-0.21106340664337575,-1.1898217678364251,-0.16705011469347045,-0.16283549861545188,-1.6085622980323584,-0.2280063679006401,-0.03447386384493447,-1.9157125114552538,-0.2775834554276641,0.03769731860568025,-1.1506521670764405,-0.21069367557459742,-0.4676979227969496,-1.031868046890509,-0.3425784144632859,-0.4152255546932963,-0.854969574031867,-0.38478380777341376,-0.2554168879494459,-0.8719310290940228,-0.40280048940860297,0.0821252162135446,-0.8043944802647831,-0.2366959005766892,-0.4888488791064454,-0.6859892687714734,-0.35224453309069037,-0.38799533270190684,-0.5847380389192731,-0.342502056681141,-0.23108173318519665,-0.6255994157879369,-0.3421968602369994,0.0887318818324659,-0.4685106990105825,-0.2741426402074346,-0.4486903607946361,-0.37964193214591724,-0.38356084583205863,-0.3456319754300576,-0.32398263471405014,-0.33216284175061006,-0.18497503111758987,-0.34926984023840957,-0.2963323098395085,0.06333987903906606,-0.1571242181323387,-0.32134932957088574,-0.3608187041021765,-0.11044812894825158,-0.39147444775124046,-0.28035488303006467,-0.09731808935094928,-0.3670599696469479,-0.12368467261050704,-0.11505033344728521,-0.342610246207058,thumbs_up
0.0,0.0,0.0,-0.07004802691242766,-0.5634092124632657,-0.21251721929377745,0.13309823252809874,-1.094993943496317,-0.2943745316485287,0.363209101495916,-1.4455667209722096,-0.3552209522936862,0.4793384387199079,-1.7887269001848125,-0.38816451019301224,0.7324854454706043,-0.976210855027041,-0.09279073781093926,0.6740117492757699,-0.7734144866513524,-0.2845617966948011,0.44140071974136497,-0.673312788486622,-0.4099227961160018,0.3448726742130416,-0.6621869096972013,-0.47990544945579583,0.8723474172450401,-0.6438997628459942,-0.07445919365417142,0.7349404323081637,-0.4085520266729985,-0.26911027668200016,0.41769026138517146,-0.36735194311808034,-0.34515437178308905,0.30893327673860765,-0.4032141345829022,-0.36223802375906283,0.9100535181947467,-0.30767005500686917,-0.09345692197965007,0.7360361005722333,-0.06352001239756602,-0.3121450809746485,0.4277352560400227,-0.09611326856179028,-0.31718056574916975,0.3338519270111778,-0.196376770810495,-0.27166243837075343,0.8812647113552379,0.011943933955097883,-0.13040513737406287,0.737674674925171,0.15651957901851074,-0.2721033698997183,0.4879148765110736,0.10940748634457219,-0.26220991257224396,0.40367572795951917,-0.0021716243554723426,-0.2201379760470785,thumbs_up
0.0,0.0,0.0,-0.02350037294190085,-0.5735507472839247,-0.1920313330831982,0.23024361423314077,-1.089305518267964,-0.27851874623186323,0.485385960726104,-1.4211307497015138,-0.35355067648884064,0.5967836980243723,-1.7704065737582815,-0.40599163103615754,0.761552005514606,-0.9285916764126667,-0.08460347432182085,0.906286076854678,-0.7533292041460501,-0.28872659133066203,0.6747036263097455,-0.6438310271303627,-0.4229024190059585,0.4786572730766353,-0.5950799598054363,-0.48595866009892535,0.8518622082498919,-0.5748550775052064,-0.0747036365176495,0.9712101488016862,-0.3765692789979909,-0.30291368957023834,0.6180083942971323,-0.3140295779052303,-0.3863366383870083,0.3758420631404906,-0.332729291004914,-0.3868035489242231,0.8710079125694186,-0.2469048800359406,-0.10003655918393935,0.9324106379798716,-0.05511916632856453,-0.3397254339156058,0.5869278959224261,-0.0652898365064153,-0.3400582289838457,0.37097756703082985,-0.15298792819008694,-0.27337170454826787,0.8417665888189005,0.06677877431192596,-0.13754954546633325,0.8851071011518438,0.16384958283040238,-0.28994427891530344,0.6154687460355892,0.13860147640416517,-0.26384411467441576,0.4493477997973598,0.04250115168128519,-0.20031744504047513,thumbs_up
0.0,0.0,0.0,0.051241933177352775,-0.532993073706258,-0.16804162181193252,0.30992465994049084,-1.0249840280899019,-0.23531197596408648,0.5850531483491181,-1.3330049716135004,-0.29776116013700044,0.7854670572066677,-1.5804694693296644,-0.32898247627973337,0.7660599589126791,-0.8905171668370079,-0.03340412393033019,1.0500715254428117,-0.8306102023524193,-0.23038859654065758,0.7793282007433846,-0.7143306817871937,-0.34564704184648626,0.5628123732936172,-0.6579078072109561,-0.3921143962442293,0.8106002139352152,-0.5348138577878087,-0.03542713929783838,1.0980194608063052,-0.4789463503111636,-0.25810928289917096,0.7216986140967231,-0.3961221065524426,-0.3240924678030397,0.4929768241678201,-0.3978823220744739,-0.3084865125308858,0.8069530548281584,-0.21153243273731476,-0.07566101341779924,1.0388616828117712,-0.13149434271648336,-0.3050783371584326,0.6812630437616128,-0.12071220729804855,-0.27505231824221393,0.46354050424142174,-0.1794310961920655,-0.18671372937200387,0.762286071742628,0.10508272347008146,-0.12703433377810935,0.9522542336430732,0.13699210427285408,-0.26750765968858703,0.6957631569105425,0.11913183380659012,-0.21748785735678564,0.5216387983563636,0.04622312915318114,-0.13705251912010674,thumbs_up
0.0,0.0,0.0,0.02315218786666344,-0.5432043892380264,-0.1722764124597694,0.3100782426156572,-1.0659772735418214,-0.2317110167085461,0.5910565641761938,-1.3769747533646595,-0.28125804971178514,0.7323348988931406,-1.6667946001676792,-0.30085134662492935,0.7357730126770986,-0.9247470761207188,-0.06914685577078454,1.0325653616397228,-0.8306099655110079,-0.2631327088925859,0.7410551551787852,-0.7120653944737699,-0.36605707457230163,0.5303396969236313,-0.6660489167982812,-0.40604600487710096,0.7909994510517251,-0.5594960867296461,-0.06512914175191739,1.081321036592199,-0.47527525906386553,-0.29884580917961723,0.6851964519375882,-0.384722525560101,-0.3574463422061683,0.46367972506875055,-0.3885466634280413,-0.33627411884639963,0.7919686769892059,-0.23418794428262765,-0.09531273053680256,1.0381603965643975,-0.1376985861971393,-0.3302635526011073,0.6637818353074592,-0.12042192557516648,-0.2878878050678058,0.4527868104495171,-0.1797974285646824,-0.19264689237862612,0.7582975642633303,0.07277063127542635,-0.1358631806619061,0.9485370831573195,0.11868805720754311,-0.2776361521294504,0.6826664667540779,0.11637006126919344,-0.22197607309093792,0.5230163479346999,0.04794752381262827,-0.13912974747209192,thumbs_up
0.0,0.0,0.0,0.023210458364724185,-0.5535199345093733,-0.17602352158186882,0.3156706980149245,-1.0657149856206052,-0.2427782144963803,0.5930130427923982,-1.382610240480442,-0.3001863318127213,0.7184744577211417,-1.6926200081672331,-0.32795440605865195,0.7582757752776794,-0.8908315236633118,-0.0639455265258364,1.045978551783596,-0.7920923127619748,-0.25736203329963164,0.7716281370284025,-0.6804027922070046,-0.3664451154311333,0.5619970695725004,-0.6307893794205722,-0.4118745585787635,0.8055771584989243,-0.5311531415291605,-0.06056152814436071,1.081575342832809,-0.44444789271005725,-0.2854540147914015,0.7031053952911942,-0.36087809823164607,-0.34450903916048164,0.4795598291707887,-0.3622857405853019,-0.32725768634549546,0.797005260584538,-0.2072665963128333,-0.09319290465660107,1.0363155010382061,-0.11377614333803636,-0.32019184499588765,0.6798581358191849,-0.10338811077912956,-0.2808492187406209,0.46876054423797076,-0.16229656323810074,-0.19156518983024312,0.7533499470675663,0.10643616249001948,-0.13765372397242462,0.9492422411462517,0.15049812824249176,-0.2774709633444422,0.6877887744391279,0.12928781005871376,-0.2251166299631928,0.5186987267961943,0.049895861284845675,-0.14700334716229216,thumbs_up
0.0,0.0,0.0,-0.04956773635496329,-0.5005491093860257,-0.19267347370981744,0.09301347117447023,-1.0493957439240797,-0.27686447021014654,0.2748107143333101,-1.4142803969485656,-0.34437518702555614,0.4485311842079149,-1.6470518056699899,-0.38075461285196044,0.7203746018786313,-1.0057608656330976,-0.07581213154114158,0.7583733517718918,-0.8841841273740527,-0.25011287005175237,0.5237495517128543,-0.7428280142561929,-0.36203472341335297,0.39080251440021596,-0.6866975200193998,-0.42250616335163765,0.8584762326042722,-0.675866887200933,-0.06365532534584019,0.8412181922780587,-0.5469560674539046,-0.26664657439166106,0.5013160948391638,-0.4499801273150878,-0.3415797896762012,0.3424017412064189,-0.44271892679776437,-0.34426280174899865,0.9016825013773242,-0.34273317609680215,-0.08552669315600508,0.8159458480710332,-0.1929029148784886,-0.3055862425605245,0.48859923308956305,-0.17628778882917043,-0.3065840719809994,0.3490859673726825,-0.2378166806784366,-0.24878170779894992,0.8799275316352562,-0.01964489211533483,-0.12183548842862597,0.7985420458034993,0.06581845755098048,-0.26623670027206653,0.5409911070576089,0.046968315068083015,-0.25097076692402137,0.42541663731079293,-0.03610384465609544,-0.19823396912105976,thumbs_up
0.0,0.0,0.0,-0.06420226307469175,-0.515931539518072,-0.17966794204942915,0.041503852026675246,-1.0448972067004125,-0.26529237282812734,0.18581377230592,-1.3894635727631555,-0.33611674284313864,0.3171251171589727,-1.6383817211726959,-0.376576882737716,0.6784924551583567,-1.0230986058684708,-0.09176919307047213,0.6765040692716593,-0.9366668826956264,-0.25269942092772574,0.4641082271488136,-0.7905700392121168,-0.3594687436965048,0.3536440375182316,-0.730785564959338,-0.4217570583829714,0.8418092790986927,-0.7105055525823707,-0.0857818946192565,0.7377233302753754,-0.5872383248350164,-0.26759207887101544,0.44168915511425394,-0.4871587746501575,-0.3464753265191407,0.3154228421406038,-0.4727914380580268,-0.36258408791561714,0.9010528514435959,-0.3739790712160313,-0.10885510534974617,0.700793019732662,-0.23940877120598208,-0.29557298641243085,0.4245572087707594,-0.2228067225061966,-0.30481080165461155,0.331499225605975,-0.27535546982858394,-0.2672710506260048,0.8927387066248893,-0.04794981138265681,-0.1481905750581836,0.7177353541397493,0.026670950412116493,-0.27291018050760685,0.4965098597460903,0.003318208887123799,-0.26707847600309137,0.4154084328391181,-0.07552395793828379,-0.22845469914385375,thumbs_up
0.0,0.0,0.0,-0.0611408886537782,-0.5155876349134012,-0.18342759714098678,0.034146099069080754,-1.0385681891010459,-0.2744385860751876,0.1531516816556807,-1.376898461388031,-0.34592421801046813,0.2708275596593528,-1.585924108426277,-0.3873585954940994,0.6842882677285006,-0.9622509728369996,-0.13382971722299997,0.5931231089911088,-0.8162199740726214,-0.2801280074516448,0.38697636170246485,-0.6977273869201259,-0.36154994833726317,0.3282566753794688,-0.6650896475602781,-0.41252642372765325,0.8396773921564782,-0.6356642975191349,-0.12474976982042636,0.640815520327598,-0.4707596607686701,-0.2834552199088184,0.3702695551768499,-0.41187578187721274,-0.3365764607247347,0.31073996561460415,-0.4162511309942938,-0.348297034577876,0.8874523251465464,-0.2957235768793139,-0.1422096130205341,0.6027305010928387,-0.12857554218567532,-0.30606075611586075,0.3600555863843795,-0.1485168572361089,-0.3040145966223979,0.3373076843735628,-0.21718593261690447,-0.27358750176590124,0.8673774441207324,0.019850286009887665,-0.17805042345179942,0.6293543686057789,0.12011069215360134,-0.28675015746668636,0.4207736579059023,0.08174237693284389,-0.28119797087623916,0.37746170011867436,-0.0057543965444169275,-0.25290660234661627,thumbs_up
0.0,0.0,0.0,-0.025358287385815758,-0.5933081735635661,-0.10798116609334327,0.002440220346465681,-1.1183828440215287,-0.17563397462216898,0.018527435493720143,-1.4758309978285435,-0.22655339546803485,-0.03729683376441051,-1.7174753253081063,-0.2564822236527217,0.23791707108538315,-1.069933659041384,-0.1642745255166858,-0.25530198629331835,-1.0811691160133419,-0.30976592971823813,-0.23589532131671706,-0.9573893434359138,-0.38294066298724105,-0.08175767789498202,-0.940301917417293,-0.41831335487753263,0.2701312156350787,-0.7451100304209928,-0.18150290496531782,-0.30920746866660004,-0.7420402655849024,-0.3063832082774742,-0.22326949768864304,-0.6561008237086052,-0.32368297226118115,-0.04969577132350181,-0.6643290290239332,-0.333926630061656,0.2599165621112505,-0.4032482508763791,-0.21562478167952392,-0.2862434360541173,-0.4213020571045405,-0.329276752683558,-0.18617197064933566,-0.3727146076804129,-0.30285969428620496,-0.024923636926273498,-0.3681452619864433,-0.2746645726061485,0.21261100059064608,-0.07512980997384015,-0.2628894568228269,-0.20910033397706745,-0.12114833544673063,-0.3358506340390556,-0.13562123966556672,-0.1228383976396716,-0.3312632928232045,0.027077032096391493,-0.12880803855355405,-0.31542084435288137,thumbs_up
0.0,0.0,0.0,-0.046462095732544076,-0.5787477532857286,-0.035998757764463304,-0.21341783514663443,-1.0561238911236601,-0.06774761395228124,-0.43945214572166297,-1.3599518485915163,-0.09218950250267713,-0.6476134057336352,-1.4422314517121453,-0.11071872645509943,-0.7272389707986555,-0.8432150625612621,-0.10279332253191453,-1.014015049716137,-0.7652779712306672,-0.11067384082637624,-0.8832155234991332,-0.7081731828951323,-0.11016875408257168,-0.7428933719299875,-0.7000101201326673,-0.10677787488865975,-0.7924695389811125,-0.4978166542628779,-0.09981411544622637,-1.0137613363162974,-0.4663978989950531,-0.0741329649001625,-0.8812885022966145,-0.43413111537707894,-0.05341452981386853,-0.7420485031489521,-0.4326511732041657,-0.05463770269118975,-0.8028809511249717,-0.1542672258099011,-0.09009260509202316,-0.9589276462597762,-0.1614432391812088,-0.05533597240217068,-0.8454504577092897,-0.14386845194249712,-0.010165174053344515,-0.7107071573244158,-0.13598469508969374,-0.00018608393473126128,-0.7821320607545166,0.15510135205594955,-0.08405606070065415,-0.8944689608118255,0.11528446208359143,-0.0517987212322343,-0.7875586207075023,0.12395874312867253,0.0017483592661106438,-0.6775951889684949,0.12369649889222548,0.03839211958724816,thumbs_up
0.0,0.0,0.0,-0.03938109892136943,-0.5712309622336735,-0.04392170993248537,-0.20820501850362494,-1.0497943645896417,-0.0803978339454667,-0.4295207979275622,-1.3531083808785427,-0.10871942503950784,-0.6380139892492247,-1.4492497617212257,-0.13063179873762357,-0.7003289203418261,-0.8507132439423535,-0.10977366710746309,-1.0028486504590435,-0.7848681170930493,-0.13544509184021286,-0.8681321097565847,-0.7282886124368215,-0.1495424411416228,-0.7261044829361762,-0.7247782580872624,-0.1539866604506189,-0.7677686034509383,-0.5013167722050847,-0.10677941570889675,-1.0171105279366535,-0.487132370698226,-0.09942850898911028,-0.8824399689078923,-0.4542687016090635,-0.08424612210240767,-0.7380320031161965,-0.4524004599078626,-0.0853687560048077,-0.7848130020732059,-0.15904808977691567,-0.09953880792257158,-0.9736987888784044,-0.17978141541303466,-0.08183328003236458,-0.8582170751582693,-0.16149267711419169,-0.03490508460450236,-0.7205000727755441,-0.1548039183060149,-0.018496976583865243,-0.7706352143687284,0.1467224816821418,-0.09639464367003162,-0.907314479663548,0.09245339865774319,-0.07567381733305564,-0.8012174365793509,0.104634762872013,-0.020615259628995637,-0.6886889430939024,0.10902821731094635,0.01988101790414323,thumbs_up
0.0,0.0,0.0,-0.042965650158301054,-0.58847796909788,-0.025363760104263614,-0.20831717283326798,-1.0644148054307745,-0.08188303408368755,-0.3232997226175691,-1.451285940273156,-0.13863542865622314,-0.2834858694015509,-1.7766924485839057,-0.1944659809385009,-0.6815405855868505,-0.9062619679947796,-0.1427723697061147,-1.0256861318744626,-0.8577600354804606,-0.17881000685093415,-0.8926413976463132,-0.7743849642544286,-0.18864859877992862,-0.732288469941325,-0.7459602787348141,-0.1911086569464883,-0.7560175631473288,-0.5570340107623064,-0.15691860854610892,-1.0520068782811753,-0.5472424071758345,-0.1616211393991498,-0.9108585625720197,-0.4894542972179205,-0.13593614902267254,-0.7538997074197297,-0.4750689456344877,-0.12863473979467271,-0.7837587531132783,-0.21859269506717513,-0.16205706154021365,-0.9994843092660736,-0.24658406781098158,-0.14537023003326555,-0.8765436698816943,-0.21154139942931727,-0.08760567355036866,-0.7355269294387695,-0.19676258719398282,-0.0639197188847393,-0.7798516635369591,0.08851409748977639,-0.17025893899648034,-0.9374228497359385,0.029031955979141173,-0.14032976661168273,-0.8214715137966737,0.050116892392622674,-0.07134272058007468,-0.7043663639843084,0.060307017218158905,-0.023867988420195236,thumbs_up
0.0,0.0,0.0,-0.061335061360985745,-0.559578010303883,-0.022254630083552853,-0.24456315389913996,-1.0190914564424405,-0.07320573122803925,-0.39807744751358354,-1.3778036844704173,-0.12202439062978963,-0.4083542402545365,-1.6952225404948031,-0.1688163357626223,-0.694680970803175,-0.8845903578899099,-0.14318244377586978,-1.0244881518984021,-0.8008061593844835,-0.17101593350431704,-0.8881413433758029,-0.7177297756060297,-0.17336207836065293,-0.7333252098317236,-0.7027246049458316,-0.17228979625752128,-0.7653533560225906,-0.5399591916580411,-0.1570765992252296,-1.0422643952718147,-0.4923832586455988,-0.15817504625772,-0.8997854912270546,-0.4317105588958146,-0.1303796822893117,-0.745519810588451,-0.42846426602046966,-0.12207225354437096,-0.7892927284247939,-0.1996350999826844,-0.16075995711487565,-0.9950414292135669,-0.19602518218117101,-0.14400103088067412,-0.870361338365223,-0.15610167304599024,-0.08344926188825931,-0.7281852461124274,-0.15024166927892782,-0.05841321551691783,-0.7799779743893677,0.11148802930276477,-0.1666828213655378,-0.9318597174732206,0.07165605333865398,-0.14272426853215348,-0.8159103864900861,0.09696372126044799,-0.0759089769210816,-0.7000967879147368,0.10177360131831713,-0.028255232386689186,thumbs_up
0.0,0.0,0.0,-0.03831161341725153,-0.5842459555319656,-0.020811657393244226,-0.22127200374727957,-1.0521784152912437,-0.07178563800173003,-0.3799611825515332,-1.4254295313217495,-0.12190461548703148,-0.41899870287848,-1.7438604854830642,-0.16851112254111517,-0.6610672143122934,-0.9069068468290978,-0.1466839835290452,-1.0517596471000727,-0.8905212799995653,-0.1976804910597123,-0.9084201514596918,-0.8035921932073473,-0.21423565033488795,-0.7329704695463106,-0.7697154862965918,-0.21693446627173707,-0.7472498972577483,-0.5642119339043558,-0.1613170228220899,-1.0701028290883317,-0.5572347765264597,-0.17493435019475262,-0.9139423416432639,-0.49671394345245945,-0.14871630411080586,-0.7504871519644951,-0.48504141079855895,-0.13848173998947838,-0.7837126869514798,-0.2236032938356275,-0.16805309483202205,-1.0326413655531559,-0.2530722132643152,-0.16045422002309342,-0.892167972389847,-0.21204175997938676,-0.09203588753396064,-0.7413735830691424,-0.1995487191677856,-0.05942403379907646,-0.7783380747147962,0.08573458836740236,-0.17685891404245704,-0.9544739310137103,0.03198468195064631,-0.1615292351008188,-0.8291723706680239,0.054426620677488435,-0.09180417360212727,-0.7079288885242785,0.06395296635163834,-0.04045343366916305,thumbs_up
0.0,0.0,0.0,-0.05112383264395502,-0.6037626286686695,0.014093118692924627,-0.21726765750209154,-1.0970612900836645,-0.03238409566970884,-0.3905549772805782,-1.4893070391411607,-0.07533813306386201,-0.4698359563990354,-1.7956376361938102,-0.11197597245657594,-0.633119912697076,-0.9616373757403154,-0.19387491790433037,-1.1308197119615042,-1.023317287629183,-0.22055669733805933,-0.9986991057600579,-0.9014980996556684,-0.18412320638655977,-0.8081448821511288,-0.8327731997821236,-0.14861741479589202,-0.7359548186883218,-0.6328598670566021,-0.220317160778244,-1.1943633370641942,-0.6803718843067403,-0.2189364205768028,-1.0407146893936998,-0.5906919302523537,-0.15439904539164262,-0.8645035190583138,-0.5619792173303592,-0.1201330039710934,-0.7888387897294916,-0.29346894872490004,-0.2279962673649052,-1.1609146894085025,-0.32746809494714924,-0.19780173377250937,-1.0072144127009834,-0.275047835011526,-0.09214332522615797,-0.8410053388758096,-0.2655385899222362,-0.04354814245912441,-0.7882319109875331,0.025499042924128464,-0.2326300328270978,-1.060956756075508,-0.004301363943526589,-0.20058411918424843,-0.9314898190286173,0.015147262629405639,-0.10763524335195904,-0.7969179421674543,0.012662100515936595,-0.046245235038800306,thumbs_up
0.0,0.0,0.0,-0.09980586588875244,-0.6121717296766073,0.08075736976946302,-0.3627705876719613,-1.0533674355097637,0.08147026043587488,-0.6347573445627188,-1.3873684411189426,0.07221826829055145,-0.7475477289748936,-1.7026518719889232,0.06563201790305521,-0.6488840860561932,-0.9897272998075238,-0.08312128812279852,-1.1478285119551326,-1.0904826862387527,-0.0836551648720507,-1.0681441502078,-0.9450483198007907,-0.04216165775019953,-0.9125534754623517,-0.8776431729723216,-0.007288911092126804,-0.75580658615145,-0.6684503782528161,-0.12658639785632264,-1.2200197383833378,-0.743846634000385,-0.10271827636927598,-1.0988805053969106,-0.6359224628707006,-0.033772011949440635,-0.9359534647989931,-0.6045354984954189,0.0037882870955215173,-0.8105207199691242,-0.3305374497656917,-0.14895392073655545,-1.177781019810953,-0.37514774375863547,-0.09666122727248336,-1.0427649861034514,-0.3189574966261,0.007887164655142068,-0.8870388472752521,-0.30445075612115235,0.05394123999946101,-0.8167240845848743,-0.007122994022595948,-0.16261036376726834,-1.0880414708319908,-0.06583745216188885,-0.10519056543997306,-0.9634444058365585,-0.04998052270069379,-0.0077983093812600095,-0.8273551531635988,-0.05179243430519163,0.05375580664293387,thumbs_up
0.0,0.0,0.0,-0.07384712884061516,-0.6121223096944437,0.07348736236466671,-0.3105245301406613,-1.0915608758280482,0.06639313485207171,-0.5381210851094295,-1.4661978141646996,0.04624039013952636,-0.6022144299143599,-1.7963319015188994,0.02634860041423415,-0.6347988488063003,-1.0223137432501335,-0.0874413715875346,-1.1268430822781172,-1.1387700928946054,-0.10067452235709595,-1.0384937964120358,-0.9767331752264414,-0.07643707377815778,-0.8730340468791065,-0.8992614602990127,-0.055107705789975585,-0.7428755671873061,-0.7041851441389506,-0.13654894496505351,-1.1975781125282399,-0.7835117270164861,-0.119609295100219,-1.066622783090145,-0.6628576186606728,-0.059304426936543045,-0.8959406175764165,-0.6276392745706536,-0.02967407906629013,-0.8022281643588788,-0.36918607938632064,-0.16705325995574713,-1.1632551123716568,-0.417361174933235,-0.12305930222609389,-1.0219950668962525,-0.34502450211091507,-0.022999645793200848,-0.8613256298134361,-0.32563194983227245,0.019257682931844627,-0.8174995292136031,-0.04457783365395296,-0.19065451253789129,-1.0827882209855682,-0.10563342709352362,-0.14452043101170187,-0.9515065898371684,-0.07520253594495832,-0.05120062407689637,-0.8133424390698558,-0.07177049010784749,0.0073169072066168,thumbs_up
0.0,0.0,0.0,-0.05767299004276265,-0.5896944251824422,0.0601403174279634,-0.27854678672990313,-1.058753593926001,0.04736879180984058,-0.5032238037484541,-1.4387825570691526,0.02649843508151218,-0.5637013462493572,-1.7729365089109868,0.006106989969822686,-0.6259172398138758,-1.0196676128368476,-0.10153408629563966,-1.0972709555083644,-1.1125733506051034,-0.10876427445708388,-1.0073236319471452,-0.9503259771169289,-0.07678728653313126,-0.8424313017279462,-0.8806339316169154,-0.05093381404197948,-0.7452034185993941,-0.705294611635709,-0.14300267470261832,-1.1804971009330203,-0.7829740887958101,-0.12171788872556476,-1.0579059208125172,-0.654685882759657,-0.06033360118972671,-0.8912408356603843,-0.6097385017125544,-0.02866926688980482,-0.8117115134157282,-0.3697141734345433,-0.16551844426425086,-1.1497906919033152,-0.4057930015017926,-0.11968215722556358,-1.0172800480170199,-0.3299738817196492,-0.02437948714875662,-0.8612170885931727,-0.30863137767711296,0.015517018142037877,-0.8280823397874106,-0.043579508687350735,-0.18141703372831577,-1.0827257640909758,-0.08851351045194056,-0.13515211190805687,-0.9536319341149503,-0.05296093416352453,-0.04395559241303468,-0.8194600293166604,-0.047177898574578554,0.014463159484049925,thumbs_up
0.0,0.0,0.0,-0.11843649652832168,-0.49141282857140467,0.0049508391787718735,-0.39312659635673886,-0.9519164267427779,-0.07098793181921256,-0.6237791818638104,-1.2865876281697508,-0.14071612145408585,-0.7124506489742882,-1.6294256431264917,-0.22343067122045485,-0.4479524719830631,-0.9576222599279847,-0.35736451269196334,-0.9966398294981972,-0.9431996381552734,-0.44871612046634607,-1.1045281837122756,-0.7589409256220908,-0.4317062058304253,-1.0627635835519549,-0.6188945183337758,-0.4133292554906479,-0.44317179798980744,-0.6380374432744396,-0.4201959627524649,-1.0691771145269733,-0.5693164794221639,-0.4983442971903335,-1.0376132873771875,-0.4373490160854268,-0.43135069752801775,-0.8845410053162405,-0.3916713749970728,-0.40085398793099114,-0.4267405029458803,-0.29741892536104686,-0.4617290755662857,-0.9825418194405983,-0.21713268141533482,-0.5258816115467252,-0.8755495452774871,-0.1515826082407677,-0.41899423564354865,-0.69722487397071,-0.15641480288598378,-0.3644258842576214,-0.41353762470639044,0.03210842888799256,-0.49610449215993957,-0.8532139203033771,0.07384647852828452,-0.5648288143369212,-0.7619518810243886,0.08466960837139605,-0.5049817296489864,-0.6111980283016584,0.049780960743259536,-0.46517937885953387,thumbs_up
0.0,0.0,0.0,-0.14992115337647774,-0.4420764326122338,-0.022253753923920636,-0.39021255466375726,-0.8824094288567603,-0.10746188804928282,-0.5721371689564291,-1.22856236305387,-0.18642811799846126,-0.6270106946616916,-1.5926760777719478,-0.2785107379334819,-0.3277241921007131,-0.9873324831941604,-0.3495651730703685,-0.8327847390610188,-0.9429748366866425,-0.44911006320961167,-0.9583217403668357,-0.74662774246756,-0.44056637053875797,-0.9300642080479488,-0.6059996990664774,-0.430294613958093,-0.2793621999893884,-0.6780402274668095,-0.4087707771960863,-0.8813521231812178,-0.6079092378363847,-0.4965029516181006,-0.9306315116370011,-0.46123378928443487,-0.4443176096215201,-0.8471960390180506,-0.3951812524834139,-0.4267032883659104,-0.24296628881809307,-0.3355926545495464,-0.4524219294957851,-0.7864166146314875,-0.24067407566773266,-0.5337159588371414,-0.7201960588620873,-0.16215683129238567,-0.43886505869853176,-0.5590601184878388,-0.16248648067521343,-0.3895593973147081,-0.22681442734262292,-0.0027004417465366325,-0.4921027552413584,-0.671969504094095,0.05510063879750131,-0.5827564153759139,-0.6115535884261927,0.06876192252306065,-0.537611619167201,-0.46462227828931546,0.03292341268222507,-0.5038620466763412,thumbs_up
0.0,0.0,0.0,-0.1871686801143036,-0.46947813594867055,-0.021202466070381853,-0.40405779087787114,-0.9351056182491924,-0.10639050963401547,-0.5657892213633124,-1.3068955414025998,-0.1890362262324178,-0.619052398607111,-1.6789115056808166,-0.2879720360606635,-0.3116301715327213,-1.0495686014386805,-0.3388310819936897,-0.8004202403542344,-1.0112529735904632,-0.43362415790804115,-0.9435725487101675,-0.8299275559840664,-0.4251043215606325,-0.9507080903172422,-0.705164786878769,-0.4167219493723363,-0.2553969729994529,-0.7438370426599705,-0.40086899258276915,-0.8301466368982879,-0.6715456439844394,-0.4740838206261302,-0.9161910802570634,-0.5455605293244534,-0.4207905238996087,-0.8865962648369826,-0.4913186138965455,-0.4088728204606941,-0.21861756305958197,-0.4024798117059967,-0.4483296742663903,-0.7640030928035377,-0.293016911227472,-0.5184774109404742,-0.7150313825451265,-0.2149114166407836,-0.4215932681874221,-0.5772543453947088,-0.206999977272449,-0.37636167680425064,-0.20798401847414927,-0.06699302122508298,-0.49311233206663724,-0.6554844608947819,0.015460284908895455,-0.5762986560930745,-0.5988114433400732,0.03041413163786568,-0.5288893888221895,-0.45738493577135914,-0.004278872318609106,-0.49556042042165865,thumbs_up
0.0,0.0,0.0,-0.18331307091550392,-0.5528425805825967,-0.05813530491162686,-0.3712694829528448,-1.0628789783717054,-0.1455961496032545,-0.5088059668795031,-1.4537339757684038,-0.22325244688815404,-0.5475268944978083,-1.834671554733198,-0.30707229159987426,-0.2251028107836655,-1.202585392922899,-0.3203287935638626,-0.7286525326851245,-1.1401504357689825,-0.4143879468119257,-0.8371117481059877,-0.9653387640313869,-0.41178042231753237,-0.8088564180151169,-0.8984602539199681,-0.4113860470857029,-0.16280456817526062,-0.8838033979103236,-0.3627866267047016,-0.738009553571779,-0.7644324464330734,-0.45883614890067675,-0.7585675905676426,-0.6498900941936797,-0.41761176000332695,-0.6748471033169872,-0.6246289447408643,-0.4079081231629701,-0.1271058906065288,-0.542285840024821,-0.39786583712835655,-0.6715510939480195,-0.4214466932109883,-0.48755776145111895,-0.6156662165289465,-0.35462498237934736,-0.4052490417641854,-0.4714521847163152,-0.3733832747543438,-0.3641874554536407,-0.10821550688321183,-0.21597133587426826,-0.43403921798011524,-0.5479482658989507,-0.15415522668723325,-0.5173531941063142,-0.4994070069897568,-0.13949374748039758,-0.48073825664424785,-0.35966624868799985,-0.18140303001878924,-0.4539412150388356,thumbs_up
0.0,0.0,0.0,-0.1848375276690272,-0.6229991801041601,-0.06617878349348769,-0.33866396893724593,-1.1788325095586776,-0.14443477906191043,-0.4443437772237007,-1.5794372767065854,-0.2099289658054629,-0.4686201953171105,-1.9478297613312323,-0.2746924660695584,-0.16896546393446513,-1.3073856102755714,-0.2903232524675643,-0.6507284928779731,-1.2148436124926156,-0.37841597728384946,-0.7729162922579353,-1.0522732537576132,-0.37577574016970255,-0.7694315844658419,-1.0070792124155656,-0.37671841290031405,-0.0968491582309576,-0.9861609194172081,-0.32904414183811437,-0.6480943672300192,-0.8382111970653306,-0.42305387520232224,-0.685808978576256,-0.7429881911540354,-0.39095025957109814,-0.6268944444744878,-0.7415783679938668,-0.3858769891623659,-0.05623084697454955,-0.6459213642641444,-0.36341818808976484,-0.5852731830126868,-0.4937548976764376,-0.45294735861758034,-0.5554810411019052,-0.4513570614145342,-0.38027654200544003,-0.43980622287208954,-0.5024663322818113,-0.34307186135211215,-0.04359066051285831,-0.32150129749263884,-0.40128847438649645,-0.4648484997700849,-0.24858832449743515,-0.47744684522703934,-0.45093009596816486,-0.24457116567810466,-0.4449367752346146,-0.3468406083913633,-0.30469057952578404,-0.4203062269768632,thumbs_up
0.0,0.0,0.0,0.15878035698123802,-0.5349501078978947,-0.02325468641122125,0.4070494860098327,-0.9707655512252245,-0.08628217969205444,0.6090298024028871,-1.295496993257084,-0.15438035505865433,0.6864407994220051,-1.598851375213615,-0.2072558203798841,0.789279765415006,-0.6917088811732437,-0.10465359653007346,1.1452393094449727,-0.728616771264781,-0.1811404975509969,0.9882233076771947,-0.7032873303044141,-0.22124530278465346,0.8211750428189211,-0.6819890926398985,-0.2385393003998738,0.8329646234076257,-0.33428443671375274,-0.13930371059403554,1.1645627642100194,-0.4080270246582156,-0.16700409184393,1.0026566059999888,-0.40905945748555744,-0.1555692340967429,0.8413863053628986,-0.3765072093629487,-0.15333050388606598,0.8190383924686759,-0.0024012684436879182,-0.17229469428397218,1.1158336238111473,-0.0740557662731385,-0.1771681361525032,0.9750691141012947,-0.0905648387092555,-0.11275913112054929,0.8190718216161188,-0.06767466985493266,-0.08063359946719115,0.7788122196362275,0.30299053207804727,-0.2069448853229448,1.0077068704642047,0.21812835403678804,-0.19247943343859703,0.8929991495859241,0.1837617829224362,-0.11367838868950873,0.7726345131887795,0.20569482250260443,-0.05746499000681512,thumbs_up
0.0,0.0,0.0,0.14393706195001493,-0.4830305382239333,-0.03245464644379643,0.3856908332088012,-0.9084126683350635,-0.09993474127637142,0.5586289431365811,-1.2302584417727127,-0.16815814909630789,0.6141498036896865,-1.5280215964478343,-0.22054911362307017,0.6803680275779855,-0.6820429631090597,-0.16441672077651917,1.0936458349565614,-0.6998418633783907,-0.2564401718617902,0.9357384420002958,-0.6665931734733184,-0.28842313189003516,0.7578304080755787,-0.6489413043569983,-0.29518455341362904,0.7150982088012996,-0.3256862000517787,-0.20017337805847982,1.09956908997786,-0.3740621596440521,-0.24658870348091516,0.9324996912565521,-0.36633794238909856,-0.22461525338395902,0.7633562724459974,-0.34431308220580736,-0.21085803708897768,0.705204435085788,0.007506719558564046,-0.23386845488287486,1.0579470775432513,-0.03838935975711903,-0.2585089196645882,0.9112370893549998,-0.052591756062477,-0.18338250084522487,0.7521859701946673,-0.041983831032340824,-0.13952552595471665,0.6724723869050053,0.3124920173670673,-0.26852162684589215,0.9456074846693331,0.24873537955659691,-0.26961207966560186,0.8272104793165304,0.21866513729564624,-0.18919332276996698,0.6994068679856118,0.22820115779092834,-0.13196244163098625,thumbs_up
0.0,0.0,0.0,0.1542001606092723,-0.4567140358421466,-0.028090658192993265,0.4259115603408022,-0.9131714235799131,-0.10417370162399865,0.5736820812670447,-1.2532771916408671,-0.18164820388294292,0.6031348027325263,-1.562421254879173,-0.24107158301211884,0.5574000433466283,-0.7150760389506922,-0.24274712309474747,1.065091984665202,-0.7210582240852478,-0.374330862354629,0.9096347858274085,-0.6291540159848289,-0.4130058252999004,0.7196742055118892,-0.6111107136517623,-0.4169271832638464,0.5605449904057989,-0.374008176425151,-0.2934900477478581,1.0729113536778396,-0.3720759252518601,-0.3798451433944353,0.8968245517797253,-0.31756104609609015,-0.34113442523632365,0.6971697947676085,-0.3154218639904719,-0.31015943030813936,0.5431802602858838,-0.038212349698223735,-0.34045144398342087,1.0039062703565793,-0.034446609842070985,-0.3905305562088331,0.8397546130926531,-0.011715784408847766,-0.2790361446763199,0.6541721672593138,-0.013764266268153698,-0.20593279591994948,0.5127103523543513,0.2732126567714181,-0.38865217930221757,0.8811784233640098,0.24721393505624534,-0.3919294395447817,0.7485881003289079,0.24066201800411302,-0.2855859201948587,0.5878981691325691,0.23367742718438705,-0.21422934900624144,thumbs_up
0.0,0.0,0.0,0.1813190530036687,-0.4016802693425684,-0.07289747473286859,0.44135384594853755,-0.873751027480029,-0.18616857587874397,0.5429529432240342,-1.2409897180525644,-0.29198212583395877,0.5192779682944558,-1.5986638410059066,-0.37883001949202794,0.37230477449584126,-0.7953785345402621,-0.3821164332052366,0.9041337608368327,-0.7710933054016778,-0.5949234027008276,0.7900051404346554,-0.6446749645724511,-0.6730882513562148,0.591333305803736,-0.6331382380565694,-0.701422544040204,0.2939715769564341,-0.47816523963257535,-0.44112158353306913,0.8897936265704979,-0.4326631811646961,-0.6151937838402606,0.7300081171058613,-0.3429534614339509,-0.5868626398261719,0.5268915360786922,-0.32472442596448964,-0.566442717857592,0.25582816995763685,-0.1411772901746096,-0.5014285199446151,0.7919964432443398,-0.0963791903319789,-0.6130450055532796,0.6290061755725842,-0.060426921725892375,-0.5010392603803674,0.4445777480686525,-0.07089158911401004,-0.4310936996335658,0.23545400865827934,0.1774835532420568,-0.568694100801068,0.6641809326245436,0.18593441532626684,-0.6107016394664401,0.5419537653089033,0.18828475046915302,-0.5250895987443653,0.37208411570920563,0.16965940241486668,-0.47477263624671917,thumbs_up
0.0,0.0,0.0,0.27633482771062257,-0.42659771893460385,-0.0835093016045949,0.5235904038200485,-0.8985129896958517,-0.18999955158556245,0.6046599595859213,-1.284282423287502,-0.29167911820809755,0.5627173941358313,-1.653111584645164,-0.3751553041159947,0.35052582650280834,-0.8509473104909336,-0.3527331904306642,0.8367778884449641,-0.7412167512543887,-0.5796395492911306,0.7453684841590594,-0.589123281955372,-0.6770863845589054,0.5750178026060491,-0.6162741196615276,-0.7269606397023152,0.2268194203784479,-0.5371899322144849,-0.4123554965748348,0.8196608129076797,-0.41094398773369056,-0.59986155813573,0.6928264558522796,-0.3060576992419996,-0.5902483589627674,0.5137156248586867,-0.3193011751343437,-0.592142355613985,0.16770981324014206,-0.2034782396205861,-0.4786866538540173,0.7102653413546542,-0.08474398963437291,-0.6190610953078591,0.5803771090605045,-0.02276080469704225,-0.5331665739009013,0.4209288319925588,-0.0553100831856556,-0.48273867284035193,0.13604315361343736,0.10483457527254507,-0.5539250637174339,0.569471559852654,0.1857140500166925,-0.6221857268092914,0.4707981953449684,0.19665698648433097,-0.5636769364299136,0.31667568102176197,0.1541501180009938,-0.5344394004484934,thumbs_up
0.0,0.0,0.0,0.15423342139249505,-0.42150075801462983,-0.05930784302815277,0.4069624111638731,-0.938829659057435,-0.15978748884144053,0.5264238532074581,-1.3272744664334668,-0.2573673788733019,0.5326174074321862,-1.6935632067380861,-0.3341762898415402,0.36591417741142485,-0.9041934458354051,-0.33486388583343435,0.9082498896060459,-0.9785974183746385,-0.5409511377271179,0.7939575533221774,-0.8087932762325726,-0.6166047444265814,0.6000028914630596,-0.7527866476378274,-0.6417866904362319,0.3189897513704327,-0.5972145171008421,-0.39887067990282254,0.9336285069784295,-0.6381214713811563,-0.5624273834849044,0.7632420177439083,-0.5018625892689822,-0.5317647846356757,0.5522190727305981,-0.44785937250591434,-0.5055066594762475,0.3055230610034249,-0.26180464522764196,-0.46577249710668567,0.8652347699342281,-0.29611005773443105,-0.5739615171213508,0.6879438495212895,-0.21463246323429758,-0.46061876841146665,0.4967055439520088,-0.1877087308544766,-0.386486414272013,0.31128554054610474,0.07334058607336544,-0.5384392490147871,0.7487109071587975,0.0035168251039042263,-0.5820756537799165,0.6132697230646094,0.03772713240506154,-0.4950829911053772,0.4364450249097133,0.049880612849378815,-0.43981519384767964,thumbs_up
0.0,0.0,0.0,0.1694995059300174,-0.5766893214811033,-0.029630966678003943,0.45145494174862194,-0.9848522990864352,-0.08591069303569629,0.7019786902962039,-1.2817600623637906,-0.14411331887622536,0.8404856980755906,-1.5656173245463991,-0.18576814814222206,0.941545140591369,-0.5649961824783756,-0.06356406367882947,1.2193944837275603,-0.5667833276634965,-0.08420745029232253,1.0783105862409639,-0.5816499155657949,-0.09977562382150763,0.923964190275313,-0.5878998589297924,-0.11128874819377814,0.9553665741536241,-0.18613297988173497,-0.0797111770571887,1.2025721656894797,-0.23894709957513938,-0.04803966435357141,1.066504574910755,-0.27629119853855666,-0.023921363970061348,0.913555697538246,-0.26079585388894233,-0.028639738720381076,0.906839070512547,0.1403321388439484,-0.09389802686593979,1.1340919457741174,0.08152855038842656,-0.05530683226143401,1.0191112210986966,0.04530666283477542,0.001490115723623348,0.8687077594190036,0.05839912928204715,0.01487578673770283,0.8366476771709456,0.4283164763852328,-0.11179770245167892,1.0608464877254735,0.38223779577210765,-0.07811646539793159,0.9740216204321545,0.3310617719083039,-0.007297077005034411,0.8496305272232595,0.3326673084126695,0.03865265370060952,thumbs_up
0.0,0.0,0.0,0.0868642167774318,-0.5378552745450371,-0.027977032584673153,0.3114218138227892,-0.9845833250049955,-0.09955620143541964,0.5245848207424598,-1.3113832178248015,-0.17492681368504126,0.652344761906702,-1.5955094944951436,-0.22894089837853712,0.7840239307942264,-0.7093644159924601,-0.14123660096777307,1.2298115913390382,-0.7675400684354484,-0.23412531134823594,1.09474589506478,-0.7850921406978394,-0.26803325040403125,0.9071022893039751,-0.7440513897856537,-0.2703372803163258,0.8486299118877609,-0.3424290467941679,-0.18210508898684863,1.3082049246500476,-0.4147288079627062,-0.24069500416889938,1.1349459837451283,-0.4514082284991938,-0.20833490723305417,0.9501614723417255,-0.4160737270721204,-0.17363795847681832,0.8482545284600942,-0.015368597844026229,-0.22324779521435398,1.2604817166485272,-0.08013610969221628,-0.24850743033896666,1.1136369168217393,-0.13519843241612728,-0.15916564782355272,0.9544044638819478,-0.11824964240699302,-0.09670552379600805,0.8090696254573743,0.28243020374645944,-0.266600652576567,1.159636310748034,0.22102534082561928,-0.2545085612397789,1.0534835660956647,0.15054244949314072,-0.15637501748641525,0.9108287335831143,0.15262268469005183,-0.07972664429439652,thumbs_up
0.0,0.0,0.0,0.0899022979109079,-0.5441445680361513,-0.03107055197432035,0.3182821098599752,-0.9873301844128509,-0.10001216961159584,0.5399905500353951,-1.3092831731856127,-0.17283038727876007,0.6732310878857372,-1.587810936022625,-0.22511661290645588,0.7990627943711782,-0.7129602823314524,-0.12677225200146955,1.2238629248037354,-0.7686445949447344,-0.2080812876149644,1.0959990996814768,-0.783726359735639,-0.23670762791851038,0.9165962464129256,-0.7456607288017899,-0.2380082694347046,0.8618366403548535,-0.3470266148753836,-0.16321362032540213,1.28203908927131,-0.41593768970753964,-0.20354478450289898,1.111006105423339,-0.4514126051848578,-0.17017765281556904,0.9326062111725467,-0.41612423798879467,-0.14110291105461023,0.8580211341228916,-0.01864784129849178,-0.20073108009547186,1.2456586810130685,-0.09013985002936002,-0.21685477729856892,1.09692555294344,-0.1402933903789155,-0.13160651403039075,0.9352294153746894,-0.11965500206433517,-0.07638218572367954,0.8168177191773706,0.2803352549853523,-0.24100332567079563,1.1514720607776063,0.21573994319931028,-0.23002287200436566,1.0475817858447256,0.15164838164092706,-0.13898427584891695,0.9100775368095188,0.15555960740297115,-0.06885852476512329,thumbs_up
0.0,0.0,0.0,0.09311523447217473,-0.5445567560235284,-0.05544398123642545,0.30550071053277106,-0.9890406314157651,-0.1337247975583101,0.5477035723419924,-1.2897692468721842,-0.21006544937004898,0.7657490563529041,-1.4816618195486129,-0.2613993314149561,0.7879119485059225,-0.7223090891390668,-0.15176970777143706,1.2192699427109863,-0.8036449822073607,-0.23261389987444092,1.0968375157378323,-0.7904024358353319,-0.25545615278485667,0.9223811487429538,-0.7390536868385372,-0.2522882913245137,0.8551830501568257,-0.3538804353640707,-0.17473850442137698,1.274235661735275,-0.43138663655583676,-0.2146795967270087,1.1056652978242503,-0.44730829061602406,-0.1824712951138186,0.9285141047779846,-0.41493405111546683,-0.15543508817457083,0.8556322460482171,-0.02629856816707256,-0.19963819283871054,1.238353782155906,-0.103872532969204,-0.21630845577874333,1.0930965452893084,-0.13756711498100488,-0.13280341766930484,0.9335080034243471,-0.11525332654098722,-0.0794724575407266,0.8176783368982932,0.2742519058394168,-0.22910110766545957,1.1522091178303921,0.2014975405002853,-0.2235151725018613,1.0473264180509987,0.1518750170830055,-0.1361879851471389,0.9079897646673587,0.16198367112411427,-0.06727210414396656,thumbs_up
0.0,0.0,0.0,0.1396660849078815,-0.5121808225103347,-0.014484212683564535,0.4101516299090547,-0.9104589566828794,-0.06094980041271042,0.6471013392835272,-1.1742817644137264,-0.11282183023977731,0.7675703145010565,-1.4297764117039329,-0.14827377953191123,0.7996308421677691,-0.6587680063846271,-0.12077578840917663,1.2274778108841389,-0.702224304387542,-0.20434425220717226,1.0945364421979353,-0.7021971450717811,-0.23695793330979142,0.9157330868858388,-0.6665251248015763,-0.24161516838144068,0.8449740162233571,-0.30404645076549935,-0.16100603629345503,1.2522077606698911,-0.3512771972664721,-0.19765361570382892,1.091716748107781,-0.3745269643432536,-0.16935948449444366,0.9194699301774584,-0.3472604041047014,-0.14771551196202726,0.8331141001447274,0.026597326842494346,-0.20026476193906564,1.215806269034056,-0.02208330928448507,-0.21719617970378768,1.0715077798071562,-0.065032633393196,-0.14013014139763025,0.9119314790720201,-0.04992160793944046,-0.09230192259332538,0.7889405176486392,0.33401083636963746,-0.24025752902747774,1.1169428777007042,0.2826428207677494,-0.23583245387613105,1.0129676156662466,0.22071749165468876,-0.15285366060686797,0.8762852253321527,0.22457550727816478,-0.08942631034463935,thumbs_up
0.0,0.0,0.0,0.1407665675484501,-0.5270352349777297,-0.021565120748576784,0.40333218796708215,-0.9543752612485215,-0.07062588393914057,0.6336780044383236,-1.2658130673722046,-0.12853274637256099,0.7286164707818462,-1.5491622756083832,-0.17076465567352078,0.8097217927172549,-0.7174872574922132,-0.06703225377028695,1.1865328268753763,-0.810370029935025,-0.14483816222223161,1.0489007871520417,-0.7821185619961407,-0.18710849191971432,0.8870418272859734,-0.731602181502493,-0.20066155704215577,0.8663731853675202,-0.3660799876976357,-0.10120464037250329,1.210341401598526,-0.46281687091380486,-0.12974518463598805,1.056352092002664,-0.46419117705531426,-0.11944461101802147,0.8963452384730819,-0.42397020166790866,-0.11222531491592157,0.870339359384194,-0.03441818930904488,-0.13849736672843452,1.1793636619588919,-0.1268455021391488,-0.15379843602855373,1.0438492932354657,-0.14530458840481342,-0.09905216355616682,0.8906501916543728,-0.10742505017197736,-0.06433755052840336,0.8469523730683766,0.2756539586404587,-0.17786730556003422,1.1314114037785585,0.17934154648739867,-0.1696555876445839,1.0316109781357734,0.13716540981949227,-0.09741319358116535,0.8998570338729641,0.1658687340513637,-0.04067730308344756,thumbs_up
0.0,0.0,0.0,0.16799034116630057,-0.487874305118577,-0.037067077401877084,0.4325092076758426,-0.8899612608968516,-0.09619231521805668,0.6447004433164178,-1.2177718194536815,-0.15684965626069017,0.7103158095390759,-1.5325808594126478,-0.20266552790497797,0.803913587270075,-0.6989336199705174,-0.08041709317648607,1.0831050863454925,-0.6621418206119584,-0.1570429094293371,0.9430835106563871,-0.5727169292257066,-0.206012107700294,0.795174528964993,-0.5649288943220185,-0.23296859571641657,0.8437201098171585,-0.3570809454663962,-0.10984000838049848,1.1014401037319677,-0.33871688652645693,-0.13464536578814268,0.9480198749488317,-0.27219353438524946,-0.1333529838560264,0.7907525150772757,-0.2628148621074861,-0.13747158130282572,0.8306989969181626,-0.022872847589814605,-0.14167940279942468,1.0279177372058885,-0.004551476234485366,-0.15148766263460575,0.8906498606223642,0.018211503309693598,-0.10376832272595254,0.7383325110743987,0.003517177053278513,-0.08157638256765122,0.7816341670859867,0.29606359194341303,-0.1778038259472581,0.8815329122240131,0.28432520597212496,-0.17534412883322262,0.7633404376911835,0.28503689898111506,-0.11663236412061363,0.6557785713191885,0.27844831522532176,-0.07237720808419068,thumbs_up
0.0,0.0,0.0,0.13077583758682987,-0.5428080927953216,-0.016959578398350952,0.32630800011408706,-1.0011128711217463,-0.08663848172121938,0.4722385695825803,-1.3809718622002913,-0.16158557259945408,0.5069677820808046,-1.7020503778705223,-0.22305489865001593,0.81995246125149,-0.7410834990809285,-0.08529502456235613,1.0931175067866334,-0.7734525080170409,-0.12437884387791363,0.9489567379307203,-0.7073759618120073,-0.14861785325367408,0.8048227255591032,-0.6897716033812427,-0.16601946970557072,0.8787568766720688,-0.38527436267645754,-0.1137752117451323,1.1082761113173398,-0.44572993482530376,-0.09681594642978585,0.9691385203290002,-0.41240825422465155,-0.07570630702581886,0.8195525222230654,-0.3869065082185147,-0.08061733209696416,0.8698064806160467,-0.051775205348811575,-0.13785060169883254,1.0445347724851417,-0.10801381474900372,-0.10016555681312528,0.9199664392549881,-0.09149591040425897,-0.04264709191349229,0.7698868544255925,-0.07444287637359386,-0.030963020952827897,0.832266076971721,0.2556483497963487,-0.1651323360249747,0.9365941860089481,0.18888388029770437,-0.12966472377345611,0.8227118997240189,0.18155823654465758,-0.062203656027308166,0.7093710801870803,0.20032861439632244,-0.020451849691174966,thumbs_up
0.0,0.0,0.0,0.12299019890369037,-0.5816636520220199,-0.0013226487108515467,0.31291537308337386,-1.0648788903416693,-0.06593129040246205,0.4525706286746209,-1.460145603210142,-0.13873925894793615,0.4595850527783596,-1.7873819713502914,-0.199022581023667,0.8391965366542435,-0.777807277003881,-0.07491137392720784,1.12870935226253,-0.8577511237703239,-0.0985552481885417,0.984912570740665,-0.8068892997167466,-0.11107553941388534,0.8426189318788974,-0.7778659963457994,-0.12172624711678524,0.9120106954235522,-0.41600261479730116,-0.10414307772490776,1.1481951121526133,-0.5213683119636935,-0.07076789408330265,1.0100422742913164,-0.5055829580096927,-0.03852695144141006,0.8622511276587032,-0.46744365803844434,-0.038832486844362996,0.9113771064749507,-0.08306249625944453,-0.1259814511561018,1.0914860015321945,-0.18134272616767821,-0.06736988596187998,0.969967410827201,-0.17376793106019928,-0.003584011846675833,0.8200322832844175,-0.14303234268170453,0.007501805797552342,0.8807477203630122,0.21849974578955017,-0.15005001554980815,0.993508792425466,0.12718536966519678,-0.09347361245445057,0.8838808684589567,0.10793847425859657,-0.018448287891354456,0.7676760157325084,0.13128339978698628,0.024938746018069575,thumbs_up
0.0,0.0,0.0,0.2106802995393293,-0.41965498225318926,-0.07045122665137661,0.5015646023579051,-0.9210683509919771,-0.17121206651572177,0.6330574869366274,-1.3192013650716996,-0.264575630525148,0.6393021468686042,-1.6871547949167456,-0.33799497490729646,0.43726386530420763,-0.8147877383464797,-0.3553861629281058,0.9505402568340581,-0.7564475047834581,-0.554516355089246,0.8182013456192431,-0.652170907135679,-0.6244457124392003,0.6307886435610379,-0.656878816480573,-0.649918574139895,0.35778619030332204,-0.493242684240476,-0.40928405728092476,0.9364935019642634,-0.4182660743969025,-0.569893991238934,0.7595688174829502,-0.3598505631131545,-0.5399181570062467,0.5614239538887402,-0.3565837813046909,-0.5208042705600509,0.3169473486315427,-0.15760306373935137,-0.46461953993048904,0.843611306341583,-0.09122506850020161,-0.5709359688338772,0.6660003060640968,-0.08067669311119566,-0.4638647705763356,0.4841422181645424,-0.09902072075020954,-0.3977053180894751,0.29240782894120676,0.1598125665693232,-0.5261812869428886,0.716864987234614,0.18172855596569173,-0.5628756153643102,0.5775303343247179,0.17139651925156638,-0.47909608989497204,0.4071778695871913,0.1460482726966689,-0.430576123226227,thumbs_up
0.0,0.0,0.0,0.1295464829711163,-0.5374894996034759,-0.13269689153713835,0.04959748285658591,-1.0562274518081471,-0.21066888316248933,-0.044162311356021805,-1.412434163995445,-0.2726119276096178,-0.11434672345865682,-1.7653335544382034,-0.3203167907977142,-0.5011362185597867,-0.8381746251500126,-0.24088805269148994,-0.09451822213080402,-0.8873922083079722,-0.3961894765749023,0.019877531704119565,-0.774532511016231,-0.48942918021408593,-0.08270395866909967,-0.7271287089103774,-0.5605593557022791,-0.5994172649167415,-0.4903058198861766,-0.2546085434654466,-0.07876472794931788,-0.5513510384266406,-0.37409109169124516,0.007505419136219293,-0.4778610189282865,-0.40785107727413966,-0.11998281664098541,-0.44177123329831064,-0.45806499710786264,-0.5898998860047645,-0.14834740361595175,-0.280590635596461,-0.11225350354880673,-0.19961054778655107,-0.39981378141635526,-0.037053249667105825,-0.15465963597309187,-0.37458893858872305,-0.16582930427828219,-0.1355494468010353,-0.37621971290423895,-0.5256522638675767,0.15822411004070885,-0.322057776313029,-0.1546095769875328,0.14444554570045723,-0.4308543383239856,-0.09208281819637891,0.1381538855291633,-0.4371621133741924,-0.19598229994281088,0.14842146348499805,-0.44550447760458767,thumbs_up
0.0,0.0,0.0,-0.03174183341000225,-0.4764973342247505,-0.17296960185378987,-0.23989455123985606,-0.9153661419019364,-0.2637956224133125,-0.4207105961185534,-1.2251803017618106,-0.34147550529780735,-0.5452873016819952,-1.4943896674375894,-0.39477405810160665,-0.875275644192682,-0.6279945024278026,-0.11957277246920912,-0.6777117466089344,-0.6836465095832105,-0.27578807342846096,-0.4526265980566488,-0.5895460804962894,-0.37343752479525677,-0.4351036192345892,-0.5187730630146138,-0.4296433929478005,-0.957559441077435,-0.2770406868203988,-0.10975891965887306,-0.7210023582894163,-0.319843829734206,-0.2559385949079501,-0.4569066753840457,-0.29636205301951346,-0.2931797911294941,-0.43484600553220065,-0.27839341264792106,-0.2995995897581112,-0.9375815153832053,0.06031478131664209,-0.1248853886197676,-0.7564924541431725,0.036893938197783915,-0.28090825155092525,-0.49140270732576,-0.0021997028096195827,-0.2469446269028135,-0.44919417475130285,-0.02269641036838328,-0.1957076607580759,-0.8657106776165812,0.3712298081412565,-0.157773408356412,-0.7623828710004802,0.3555590413725723,-0.2562381427724718,-0.5607256744865667,0.27979623943201826,-0.21728758992778627,-0.5031148214850734,0.2250460494949586,-0.16174892349213,thumbs_up
0.0,0.0,0.0,-0.03733389760945544,-0.5647876195448339,-0.16258537315465324,-0.2506346425326925,-1.0613169752252982,-0.24244161161523195,-0.45754315120936057,-1.3961374279643315,-0.3106713474664512,-0.6006041834548583,-1.6623622730834928,-0.3503264446958882,-0.875034487506413,-0.7884322654362016,-0.10484561061389826,-0.7984448848516246,-0.93485443253105,-0.2489812128797304,-0.5348945409653028,-0.8162606290639806,-0.3209003340316109,-0.44634715414844717,-0.6850424665775791,-0.3527129244334613,-0.9760321233123427,-0.46028094897137745,-0.09095197231260356,-0.8630339113246203,-0.598106199303386,-0.24716395615454667,-0.5464260987808964,-0.5251336812659312,-0.2844448317770611,-0.4638298338072735,-0.4362168566787793,-0.2757629104500375,-0.982901223128727,-0.12090100653059921,-0.09929997658882954,-0.873760176819006,-0.22286012552973478,-0.2622585959500807,-0.5655379062906866,-0.22301417680074634,-0.22802874675896928,-0.47771049520571135,-0.18201514270180744,-0.16415607429743456,-0.9397542970896945,0.2093285756922236,-0.12171718902853099,-0.8647723371259661,0.10567917191393336,-0.22350357982304567,-0.6348845138567396,0.03487193007458544,-0.18274267662762572,-0.5533325524644994,0.01752832447986678,-0.11904725673529742,thumbs_up
0.0,0.0,0.0,-0.011889615354293288,-0.5338879600721369,-0.17063983860990922,-0.21982284353046944,-1.0059953252317428,-0.2679743105489907,-0.38919533015445495,-1.3349689867857955,-0.3532254244584749,-0.5374134251343181,-1.6127916463960252,-0.41699275192800045,-0.819986433189045,-0.6373250872046332,-0.20251982164527896,-0.5233564004745749,-0.7348047744107064,-0.3757787932302243,-0.33833326867295777,-0.6724199665609475,-0.4727391348639276,-0.39286366417676394,-0.6096800323794141,-0.5384428438123454,-0.8988820356407662,-0.2611338570448704,-0.2036166700644167,-0.4900526317304724,-0.38913875191121633,-0.35822626062058066,-0.28828394120125334,-0.3910517370410963,-0.3935703377817255,-0.36295636921701874,-0.371530463933727,-0.4208322440320565,-0.8549710027629444,0.07344211810383085,-0.22608801817537047,-0.49509272127281256,-0.04699481401283351,-0.3604180003498133,-0.30577551431218747,-0.0732229218910321,-0.32181384656067225,-0.3761990585959342,-0.059179419075584855,-0.29894073509904784,-0.7570639541095152,0.3582840382557298,-0.2718251672294206,-0.46136052356733076,0.245450652689526,-0.365553721356747,-0.3121396770815148,0.1868348810182808,-0.35240110347355347,-0.35422357074883604,0.18759068094682715,-0.3360515257289955,thumbs_up
0.0,0.0,0.0,0.09561017278992902,-0.4669362921418172,-0.1738589815103033,0.19053631707935795,-0.9814853141903719,-0.25808074401647363,0.2549001902053412,-1.3915696530456516,-0.31849245954691113,0.2594490052001039,-1.7703438563679887,-0.36742984740142465,-0.04125121391921253,-0.7772492423850638,-0.30835539570512743,0.6876764827265033,-0.7574560483661257,-0.4842251672181039,0.5600665432869697,-0.6510341845936088,-0.5871560493489211,0.3169196231319188,-0.6553940386250912,-0.6659540868027504,-0.15180645020927094,-0.4175843743574121,-0.3062542024240864,0.6336886547324542,-0.3933355725034965,-0.4484769532477209,0.4472763724770346,-0.35014042055233413,-0.4705164992391688,0.23953985400423808,-0.3610692571455809,-0.5170006839858295,-0.205982560061611,-0.0771592297823966,-0.3199741393014382,0.5170050052424575,-0.07614736334829869,-0.4588370818564678,0.36103852764481387,-0.04099281447077343,-0.4249053464003503,0.17495136690303476,-0.07635584858002223,-0.4121119421707813,-0.21323862709632757,0.2066618348271858,-0.3567219321500184,0.32481557684282913,0.22788794037360488,-0.49964899973570914,0.27101331428711384,0.22372570589401686,-0.5253484971790137,0.15218148593962702,0.21068621099394033,-0.539979771730012,thumbs_up
0.0,0.0,0.0,0.1459776746103538,-0.6531257122732276,0.016211814938511974,0.469938279313563,-1.1110999752437878,-0.010020793925757535,0.7352665914568408,-1.4684636224821013,-0.03715907741850227,0.8547979078090969,-1.7949828664899108,-0.04682792817701407,0.9370760369274767,-0.7120775827854059,-0.07936557402626093,1.3772122062401113,-0.8019317617075092,-0.0667339817426226,1.2504738939808204,-0.8121194084008097,-0.029951119479214448,1.0943633627045297,-0.7880777642868263,0.0006999366081513376,0.9859344482850328,-0.3169619574955464,-0.09044871240842967,1.389826006653451,-0.41738199921957253,-0.027956574657841234,1.2384560038316477,-0.4977558542096557,0.046388719534543696,1.0685988562585367,-0.49830118906394844,0.08249197759096218,0.9493999449552345,0.013442064372144517,-0.08874751298126068,1.2658455201861987,-0.08823283389831879,0.0027766127409967734,1.1436516650460142,-0.16634105712144087,0.08934694986273996,0.991192824958012,-0.1641868378515934,0.1151879493256143,0.8839729560252839,0.2864957703736648,-0.08496210503618248,1.0928834822330011,0.19100499866995993,0.009309510536725227,1.0039785084672275,0.10795724374915083,0.1001554738477264,0.8880779934600511,0.10207656964163596,0.1498889566143037,thumbs_up
0.0,0.0,0.0,0.11820919461363238,-0.6497714163182446,-0.03419752452785815,0.3743037870467837,-1.1603647616636281,-0.09187488919113053,0.5622728178623444,-1.5617852703412474,-0.15462531454328446,0.6192716247175275,-1.9160789005443803,-0.20339045082774967,0.9623512368765118,-0.7896295525968993,-0.01680374944667676,1.1801905870806797,-0.9623018203664023,-0.041391711087091686,1.0220314776969257,-0.9668575519650744,-0.08271654036396892,0.866705973753978,-0.8953604901160801,-0.11464843639959112,1.0243093434962618,-0.415518333061733,-0.023003963411397196,1.2048349144279384,-0.60018626256307,0.0013097458665693234,1.0646347845237636,-0.6280642337663076,-0.0002320708932758638,0.9191533631502605,-0.5522138126933757,-0.021255299778701362,1.001201242102171,-0.08079991597438176,-0.029438991591690323,1.1357067075080058,-0.26911290138808597,0.007862679440856425,1.017225918186033,-0.29491616355577127,0.04254399927338128,0.8727689089109917,-0.23271097438547356,0.043241887981909616,0.9482526281033486,0.20998879240366702,-0.04056071829773067,1.0611834727065879,0.03445507338210555,-0.0004840236792374088,0.9601827933495612,-0.0021421664937970736,0.06074468701291234,0.8411803853097655,0.04495804275301101,0.10009198876782516,thumbs_up
0.0,0.0,0.0,0.05537134773332791,-0.6383738721987092,-0.08414035201092952,0.23380097434208977,-1.1020080674806918,-0.16547156212334552,0.3915862412879038,-1.4843437119727516,-0.2344271992783749,0.45901023064672947,-1.8321265196914736,-0.29233843602536297,0.8615283718432791,-0.8222852633762957,-0.10497388566383663,0.7913065294803305,-0.8269801079705201,-0.1116180363071277,0.6534857843114175,-0.75485479574165,-0.14356917845742015,0.5536384055487773,-0.6975594000897962,-0.1827429789000064,0.9494282856937338,-0.4662338892610248,-0.09957732113978013,0.814381004725857,-0.4699287929286872,-0.06236245484552597,0.6944700246737753,-0.43530278974608877,-0.08510905073783419,0.6005411224852342,-0.37741596561937807,-0.13790289020508423,0.926040185683512,-0.1229942582673309,-0.08815649598995429,0.8058784582496933,-0.15829323998510797,-0.05884131544555999,0.6946578946725539,-0.14390841906442733,-0.04896820576408876,0.5927637618258569,-0.10912465081186058,-0.07479701702951946,0.8601934659493207,0.1775344813204637,-0.0860346105784194,0.7647254016409685,0.1549603576132665,-0.06959206775745,0.6591965749842298,0.14785330796373022,-0.03547733331788291,0.575262890235779,0.16735215603169112,-0.01760713302021942,thumbs_up
0.0,0.0,0.0,0.09460066933693123,-0.6656902254884628,-0.08899632161643815,0.3268449013721538,-1.1246029166528382,-0.16075078178787663,0.5325895964538894,-1.487214456361648,-0.21838480705286037,0.629641407675783,-1.8258571101360614,-0.26155003340184046,0.9461158235534098,-0.8102464058480187,-0.0759803913544814,0.8415617019254673,-0.8943413462122736,-0.08581604150926596,0.6983174222790269,-0.8204134414993351,-0.12259408280211183,0.59963333530356,-0.7340026027282673,-0.1634797915322142,1.0248193430725885,-0.4456658458175631,-0.06920251780333632,0.8777652507491711,-0.5443281067562106,-0.04112232574390463,0.7536464256164833,-0.5055837733963213,-0.06999818768075067,0.6555645034068404,-0.4181611419184063,-0.12205239028673924,0.9899678392797218,-0.10630994833994055,-0.059967984959483724,0.8729631328982216,-0.23684523854690662,-0.040660818336456836,0.7609940050115082,-0.21806783137029365,-0.03224523992687667,0.6569032969153228,-0.15618400147514958,-0.054673374523815814,0.9071692096022828,0.1888833021373496,-0.061047612550296525,0.8209805287059849,0.07957617124130142,-0.05613866648007022,0.7153923985837182,0.0798489967015453,-0.023179823851714635,0.6283790052961689,0.12310196566729313,-0.0019452563015928096,thumbs_up
0.0,0.0,0.0,0.08765854544750054,-0.6400842228033365,-0.08758659176680285,0.30962706646923815,-1.098194809381823,-0.15986115097637035,0.5040363466730354,-1.4682023341705803,-0.21916216788175796,0.5965849580851766,-1.8046143102100014,-0.2650308669080494,0.9265443024599936,-0.799316850951903,-0.07871413271231828,0.836945873791802,-0.8299525619542002,-0.09660511894927382,0.6942904997473454,-0.7579316457101641,-0.1420651337635514,0.5917366017338815,-0.68712803225562,-0.18844868582957683,1.004500728403174,-0.43983018992943407,-0.07250090288368896,0.8691248404878842,-0.4866693133162255,-0.046795018355629284,0.7449255841487042,-0.44854286471716853,-0.07679940680905163,0.6447286654893869,-0.3755054697478967,-0.1299490462493504,0.9724658143531832,-0.09998412239123043,-0.06439925703521118,0.8655335655388087,-0.17722414710518872,-0.04814658301464261,0.7521197200505624,-0.1610083763167403,-0.04047048444451177,0.6425192145824441,-0.11684021298455755,-0.06254111548442444,0.8944051143766392,0.20008873922101464,-0.06624260832814059,0.807404267739578,0.13650397847623705,-0.06076375613761002,0.7015170764595833,0.13382452201890985,-0.028920886133441407,0.6131529433863208,0.16211522587089133,-0.008767744741429676,thumbs_up
0.0,0.0,0.0,0.11028889446319416,-0.6024899826023887,-0.04179645764343324,0.32159692506236864,-1.0844488335076032,-0.11580193328074137,0.5017016368250269,-1.4657329999973798,-0.18780598464561005,0.5666196126574499,-1.792014314342024,-0.24338660735359025,0.8149072710353904,-0.7766415360494986,-0.11608467795892569,1.1035373923340366,-0.9271515262164286,-0.16202359034895533,0.9464924517956083,-0.9193863360868859,-0.1875260212994813,0.7937997781869862,-0.8667445579277531,-0.20273670489735862,0.8837760387497391,-0.40782159009612695,-0.12689966490957524,1.1361551208641893,-0.5915576860490671,-0.1239212194900321,0.9870383492895201,-0.6087086076242613,-0.10645002331450133,0.8454286217003629,-0.5423881661735226,-0.11074580873490235,0.88075226122981,-0.07558904389969576,-0.13304404883424195,1.091423402909458,-0.23849159015110596,-0.11262482128580152,0.9690513424418683,-0.26227802350614465,-0.058136359045765904,0.8298724268268745,-0.20708329557037441,-0.04186873615568212,0.8532123058820154,0.22229542401607283,-0.14172983579337606,1.026730052751617,0.07234333775445075,-0.11522123690105603,0.9213540261728032,0.03202476298438681,-0.043736201964411275,0.8041063593105978,0.07643977029674003,0.00476922258238867,thumbs_up
0.0,0.0,0.0,-0.04936378815205363,-0.5775496711027736,-0.12911343742632753,-0.25796568556653976,-1.0350534051937634,-0.2145194035452301,-0.42794013308409984,-1.3443529773252787,-0.30175061330284836,-0.5636605140335311,-1.621191852965777,-0.3675434542598918,-0.8946829747266258,-0.7321403027775427,-0.12617764817325014,-0.7161994803711581,-0.9719933547256907,-0.3094959117362967,-0.4779435969797001,-0.9004415260928561,-0.41481867447141874,-0.4308431072654681,-0.7910940832227104,-0.4738097479022096,-0.9491783144422892,-0.38441315645529855,-0.14582541401787563,-0.6159719177241276,-0.6531798459466179,-0.3167830162398561,-0.3571473912325216,-0.5555787750013356,-0.37249173284427817,-0.388562414451779,-0.4263481083874957,-0.39569986507835575,-0.8945187386224527,-0.05198458486584937,-0.18728675192175653,-0.5747642708662272,-0.29188613606623637,-0.34460186124017905,-0.35831578230918926,-0.22005359964013949,-0.3288649102170227,-0.4128649488464664,-0.10194101918352091,-0.30192192221463965,-0.784199841033216,0.254797435172167,-0.24342686386356616,-0.5485967197718024,0.08287860854211472,-0.3395917874437779,-0.3948030189917791,0.07808967480208757,-0.31987436133321157,-0.42643996303188786,0.15460973744080272,-0.2873236472906901,thumbs_up
0.0,0.0,0.0,-0.015805958781379248,-0.5417098495389677,-0.1161594364925613,-0.19507718011883327,-1.046259674602127,-0.1784267898951299,-0.33319681113977406,-1.4269952744153844,-0.2522133793031915,-0.41952839666407515,-1.7120777323094056,-0.31050611601981926,-0.69869636322626,-0.8101344912000661,-0.0430364971093695,-0.8638447327016873,-0.8890802118281865,-0.2157240945457722,-0.6346026158669896,-0.76064688027713,-0.3217986756024525,-0.45803414071490806,-0.6706158881151583,-0.3643740405120293,-0.7963344369593691,-0.4781504507844976,-0.05491779190874433,-0.987745766803427,-0.580910246776041,-0.2441570026530436,-0.6816112504810345,-0.4775683208368789,-0.2939919629655421,-0.4759546974733043,-0.41216769904006606,-0.27885941108628753,-0.8390779484264974,-0.1478646541258918,-0.09494399026394446,-1.0392903462975382,-0.21562954053452438,-0.26339984424389895,-0.7469369175759454,-0.18452279213057032,-0.23054880326976981,-0.5504441695832349,-0.16397900317714048,-0.15750789688377825,-0.8305347537535035,0.1755829393635693,-0.14782097051173396,-0.9927688260600878,0.15526383214430808,-0.24656056833118906,-0.8015088645921337,0.10883422716174476,-0.20954377390162474,-0.6567549217809447,0.06874750425254528,-0.14789171927005298,thumbs_up
0.0,0.0,0.0,-0.024745092309050486,-0.5537128988963815,-0.114245852565993,-0.200359193849728,-1.056988720115103,-0.18343226457503073,-0.34093785944799043,-1.4402773633171553,-0.26876023807220023,-0.3997885787743185,-1.7212544274401267,-0.3363742101485882,-0.7401047328248463,-0.8110431645473233,-0.02845523592217945,-0.9854734533941906,-0.8844436753201432,-0.22041748872375286,-0.7329189887915714,-0.7653652947069668,-0.33911046991946414,-0.5238447263237803,-0.6815540658823853,-0.3834648839040488,-0.8165169604899227,-0.4753411013761949,-0.04438033700887709,-1.072635332628407,-0.554397049750696,-0.25248298535550034,-0.7438638315057138,-0.4776951772778947,-0.31169983535572887,-0.5231833543153616,-0.4293404003060757,-0.2963946846153284,-0.8488794166880987,-0.14632030934949705,-0.09027673833377388,-1.1178467270513055,-0.1978609828369298,-0.2749088573244586,-0.8041682732127796,-0.1896480306753772,-0.24236039024891476,-0.5890678277894194,-0.17732624600071428,-0.1612918645648726,-0.8384258901156023,0.17677798274432907,-0.1490468234911717,-1.06006936265313,0.14367403583837704,-0.2585399983007731,-0.8438278148720137,0.08563039458645559,-0.21599853989701562,-0.669269002278261,0.044145403345789896,-0.14421812544618418,thumbs_up
0.0,0.0,0.0,-0.00466788445883894,-0.521079762033227,-0.136468980684669,-0.24265073839088938,-0.9990820564229017,-0.20317921709399875,-0.4495829937560865,-1.3745969931224553,-0.28040216488434455,-0.5602009710116256,-1.6659517815808835,-0.3358138674560921,-0.8684799962871264,-0.8088563494959004,-0.03431522345135243,-1.2571914632436072,-0.9506832253276469,-0.2215452384979024,-1.04310797908982,-0.8512360555295935,-0.33789088256248623,-0.81586003853721,-0.7653401942447259,-0.38082362985434964,-0.9646378367404814,-0.47022924661009197,-0.04319545628614794,-1.4022832509022694,-0.6054832577397125,-0.249665812528871,-1.082774960976286,-0.5212966226996364,-0.3127252161734479,-0.8152344948401149,-0.4775801610313968,-0.2910260095970911,-0.9965739841831925,-0.14115642873330528,-0.08442360411658135,-1.4324609232083898,-0.211480535372524,-0.26027424109691566,-1.1441823281343526,-0.20801324784737527,-0.23087203190851394,-0.9022673226627559,-0.20951637368783124,-0.14777545538873352,-0.9761357975506324,0.17952917871322782,-0.14157321187680869,-1.305405507530557,0.11947118980483265,-0.24971231962312243,-1.1341798368243359,0.08240457009816976,-0.21058208340562842,-0.9495697451311307,0.06551592491718744,-0.13973107311599312,thumbs_up
0.0,0.0,0.0,-0.040910778031092374,-0.5404976936364569,-0.14681587080348457,-0.24502973998517405,-1.031569763127693,-0.23661917752761963,-0.39045602814737407,-1.4380720523194248,-0.3365637869909754,-0.4588610789144746,-1.7552650060719988,-0.40898830431677596,-0.8567090513452219,-0.791662306943209,-0.06867771489896567,-1.170806837431199,-0.8499504342974262,-0.285152056995066,-0.8872378301726226,-0.7444837098862255,-0.4028950784800229,-0.6799559023208336,-0.6992854328910348,-0.44291527831816957,-0.927514261445865,-0.43796556213395926,-0.07562788106569145,-1.2454861302145066,-0.5037174081395224,-0.30299362029684396,-0.8782166892980502,-0.44126718306070484,-0.3465174848880571,-0.6706001542364792,-0.4301242124329386,-0.31516202642612967,-0.9452086821956875,-0.109260978499941,-0.11810097502691749,-1.306642581529725,-0.14526398021644354,-0.3239930773730243,-0.9630997687918444,-0.14469223212611532,-0.2696103575232892,-0.7474857951693575,-0.15594694239493,-0.16662925390010994,-0.914584068274687,0.20085730630041185,-0.1761732950041371,-1.1979835289793734,0.20263535314337264,-0.3003365923267853,-0.9818328788327267,0.14506089137979342,-0.25018720932043037,-0.8073533664278837,0.0937153028913021,-0.16687706153243054,thumbs_up
0.0,0.0,0.0,-0.028953708794933395,-0.5255248836033105,-0.16468226952230636,-0.28975315577842,-1.0010914148164562,-0.23821879137495577,-0.5435853448199922,-1.3291906198493817,-0.3120521999267963,-0.7564776378290159,-1.5151485913456373,-0.355641612221077,-0.8749623360019969,-0.7339002022159441,-0.07254028840463414,-1.2057842848735292,-0.8097139829340622,-0.28595421170562674,-0.919712544821659,-0.7050305657025002,-0.40258942296873995,-0.6880446597887875,-0.6326548661959575,-0.4383969334387373,-0.940303643680915,-0.3876570833822542,-0.06646615643955667,-1.288446754763107,-0.45128596056105463,-0.29996900422432976,-0.9143546410445718,-0.4106701662721351,-0.35000577415714923,-0.6711752569875074,-0.3979357976990041,-0.31543517971063856,-0.9485576000046428,-0.054779598213174116,-0.0976018972651512,-1.3236368916918226,-0.07609801526192529,-0.30712805851357333,-0.9845837087348029,-0.10448841911429886,-0.25913853642548895,-0.7521556615498889,-0.12503923764212876,-0.15704270444609142,-0.9061721564884002,0.26296983386704953,-0.14517690634006247,-1.175309735360005,0.24769553219024573,-0.28530283226916003,-0.9630302198031647,0.16599297358342374,-0.249958958742168,-0.785099188814035,0.11155875339150377,-0.17337139543942576,thumbs_up
0.0,0.0,0.0,-0.03952166872293202,-0.5245246187283195,-0.16932403923784786,-0.3088730296397283,-0.9850241258728099,-0.24420187547153016,-0.5780011555803909,-1.296460437715389,-0.3162261801910288,-0.7989299204726299,-1.4860772992916376,-0.3575058501406364,-0.8841569905475865,-0.6900321028821322,-0.07828858515341432,-1.2109833114564452,-0.7784843200429683,-0.2856974819339805,-0.921192952253459,-0.6824437642294556,-0.398521718037232,-0.6905056003592365,-0.6088414182721286,-0.4327598409196511,-0.9435578164220148,-0.3401704907668746,-0.06650767263187886,-1.291673471064508,-0.41350875098533746,-0.2901801310342172,-0.9146661144808265,-0.3885047831224992,-0.33596829128624334,-0.6739511382381524,-0.3769889943721511,-0.3005714664349345,-0.9487959983157833,-0.007320951842076655,-0.0910255576816202,-1.3158490762386432,-0.039357027770108854,-0.29240077230674094,-0.9733855785172866,-0.07987850859502216,-0.2421169649845184,-0.744349381441916,-0.09670407123240901,-0.14017999873104267,-0.9050698989448477,0.308308546372906,-0.13194115552424082,-1.186387644903929,0.27802286373278323,-0.26628488485101875,-0.9709096715569427,0.19236170272456854,-0.22653314690187504,-0.7906592915555595,0.14549886309517807,-0.1475570172133821,thumbs_up
0.0,0.0,0.0,-0.06114963899002859,-0.5566074257694402,-0.15431528559245083,-0.3561733890812679,-1.0204739620222225,-0.2148891985026691,-0.6503238020444294,-1.328393469774121,-0.2805760539207827,-0.8721930100083295,-1.5123767728264428,-0.3161603472124695,-0.9337451269836757,-0.6925863120852848,-0.029415037161950555,-1.270511141581524,-0.7595517263052096,-0.23653286371638624,-0.9672066232716537,-0.6920333533430025,-0.3476797342078975,-0.7405506287602989,-0.6349198910657239,-0.3779551750861457,-0.9755362502493833,-0.35097093373880367,-0.026343110286525827,-1.3277096581996957,-0.3945516805370234,-0.250350421539931,-0.9490445667496219,-0.3922047716766501,-0.29868149548761713,-0.7207154499369532,-0.3875379687341524,-0.26319689833558135,-0.965404864194225,-0.02171228380573412,-0.06242127903503381,-1.3241677675077186,-0.04176484717280137,-0.27702448117449185,-0.972413827305607,-0.10957362900118413,-0.2309113099683927,-0.745534222188356,-0.13379913139588634,-0.12576752420440196,-0.9091080713265879,0.3035709726656456,-0.1134607361964838,-1.20658404570278,0.26096444630802684,-0.2567181793921922,-0.9784096307061776,0.14834827790656024,-0.21741378756959157,-0.7841153355339332,0.08939358964925487,-0.13531286896657085,thumbs_up
0.0,0.0,0.0,0.027936461289382413,-0.5467745916931495,-0.16397205374563265,-0.13294371424461573,-1.0889815324560173,-0.2468735491618493,-0.2560106557180294,-1.4891389654378742,-0.3195724548533926,-0.2803421503978074,-1.8368539670573354,-0.35955462500624547,-0.8282400388337836,-0.966735476913319,-0.08802887862342006,-0.7755779784009023,-0.7536758703826646,-0.24214471643739138,-0.5383288736228758,-0.6456429249667635,-0.315395417888755,-0.48605398616817264,-0.7364556837849431,-0.3514469406327124,-0.9550973146444615,-0.6364593007498445,-0.08216100478183087,-0.8305292114449147,-0.4268527622741844,-0.22257634058020284,-0.5312575701145237,-0.3626260133191995,-0.22245417314751043,-0.523986837864982,-0.49439791042218867,-0.19619922836255507,-0.9791000588670652,-0.2949897656469181,-0.10711617225097785,-0.8589980108239865,-0.12095877965617259,-0.2517834917014192,-0.5861238429500253,-0.10063487187481546,-0.18330758119919308,-0.5755862025429254,-0.24195320695227973,-0.10937155387008754,-0.9562580414092196,0.02290083606373765,-0.15307777602970124,-0.8750875731084501,0.1532515805880023,-0.22574987172537703,-0.6645306289436459,0.14871640861854996,-0.16682074577190317,-0.6251514732777138,0.05055152210631134,-0.099807979035373,thumbs_up
0.0,0.0,0.0,0.04866729516756485,-0.5416472467638906,-0.1858571559260895,-0.09242425822600611,-1.08249290640234,-0.2809825830390602,-0.21156462516053368,-1.4944231536675114,-0.36061143549586977,-0.2207531434343273,-1.8768901863463476,-0.41064709039306846,-0.8133364050246785,-0.9809357277900519,-0.12980765013460513,-0.7439516669971359,-0.7194570299258888,-0.30538343686049396,-0.5162445108632883,-0.63896839585149,-0.4002122273506496,-0.4836971409345547,-0.7599762815716616,-0.4504954506801055,-0.9547760052671771,-0.6497881928028201,-0.11663428564934451,-0.7977806048715871,-0.367042182861532,-0.27165949954851476,-0.5127929614217294,-0.3315792841503251,-0.28790052329965937,-0.49681702045568443,-0.4688942542984235,-0.2757773581053333,-0.9952524893071719,-0.3075838061350881,-0.13437528134552343,-0.8215828140397602,-0.0497823077467798,-0.29236650507613005,-0.5503221464578157,-0.049766015325531,-0.2417955168563672,-0.532077485832875,-0.19770364412784897,-0.18079942831848064,-0.985838524654348,0.003020614899528064,-0.17533713952573746,-0.8394684304314304,0.1933160950855463,-0.2651171250546087,-0.5965975105307907,0.177791046877562,-0.22246397353577388,-0.5332002373121831,0.05784950012812458,-0.16535856610591787,thumbs_up
0.0,0.0,0.0,0.030188904331236565,-0.488679357421116,-0.154776714887656,-0.13820299190785268,-0.9689070284907995,-0.2462215452018064,-0.25717702593288533,-1.3117404875905876,-0.3223125053109465,-0.3562866713076547,-1.6027813105549418,-0.38067974702500795,-0.6524685406106183,-0.6805681120069464,-0.2405465770179917,-0.3111376238463932,-0.6446241249293092,-0.4158593428895215,-0.1575400187355818,-0.5759932134588406,-0.5164735877498203,-0.21750255739147545,-0.5659857731593771,-0.5814765095392939,-0.7453690673841491,-0.2990946107978137,-0.2406495030879844,-0.2964631045606119,-0.2896547610313413,-0.38382485503718994,-0.1584457132941851,-0.3167850033634344,-0.40563297611917415,-0.23288912485234284,-0.3732880557778146,-0.4267271290194369,-0.7287697871607828,0.034247798358556944,-0.25812558634153504,-0.3105782619132683,0.02575295757227071,-0.36887588908864993,-0.18320813030034352,-0.017386848659446365,-0.32185218372009977,-0.2619668024860966,-0.07447724024649643,-0.29718252132021056,-0.6580327198401237,0.3177131894283386,-0.29888595577861743,-0.31874688442930454,0.30046823840214,-0.372739011010821,-0.20742069397766685,0.2467614470800598,-0.3572547289265428,-0.26048730023015887,0.19892731605357905,-0.3434889442098709,thumbs_up
0.0,0.0,0.0,0.043846338002242725,-0.4308538551250833,-0.14482507411372045,-0.026060138320311746,-0.87549571506416,-0.23541306963969358,-0.09586652667546645,-1.2235597848998656,-0.3073552668966993,-0.18671747494203286,-1.534594146172619,-0.37221841435662656,-0.4161726894247015,-0.6547236641362265,-0.2876302843161187,0.018225238035383153,-0.6943521106328706,-0.42421358103800033,0.021919619782419245,-0.6247128904785857,-0.5063694315019457,-0.10077172438273058,-0.5772286033066706,-0.5714924926839525,-0.48080147753720437,-0.2835939317991874,-0.2844050205510352,0.07702159505469325,-0.36786871019353184,-0.3715344355474943,0.03348474892327533,-0.3657895778778303,-0.3831928204097486,-0.11425467384927689,-0.3516615579121738,-0.4245466752131942,-0.44832790102216286,0.04344811566386493,-0.288988725591738,0.06491840435859586,-0.058653678427484895,-0.355973241069922,0.0279522268104116,-0.06032607027992356,-0.30370061421651007,-0.11628589171249983,-0.04529583892018829,-0.29239941385139034,-0.3697788996990125,0.34376667583117937,-0.3170353394370091,0.030994262159998145,0.22495090102780885,-0.39242686707228647,0.028798892931802184,0.1856063920273344,-0.38606790938463426,-0.07213875742525247,0.19750053374187693,-0.38521591943519046,thumbs_up
0.0,0.0,0.0,0.03780651824134826,-0.4627792685182861,-0.1312931810706637,0.044541443610945836,-0.9669811338139724,-0.1897957379273308,0.05168589763238342,-1.3576677514383826,-0.23923114415618313,0.038697484614112716,-1.7320512638393617,-0.2815971293893334,-0.17577233589371474,-0.8435584144021749,-0.17493947754901462,0.3245966087893782,-0.8313461362199912,-0.31055818179287864,0.2505462474255449,-0.7356085942172473,-0.4116044061754919,0.08697429777494046,-0.7341652101122141,-0.4970442721868684,-0.23714477533602177,-0.4928443202344028,-0.18808959306695128,0.35657886405798367,-0.49355114736307765,-0.2988284097480205,0.22708438069147832,-0.4383599148772633,-0.3475721905554705,0.05496881606283229,-0.45717370573756494,-0.41460191806817925,-0.2369898085049716,-0.14901863177489424,-0.21730057361580757,0.31963599789184066,-0.1654696429905509,-0.322579492156583,0.18702062376476145,-0.12167014489085605,-0.3068473161408921,0.018076676449299226,-0.15839765547284182,-0.31259265565861266,-0.19732554640650155,0.15188235935300598,-0.26785408922165926,0.23577162799614076,0.09432017151443366,-0.3722329366238171,0.1390176968257178,0.0791928817668842,-0.39350598977507406,-0.018304853030269977,0.07412394273684995,-0.41237533828823425,thumbs_up
0.0,0.0,0.0,0.10393862493369833,-0.4996848248299104,-0.07915309551363746,0.3527566393252342,-1.0629870483409367,-0.17325504852499415,0.49058324100409056,-1.4756836881854503,-0.25237405258685586,0.4933860299005872,-1.8521273345264664,-0.30861197065457774,0.2938631030883671,-0.9417535254160126,-0.3848817508374327,0.8467298561176682,-0.9902431945420852,-0.5574883998567317,0.7216818624220784,-0.843107623603314,-0.589888914393459,0.5337968302045055,-0.8100119751577595,-0.5946158156233743,0.2604626410651978,-0.591127402096769,-0.42779658065629134,0.8653126382248648,-0.6488183272185193,-0.5627913613478998,0.6960823839595078,-0.5581222627135245,-0.5026344382825878,0.49903966725765836,-0.5280351055788077,-0.4734521847687776,0.2655335795830987,-0.2537784346122771,-0.47024589188633115,0.8017584462856101,-0.31339623034982017,-0.5546148773800309,0.6344752588730903,-0.2654181992288728,-0.43099375718173855,0.45513080389677013,-0.2566851967291135,-0.364970996018743,0.2806424219164617,0.04905740778965426,-0.5194882448466976,0.6971741027730751,-0.06311548479012331,-0.539540817454911,0.5614437956985507,-0.0344338361519417,-0.446063796559669,0.3929355569075315,-0.014103705536013832,-0.3977117610490103,thumbs_up
0.0,0.0,0.0,0.11725484321349511,-0.6169094417829879,-0.012240174239305419,0.34173927123288933,-1.1255270509890811,-0.08689556077477686,0.48716610560848816,-1.5444799324203375,-0.1628121283317018,0.5372955450472712,-1.9036668200043794,-0.21996559509445232,0.7138076834532041,-0.8099088458700733,-0.19863334848039652,1.2496719479853338,-0.9295108632323683,-0.2747885222134279,1.0951687965442283,-0.9510988853398012,-0.27934064733724434,0.9062417356710597,-0.9086852989694498,-0.2625491902863006,0.7785949618564248,-0.41293269054541415,-0.2268156916404537,1.2858288949845214,-0.6075868406046504,-0.2653342957499484,1.1293877314989995,-0.6849806394989865,-0.21339910886767924,0.9509348270729475,-0.6442815997160419,-0.1764966090087586,0.7860562688849179,-0.08156961290964973,-0.24423852221028294,1.228698849309777,-0.2923030468209561,-0.22676439884299313,1.103103393968465,-0.3744124389683117,-0.11562002528134056,0.9481839987711693,-0.34344594931828887,-0.05343103689176437,0.7736724270006113,0.18630960368041552,-0.2616016996992688,1.129794926477881,-0.010222757807981106,-0.20193803326175316,1.0414501399147815,-0.10756793039221621,-0.08453796086081725,0.9107712388516048,-0.0964670477602121,-0.008911591956734981,thumbs_up
0.0,0.0,0.0,0.11633309132525692,-0.6218877424266025,-0.004195625630197492,0.35656683232104597,-1.1198586873672738,-0.06790580177421957,0.5222034332496692,-1.5124705194335946,-0.1335854429493819,0.5930619695801356,-1.8522689988780041,-0.18220443656559343,0.7501156221523129,-0.8165281266428787,-0.179362036583547,1.2410388146148437,-0.8928819183423954,-0.23778133640730045,1.0700153793634215,-0.896109174591455,-0.2319973907790158,0.8859568123669294,-0.8602448765899326,-0.21434347921055644,0.8118064285258068,-0.42552184879338817,-0.20738891308378185,1.247567914641235,-0.5749652666510211,-0.22412167828987337,1.0622186758281964,-0.6211480186926032,-0.16746736833052958,0.8839106534727793,-0.5670636023157014,-0.1359329075835468,0.8136361297992492,-0.09177572434929977,-0.22425569073999402,1.1841227634661615,-0.2632539897344648,-0.2029725336310875,1.03488426907538,-0.30352894817072756,-0.10260707259520753,0.8756026024499143,-0.2465671448784146,-0.05393079868888034,0.8022819087428721,0.18032034773158778,-0.23912655515979372,1.096811910074728,0.0021491973352684296,-0.19196539448784353,0.9814326932734069,-0.04774755224811919,-0.09075915971691169,0.8557215659191933,-0.0021653451506675843,-0.028262521486442187,thumbs_up
0.0,0.0,0.0,0.10483727270629818,-0.6719332924496378,0.011195622073663264,0.32356627826781964,-1.1591209082390956,-0.03532190484051414,0.5212846235200052,-1.5509237826978501,-0.08672745736853298,0.5973795129353675,-1.8868302689924363,-0.12035442291691395,0.8936734197139772,-0.8737886095275683,-0.04692835521172333,1.2508644111951275,-0.9341876168856496,-0.03573783299452736,1.1131923173464766,-0.9247081307361191,-0.02369306693033263,0.9629346879633568,-0.905955421054999,-0.018369218299186342,0.9701257528706574,-0.49272857975323175,-0.06512446956429903,1.2652453690630359,-0.6220950873896859,0.0036995897034739268,1.1262763208743025,-0.6595817556048404,0.054629181947423264,0.9662930965361547,-0.6312956502263191,0.06329910319164742,0.9560100456042298,-0.1588425295571114,-0.07368047392764517,1.1751843909090325,-0.28813481390301865,0.016647112943146934,1.0656894113964683,-0.3185374550088192,0.09072172801310258,0.9112440258309137,-0.28550418422647794,0.10327671358300013,0.9134015796924424,0.12536782552046496,-0.08294526798849092,1.0569623150237448,0.0006711348061029123,0.0012920922681675003,0.9605689182393992,-0.04007823300193375,0.08584808392479072,0.8413456092295236,-0.018498787897670146,0.13132420573174688,thumbs_up
0.0,0.0,0.0,0.05289396429443893,-0.6880139419294364,-0.031026373620836843,0.23001775484967815,-1.1941187207115231,-0.09965092061502612,0.4013620773550904,-1.6029250192752962,-0.16598682528894962,0.48213946795096135,-1.9524343957998318,-0.2202074145299641,0.887487043642312,-0.9167240728098135,-0.0649067232568323,1.017121372122397,-1.0208868852198085,-0.04388703459238194,0.8571425572543717,-0.9892938339627266,-0.04870381020120354,0.7152933006560837,-0.9141016902148161,-0.06523230388763974,0.9878403459071258,-0.5564405723890843,-0.06572377147291127,1.0175363713027117,-0.6736875518880848,0.013852547407086895,0.8818744472781702,-0.6645750101923491,0.029621327149646912,0.7612214620901111,-0.5759816035156511,-0.000248939860010546,0.9749662548119759,-0.21246055457074756,-0.05637283192247378,0.9934779135686503,-0.3578759502571842,0.025024773672562204,0.8748892222975722,-0.3487047458310888,0.06446183307925733,0.7426665990252663,-0.2718399215283282,0.048268640373639066,0.9301947004535533,0.08226496645424833,-0.050872640459584485,0.9408530843682263,-0.046886583609768606,0.00892617477448087,0.8307086553105433,-0.05102785527732176,0.0670616411755045,0.7228944843054583,0.005146465479662149,0.09576172551649387,thumbs_up
0.0,0.0,0.0,0.02121054968363637,-0.6659661235061456,-0.04405920046121114,0.1860869749391935,-1.1626313891857274,-0.11243262328801126,0.3455058329445575,-1.5623418704938137,-0.17792513350913608,0.4168930572933073,-1.9133202085483259,-0.23279956320629913,0.8469439466809365,-0.8999107713139508,-0.06301695309420643,0.9266184533898515,-0.9109446012405508,-0.05487543472285492,0.7848848101643892,-0.8586306014517118,-0.07456236686833395,0.6607883383320275,-0.8086606344676236,-0.10224532464971633,0.9456141625693779,-0.5403944370908423,-0.06895942673883095,0.942923732908534,-0.5582471981356374,-0.0026093245580077404,0.8140418975152508,-0.5337701018754873,0.00251702813929387,0.6989884830018029,-0.4734631359363803,-0.033071455219783594,0.9351100210754051,-0.1968373892562628,-0.06866271971438573,0.9240874954751112,-0.24629139448966691,-0.006214849920739767,0.8057570375107225,-0.2289610548105879,0.02559117281703708,0.6819011863383044,-0.1869388366715435,0.008160338497165439,0.8845756452278926,0.09931335131006866,-0.07463624871526289,0.8626004386148387,0.053886916049140234,-0.027834867993398873,0.7508305271673636,0.05390306508672033,0.02449667652620949,0.6518207777638008,0.08313282310669241,0.05012591987970456,thumbs_up
0.0,0.0,0.0,0.07263589103026814,-0.6631427196545702,-0.03023058309565263,0.2664169559102516,-1.1379920866965871,-0.09569711197158713,0.45334421844772116,-1.5222060275192135,-0.1598846991561053,0.5559571906864647,-1.848652838429415,-0.21085266982574477,0.9149449677441724,-0.8446696384911562,-0.06108113607765557,1.0772298656941095,-0.8478487269771158,-0.040590401463462426,0.9372247574538414,-0.8188705462921544,-0.04083990012052209,0.8013992487035361,-0.782763573721124,-0.054608319316840834,0.9993462239893229,-0.4746198735722858,-0.06749808300555687,1.038304552266732,-0.5191399962196348,0.012279458590937303,0.9072674046313605,-0.509138107140581,0.035783380182399946,0.7836610139738094,-0.4519161248737978,0.012999462111154223,0.9727249815005125,-0.13483586848960513,-0.06647990704368618,0.9908964354818719,-0.2180453691726431,0.012033088103500005,0.8708149839953664,-0.21214376341945218,0.054082209959493505,0.7364835985190474,-0.1712746000414398,0.04097326365074176,0.9127700138433171,0.1552817235420367,-0.07070107077034071,0.9105797603778131,0.07969784797602944,-0.014863200547320241,0.8020659876261234,0.07464657592121067,0.03862990759278028,0.696019068363982,0.10480845976583789,0.06494137793402967,thumbs_up
0.0,0.0,0.0,0.12109801281913639,-0.5205627786518034,-0.012325337885507692,0.3752619116497097,-0.9724427574776043,-0.06878078615654237,0.5533087509043522,-1.3261461821480842,-0.13091282362730675,0.6060365522128597,-1.647268952635809,-0.17867883814387242,0.7420204104430973,-0.7879766681067877,-0.13294012444129272,1.1651372108637328,-0.7267086363805629,-0.20342319473256854,1.0335703771314497,-0.646546698441955,-0.22685585801722483,0.8734208432361341,-0.6368875029230154,-0.23460094641966606,0.7733687591885706,-0.4474510427638655,-0.17796557685107403,1.1633771870464553,-0.41014402437614045,-0.19333297205185562,1.003135970204136,-0.3703853895472854,-0.15361841903364148,0.8296231053483503,-0.36782187659603316,-0.13746125104528742,0.756203473579334,-0.11157092737343788,-0.22094429319616976,1.0931700679874001,-0.08960022808917717,-0.21664311316988408,0.9470978369784315,-0.07582468482367599,-0.13126985470980565,0.7861939040310013,-0.07915775699938184,-0.09299695060985702,0.7128381615597,0.20278607477321803,-0.26536966673075013,0.9908901605189513,0.1869249249416319,-0.24595217057815982,0.8621997890097785,0.1760868455450818,-0.15847012537777255,0.7252525379230367,0.16580536104726878,-0.10405287852455138,thumbs_up
0.0,0.0,0.0,0.21611516388764757,-0.42898797463891136,-0.17987113919332856,0.25312588380889833,-0.9098938216215445,-0.26299244738953204,0.18946276785592606,-1.2714232724493528,-0.3168706612993656,0.08886751416775601,-1.657783949215049,-0.3622482658542925,-0.1539205292598259,-0.7960643594907606,-0.32389652789308837,0.36472525053643556,-0.5868778353629663,-0.47596637218588295,0.3296485462179003,-0.5210051075149602,-0.5715984718340785,0.16396303469545515,-0.5736857112190443,-0.6524727624560458,-0.3018915304523729,-0.4668645883164328,-0.3090407239014328,0.3053480293564365,-0.21838101232341128,-0.4113584078631651,0.2273274638559418,-0.25619058906496334,-0.43686661374748764,0.04480488100995272,-0.3459731574087008,-0.4991691126674211,-0.35765322621909224,-0.12310588435925249,-0.30558618024133494,0.18635970257538972,0.10191178462512349,-0.4044447117536215,0.12112680503846873,0.06128665657285914,-0.3675747228444786,-0.04284926461675824,-0.02850410517416351,-0.37053275092083965,-0.36648832195242925,0.1810801714403821,-0.3257671377271995,0.04923602247752611,0.3543393670176745,-0.44167958642951977,0.014094143360131752,0.2854291211154132,-0.46315933799636255,-0.1347911671535526,0.21660453352022377,-0.48617786656426826,thumbs_up
0.0,0.0,0.0,0.023832046145756066,-0.5585225788148614,-0.18519775362925905,-0.15872943863264252,-1.0881137916578485,-0.2725881529120745,-0.3069578425066129,-1.4994058310242773,-0.35618448171569345,-0.3171580591867843,-1.8207347348407592,-0.400600093590683,-0.7590772623758757,-1.006527828495822,-0.08439476256507752,-1.0677899427165736,-0.9111546986166652,-0.32655077156856444,-0.7869665085758013,-0.7304809162758308,-0.4382456477482873,-0.5991239515018363,-0.7609971953218507,-0.47059906577372235,-0.8379644379207895,-0.6399334918761614,-0.06696195696281762,-1.1240464717090617,-0.5668445552250756,-0.32761659604165344,-0.7559444963840452,-0.43562242633947845,-0.3469342765196731,-0.5904690250689566,-0.5479501835421544,-0.2894066383709381,-0.8753047139677658,-0.3117271692374429,-0.09460645581963144,-1.1422722821120121,-0.2417670560083514,-0.3378265952232309,-0.8074386967071626,-0.16787225808274978,-0.2624766194121557,-0.641838443056759,-0.29462745534395207,-0.138695438104224,-0.8706328672761354,-0.014455826561346809,-0.14226090113557566,-1.070395094300077,0.05867253578810095,-0.27780037808187663,-0.8239084865050774,0.08275138680560204,-0.22286815829736206,-0.6573924724459744,-0.01957012815284277,-0.1327495992521542,thumbs_up
0.0,0.0,0.0,0.0030360727763447553,-0.5548392393197699,-0.16247671047764425,-0.20380384522040013,-1.0601165799279137,-0.23373953807970324,-0.3738575868252828,-1.4327424837512508,-0.3001425594528741,-0.4077683696955967,-1.737779806753415,-0.32817064048117595,-0.783599442082469,-0.9506687578143345,-0.08871263649826937,-1.0862908957858115,-0.8594419631946749,-0.31292413987046896,-0.7889889877295143,-0.6943685133491743,-0.4144975786112652,-0.6060305021889628,-0.7178284496887677,-0.4441021574530336,-0.8482462535470765,-0.5800597612083475,-0.07783162625721912,-1.1401205980969347,-0.5107572683360122,-0.32159335952122,-0.7734173507338784,-0.4017126746380411,-0.34060570843440907,-0.6039408110948865,-0.4897610805699647,-0.2889611961673111,-0.8737520767553314,-0.24986542288021574,-0.10598903376161921,-1.142097478964206,-0.17498735986644293,-0.3308183572372224,-0.8071590378170017,-0.11829436279908793,-0.2566973995692644,-0.6413990667269004,-0.2216547365738067,-0.13888242045758936,-0.8551251428582233,0.04480120193379901,-0.15135154906535492,-1.0618790783251693,0.12391890185627298,-0.2732491800191588,-0.8266719073910025,0.13473185056476697,-0.21618301016465968,-0.6720222372731822,0.04468566589820726,-0.1286977348085306,thumbs_up
0.0,0.0,0.0,-0.013843023159384979,-0.574539448516987,-0.14875139318155156,-0.2206116110511676,-1.093410434988324,-0.21421046812107158,-0.35694776417221824,-1.5180114563411742,-0.28293737553092824,-0.34963425710473295,-1.8211271465977463,-0.31387103455798876,-0.8445335101388988,-1.02124652522517,-0.04156324852765087,-1.1866360653433161,-0.9584545836044247,-0.27681633690320223,-0.8808942298408107,-0.7631479601045981,-0.39314974917182727,-0.6687858387961925,-0.7452719044831986,-0.4299903087031404,-0.9152071022482547,-0.6533737110742418,-0.04217863730444673,-1.2641663127104452,-0.5872465930564463,-0.3102576546463008,-0.8641118528564672,-0.45763763768828325,-0.35177376306562996,-0.6474740820301572,-0.504824872705155,-0.3049857949967191,-0.932876699428674,-0.3183783065519109,-0.08312666289815188,-1.2481086834367396,-0.2358022781616863,-0.3255615779381728,-0.8839240049108056,-0.17540170292208201,-0.2628910059174947,-0.6732050495778655,-0.25336400259266617,-0.1437965436813988,-0.8941566077703604,-0.02737457268462682,-0.14033617059998246,-1.1218037264855383,0.07243741872105179,-0.27640436403536894,-0.8710851066158813,0.07200551950096865,-0.22811862825522455,-0.6910336493539582,-0.030415012562868056,-0.1418991518276699,thumbs_up
0.0,0.0,0.0,0.002274507234624467,-0.5547177612445928,-0.14652303927454544,-0.19957834493525242,-1.0620103940990764,-0.20880282318078902,-0.3493438797334364,-1.4609423374158825,-0.2707306143227839,-0.3640775987684696,-1.7511249919845162,-0.291942046833846,-0.8017102175820279,-0.9967473600940155,-0.055167358545278926,-1.1313616820919732,-0.9495642048205446,-0.28715456465320827,-0.8306261051747242,-0.7671693564174155,-0.3988351233480727,-0.6357033390282998,-0.7500533639749504,-0.43406642415375474,-0.8684421165409859,-0.629754265702476,-0.05349272630324729,-1.205877884256423,-0.584587018910666,-0.31107001669637113,-0.8085821138783418,-0.46866186515384645,-0.34356797775890285,-0.6156705489551006,-0.5198423842647604,-0.2961358385582951,-0.8893410421740718,-0.29600523284217506,-0.09060140948672027,-1.2000520008865037,-0.23916238255483094,-0.3264913460096657,-0.8361657471674285,-0.18186683421814717,-0.2522776853568404,-0.641974308710446,-0.25744176892232457,-0.12994919531179966,-0.8609490123572762,-0.002406110163127177,-0.1433503720992207,-1.0800971834867295,0.08591968605820169,-0.27505861299106377,-0.8322175090806936,0.08066037633100663,-0.22005422256393872,-0.6702136530900253,-0.016986993529290468,-0.1318765422336977,thumbs_up
0.0,0.0,0.0,-0.03420508095643007,-0.5619540413349375,-0.12870059639302825,-0.24453201244717374,-1.0681864747845957,-0.17940988603886404,-0.39494767244248064,-1.4714571487307204,-0.23288110874905593,-0.4201017471653309,-1.7468242930748357,-0.24569113444583032,-0.8446377518496583,-0.948549827290866,-0.03004541375748066,-1.1647241109287287,-0.909428831725448,-0.25463954740976,-0.8513787331554945,-0.7480178966648906,-0.3667065498603158,-0.6550769566960744,-0.7327187591463429,-0.4024086724264448,-0.9019117212449381,-0.5814448025160543,-0.03332473295932491,-1.2281220061824718,-0.5359971704085504,-0.2852406851549831,-0.8266866634181931,-0.44852931573688753,-0.32150645174026843,-0.6338420583505785,-0.4921109779485323,-0.2791738071377631,-0.9110947731146689,-0.24452871130626996,-0.07370966896712812,-1.2175010495475136,-0.19188046560240563,-0.3038400351314272,-0.8505335895038014,-0.16171464002370467,-0.23129968172500429,-0.6494105483347437,-0.2302809871655747,-0.11222222944725989,-0.8679008917985646,0.046372776845787014,-0.12796292035185097,-1.0843862048059547,0.11795801734415978,-0.25739543268081977,-0.8338046969116324,0.08837896956110493,-0.2019122419602666,-0.6688186778326128,-0.008115029626706242,-0.11420829123857551,thumbs_up
0.0,0.0,0.0,-0.062090433810804896,-0.5559570753610693,-0.12463045517242931,-0.24723027641496115,-1.0808417364705272,-0.19403758274646024,-0.3541727030068637,-1.5098017266957529,-0.27538216859553794,-0.3672153688254938,-1.8001049694809672,-0.3296899771834732,-0.8005887130314682,-0.9183527298565747,-0.029195863391625446,-1.1364072684894828,-0.919404196490101,-0.25066593413734833,-0.8523626150201169,-0.7698015632527634,-0.3694619425731866,-0.6292989651530775,-0.7313403315061948,-0.40817628808362516,-0.850841778800885,-0.5574269627055024,-0.04706745033419534,-1.1961551616437835,-0.5579842006404986,-0.28707881190665485,-0.8264618807553156,-0.4712982590530922,-0.3380780202555507,-0.5940337292483484,-0.48696983758536777,-0.306226543559705,-0.8452394946765857,-0.22452061539540039,-0.10100802937007367,-1.1435317425470788,-0.19347182960746373,-0.31716532235819167,-0.8056699403057734,-0.18066126421847203,-0.2673642740214694,-0.5901746596446363,-0.23482656363486898,-0.16494820576848918,-0.789309936639141,0.07175176802564681,-0.1690739262767181,-1.0090345892331427,0.11951473830550725,-0.2858798519725339,-0.7798279080054141,0.08264252074106537,-0.23329749040808687,-0.6064774381258067,0.005403042026958695,-0.15105254625795497,thumbs_up
0.0,0.0,0.0,-0.06392668544186618,-0.564806438180836,-0.11074528714953494,-0.27151178521076447,-1.0656965277696706,-0.1677396799181453,-0.40040437009369656,-1.4779724093453195,-0.23855613121125804,-0.4369206143963653,-1.763489664555477,-0.2808398569547781,-0.8406630658208246,-0.9297635865613714,-0.002600620634600952,-1.1655555456927724,-0.8993165154804921,-0.21785018892376795,-0.8818818556364115,-0.7404886537809175,-0.33293087935041504,-0.6654426429786573,-0.7103088984453794,-0.3700462402594927,-0.8952433158500409,-0.5695931208438166,-0.02305217246471897,-1.2325855698167272,-0.5427259653021652,-0.26691242416206806,-0.8517120765629522,-0.4459384341400571,-0.31893262110674175,-0.620479749985292,-0.46456111054301913,-0.2827014214488916,-0.8935758377317321,-0.23488976849087434,-0.0786828654221578,-1.1949709751179576,-0.17773420049417563,-0.29803081955349914,-0.8474189183830522,-0.1539075211639233,-0.24570024667204157,-0.6316808085771752,-0.21002555790442354,-0.13748944469493882,-0.8378082923192062,0.0597931474552274,-0.14671627013408034,-1.0612936307069034,0.13524445892893128,-0.2672769183157314,-0.8279516251893919,0.10618012181136373,-0.21444475279948197,-0.655904735451651,0.019084228769018836,-0.1279599208339566,thumbs_up
0.0,0.0,0.0,-0.008554497013914825,-0.5366753525938026,-0.13343225798695066,-0.2184001030072044,-1.0395189410446086,-0.1918060698830321,-0.356723228117648,-1.4347837571275373,-0.2549388618872301,-0.37822472585172434,-1.715354577212129,-0.28433919394545915,-0.7914189217910521,-0.9385032553052862,-0.042893207532286044,-1.1039569103510827,-0.9442585355813004,-0.26429102234283375,-0.8224589488845976,-0.7743843846618783,-0.37218357330759605,-0.6261274399902733,-0.7325887922352476,-0.403394726606576,-0.8568324237971151,-0.5774854394029116,-0.04867866155147693,-1.1748829427443912,-0.5771227878417261,-0.29387769497277505,-0.8006107789237504,-0.4731650913122863,-0.3313854426671449,-0.603006363049665,-0.4985407276773398,-0.28827648494595837,-0.8726382521055472,-0.24665020630910453,-0.09124414482660484,-1.1651981061457064,-0.22458467206877186,-0.31612608492997424,-0.8153029269535044,-0.18332399069488986,-0.2533410417743693,-0.62543126232141,-0.22977330928043363,-0.1395149871237774,-0.8433994699849651,0.05464433723943345,-0.14756355687768524,-1.0665665144353402,0.09187142662402957,-0.2725849202114529,-0.8252292668262162,0.08858399022188286,-0.21707183415790765,-0.6640423207263804,0.030526195162790752,-0.1297047240827981,thumbs_up
0.0,0.0,0.0,0.009722677015401963,-0.5457316343072568,-0.1401973265492689,-0.18799264855555436,-1.0718115498136938,-0.19716309658705086,-0.34206906613725446,-1.4691180386128788,-0.25700591000395845,-0.37951114781986856,-1.7559904119770215,-0.28347346456753336,-0.7699486540083189,-0.9786134182181877,-0.033938791939164256,-1.070036066076928,-1.013232918605649,-0.23721641669727944,-0.7990910025968528,-0.8420361448132264,-0.3351072254622729,-0.6100061141894705,-0.795627604384282,-0.3634682955862535,-0.8493998824345312,-0.6252028882621384,-0.03525835194738235,-1.153382429537192,-0.6484406474963061,-0.26237475989713044,-0.7862843941663765,-0.532977748455085,-0.2948143344087829,-0.593195644549512,-0.5478233403752696,-0.25011401683076306,-0.8735229510576107,-0.2936317246908065,-0.07355325103294935,-1.1548909062250334,-0.2882906786036824,-0.2876281960735157,-0.8136785254159374,-0.23167794336263214,-0.22664759038398644,-0.6311428899920611,-0.2663807137450122,-0.1162883231908102,-0.8459599039080313,0.014231023153338771,-0.1260376796976208,-1.0643258488030922,0.03291156038298699,-0.24816144293156991,-0.8239818296241694,0.037408140108598324,-0.19294010009032928,-0.6616994708312528,-0.012683287378218928,-0.10591641457609878,thumbs_up
0.0,0.0,0.0,0.004779090944494852,-0.5384638914057583,-0.11862793708064524,-0.1691804445030664,-1.0241559747700824,-0.17923739957760565,-0.2701284717320781,-1.426598829871269,-0.24645623010618617,-0.26101565075649774,-1.713119262079448,-0.282524715699601,-0.7427168985072784,-0.9308172568616073,-0.05770575922803809,-1.0486037216728947,-0.9407344063439615,-0.2683292551569652,-0.7656087843143483,-0.7878526086018055,-0.3705768656227752,-0.5858524133587668,-0.7624730639784063,-0.40419463838039665,-0.8162872844434822,-0.5713933638945731,-0.06846596910612684,-1.1312378161029997,-0.5775234945623529,-0.2941573697479744,-0.7583696045148305,-0.4817496905168006,-0.31833103551723385,-0.5765201488855015,-0.5107510574254897,-0.2766023364102882,-0.8373190350069515,-0.23908223967710857,-0.1121071668497817,-1.1346302607749923,-0.2304652315279353,-0.320128859299704,-0.7898532725145747,-0.1886276478167213,-0.2468861317497942,-0.6107438468858405,-0.23472105130399332,-0.13497375693830488,-0.8107777569532855,0.06070302735552317,-0.1684091717028731,-1.0337466378685463,0.08816494120212158,-0.2827792355549398,-0.7957515699449732,0.0748125968648586,-0.22041815965599829,-0.6398701157649819,0.013512183141273561,-0.13408392806569855,thumbs_up
0.0,0.0,0.0,0.09495259644544408,-0.4953223251055424,-0.10932470165058418,-0.022000814278343297,-0.9916241652549038,-0.16357767682863084,-0.13038651507180604,-1.3335145226879037,-0.2094233105300788,-0.22803220663092263,-1.6381170426635498,-0.24599150719634522,-0.4385559626914679,-0.837270569897275,-0.19699939087746637,-0.041149914463328774,-0.819892175465103,-0.3324657239981932,0.06071565129603507,-0.6476673814503014,-0.41349103133327975,-0.041032235556431394,-0.5789878386928278,-0.47297491009049214,-0.5770430900259299,-0.5007942038573273,-0.2075268806700178,-0.04545319216069746,-0.4738659185858069,-0.303309061043879,0.04444092505864817,-0.3857110879936468,-0.32438472488668685,-0.06714324272373894,-0.3732051334800672,-0.36015737501063305,-0.6087701230850244,-0.16962138622337603,-0.22826176601160197,-0.12570544619112928,-0.15218662778401693,-0.30704103430691293,-0.027124607201959233,-0.11043841700115486,-0.2742159504118577,-0.11893757611192764,-0.10392456579218155,-0.2715648426751607,-0.5887930813350069,0.1489144686640743,-0.26676957003329993,-0.2105601260786964,0.15896630383769692,-0.3285848907263129,-0.09628000689848877,0.1482670442571955,-0.31908393755536685,-0.14045720172080545,0.14357283646943797,-0.31680733627520774,thumbs_up
0.0,0.0,0.0,0.17551444050501838,-0.6054578315299338,-0.03405481279554796,0.4696392784664634,-1.0280878514945384,-0.08672789268591942,0.7404043779457367,-1.3254828094574191,-0.14214315694053856,0.8878465172220091,-1.610486374220302,-0.1830596944420771,0.9578337023114656,-0.5947359146418677,-0.0255651193136544,1.2125463497171716,-0.6106084891993658,-0.06918564572908077,1.0672171057459319,-0.6161295500414224,-0.11791464428191842,0.8894695980646801,-0.6015659361822545,-0.14506595266312663,0.9814090656384813,-0.21563929589186465,-0.03540259880076235,1.137176529611978,-0.2626531178825031,-0.0021542018321738777,1.0087131795892996,-0.2953771353407598,0.008044252848399476,0.8578392967506413,-0.27383594713732584,-0.007111811633620928,0.9267107088334443,0.11267938320565414,-0.05088085643486231,1.0525645038555584,0.04012067218879814,-0.020844022308278108,0.9451502458295623,0.008569471346941965,0.018146168832718038,0.8003252673684871,0.02523837469650974,0.022796562957731994,0.8537450867337256,0.39879491806787376,-0.07097486014309753,0.9587916546644852,0.3045390996476084,-0.036573754616233245,0.8550730619686383,0.2675474595988049,0.024869836722161306,0.7320033753929145,0.2823848827847589,0.06500622561385332,thumbs_up
0.0,0.0,0.0,-0.0041041184263773236,-0.6479052438706928,-0.10831035091320847,0.15049658035331748,-1.2208497918058938,-0.16867053081511793,0.29129406677695024,-1.6445250612558568,-0.21417464337967254,0.39329474040852946,-1.9799858235710237,-0.25152783032988135,0.650719558944968,-0.9193408845877439,-0.087177022969535,0.4424436346626434,-1.0291424427426439,-0.08507024081147387,0.28709903710108553,-0.9307283927326677,-0.10880458522250847,0.20713254049069485,-0.8201418509043094,-0.1395135748600467,0.7249372302452265,-0.5516765604349325,-0.0695260356862512,0.49292909911354776,-0.6808081230120864,-0.04429462639136167,0.3722715139645732,-0.6221100509752789,-0.07453452709374446,0.3376754128014773,-0.48830967124897035,-0.13084149395191474,0.6978299432586534,-0.21401906763936376,-0.04813055594882417,0.5251199858250617,-0.381947880081886,-0.03885998167262576,0.40887771530263284,-0.3414556599015558,-0.020395030706328355,0.3693409373885498,-0.21688364614484587,-0.03405340789268421,0.624874539691662,0.07902460361690368,-0.03620264762572003,0.5228904748460468,-0.07067388086351016,-0.03319682614683814,0.40728021233688105,-0.052574674895854684,0.018659431682872363,0.34600646725570283,0.04795131337144368,0.04943761378224906,thumbs_up
0.0,0.0,0.0,0.013678668149418625,-0.6618219850003589,-0.10824402236058284,-0.0828943632626527,-1.2564357699715658,-0.19020554006638313,-0.09204631544735885,-1.7923905949483712,-0.27613937997684684,-0.019063669396904025,-2.2120625421477396,-0.36338772277133125,-0.45033318923560495,-0.9006860825222661,-0.0950881454260909,-0.572790968895517,-1.1486592469412866,-0.1803748122993355,-0.4675823473425954,-1.110571316249591,-0.2665297975842915,-0.35883453050142666,-1.0147273347266001,-0.3237133624248344,-0.5572792444669554,-0.5275400361139678,-0.09573998187612896,-0.6818320283788755,-0.6777822663559065,-0.13129976328905915,-0.5634622597822182,-0.682938932423505,-0.18233645199989318,-0.44270830100775677,-0.6394903407826876,-0.23357480841342637,-0.5888358617644236,-0.18975117073333667,-0.10727078168803104,-0.7105101156293937,-0.2997438199765285,-0.12196402736343515,-0.5974465320759969,-0.31924851239854407,-0.10283890957936771,-0.4828182150563698,-0.31577248597985946,-0.1045192322973133,-0.5607477369837656,0.09248154316333619,-0.1328597609011062,-0.6658242254884277,0.0742703637400709,-0.1187021376172587,-0.5825438946374382,0.05955955103385379,-0.06164029690646005,-0.486019543822094,0.054217435073961366,-0.02697402765342663,thumbs_up
0.0,0.0,0.0,0.2878375659193685,-0.7808749049802748,-0.09269998849388203,0.17840930948390699,-1.6586030037076445,0.0008125990064007752,0.0411089123497961,-2.1999535223370184,0.11917834240419202,-0.04249584396620101,-2.541504227744427,0.2522501677227579,-0.10176578330426744,-1.748438582715285,0.21525058711999653,-0.03211200361197694,-2.2068479982881004,0.3562084087996696,0.08044851474034669,-2.1541718170179327,0.38821505583646343,0.11330712826919206,-2.1232341685876968,0.3935909955910675,-0.25638856746794403,-1.4423583293479887,0.32390128691677494,-0.059919982520895455,-1.751125600697348,0.4865694491348312,0.05110907816340723,-1.610350745434477,0.4584395271042075,0.06186298298163467,-1.45517124432758,0.411465198316027,-0.33036970342319505,-1.1021323380639123,0.42288591587576313,-0.12276742771062316,-1.4385228801396315,0.5493987880619265,-0.0037427710676347548,-1.359340750622862,0.5049919030113106,0.00907986539524899,-1.2408747552197525,0.44900482756878013,-0.34067642000996484,-0.8265788384330199,0.5203674819991807,-0.1885462241625001,-1.1655643684489658,0.6445321298960267,-0.08842142723801642,-1.112743013028296,0.6839642484025782,-0.06447741388844655,-1.0124082320646932,0.6953991431254493,thumbs_up
0.0,0.0,0.0,-0.04358716368694977,-0.6782822551464014,-0.058702611010792265,0.025565039295889866,-1.2456003690493254,-0.06311411694082483,0.07129637046113524,-1.6681058136685907,-0.07187780752510307,0.09789516476537752,-2.0279852501929585,-0.08177040251084856,0.508819056634953,-1.0206676520151123,0.14618945772289615,0.26529219812786825,-1.0234156651119033,0.19818190473949374,0.1361028574635029,-0.9593434758995103,0.15531905039768767,0.05471594429508027,-0.90646148292237,0.1051068370388566,0.594345472729276,-0.666801567477752,0.1504472389653555,0.33232399296261295,-0.6990550823697468,0.22240620895469235,0.2297917242048688,-0.6697755183560737,0.13728597093810366,0.17170643791378817,-0.5859158416897882,0.038660238289394244,0.5805215771557445,-0.33612907210870807,0.15096051614650013,0.3722047011382627,-0.38940018015403993,0.19377666435216884,0.27200757107891743,-0.37089838626647653,0.15183301310653913,0.21969714689433978,-0.30415259997263766,0.09610836896941767,0.5184097568295287,-0.020713653042468385,0.1460537801798577,0.38997981815308574,-0.06907151091800727,0.18096720532216268,0.2977976515778398,-0.0628851192808592,0.20909718759275525,0.24718400220098716,-0.006267083701980436,0.21674327907006619,thumbs_up
0.0,0.0,0.0,-0.05701748951558359,-0.6996252125313275,-0.0354164202353014,0.009720676486900563,-1.2645111365388484,-0.025313765417052655,0.06796432414793185,-1.6761759025623537,-0.023741170887704062,0.10205097543029089,-2.0310121682471953,-0.023157266451291056,0.5122042823393448,-1.0576951920654825,0.19729438484679282,0.27907114067900574,-1.0502319367807789,0.27883906919187185,0.13233694533257748,-0.9626354532785019,0.24857039111782203,0.04564815504060235,-0.8994140305898046,0.20318486459163054,0.6111682831129788,-0.7082741931808397,0.19810428978706585,0.3383442341931621,-0.7288394865962258,0.30325598247642194,0.2309883870828442,-0.6883049425542004,0.2226774683863962,0.18089716918100487,-0.6036205278597485,0.12097096661812301,0.5993142095712347,-0.3769089295065245,0.19723396282628725,0.3709989290196296,-0.4350721659071837,0.2730808336014066,0.2750019674634536,-0.4140652920111103,0.2353961617337865,0.2287164282516534,-0.3456930056495393,0.1742250984124474,0.5410373979440612,-0.05812325792092621,0.19233455470491606,0.40188911912697195,-0.12595492620428944,0.2576052435994164,0.313933283608004,-0.12230325552140367,0.2979208997861421,0.26625031480917255,-0.06502227148030705,0.3086025646583863,thumbs_up
0.0,0.0,0.0,-0.09696557716491051,-0.5942928203685062,-0.058828925220611006,-0.05233781885740828,-1.080690484889555,-0.11158870722574282,0.007696880208205827,-1.4486777169547103,-0.1615468909015505,0.0015697786964963423,-1.7575282705687596,-0.21130653881573727,0.55519201868063,-0.9098732564546885,-0.0541999068383577,0.40914021295575576,-0.8421034541899379,-0.05600327276768395,0.2982219260669911,-0.7619783996154,-0.10180446591313878,0.22756694700406213,-0.6833427236529871,-0.14816747112356554,0.686436149850029,-0.5697668405327345,-0.0643571655506006,0.5092985082251832,-0.5367905042882278,-0.010228184593271052,0.40765830320392754,-0.5002633839896815,-0.04204861345161999,0.33928352325513683,-0.41998719483031444,-0.1046016090123778,0.7091010654377293,-0.22619663081196245,-0.06990621983685845,0.554061145362751,-0.22472306860987773,-0.03402703346620082,0.45342264631071216,-0.19025208161656593,-0.038350106599118396,0.38669057628249237,-0.13024725799213902,-0.0754405629396457,0.6716135375739603,0.08290874274162462,-0.08300844741822191,0.5691372595441874,0.12065724137105807,-0.06077595687446967,0.46963270922309086,0.1438757313101677,-0.028398689470712245,0.4044748113386008,0.1758978108155784,-0.0170823072316415,thumbs_up
0.0,0.0,0.0,-0.3908887146138298,-0.5626405507027138,-0.007617319652481237,-0.5658679284252001,-1.083709993741556,0.02608504709635125,-0.6465942653327935,-1.5454318912444347,0.04329649183264548,-0.6958402220389686,-1.9049731481047114,0.05610579771941064,-0.004098355941182914,-1.1420986357042038,0.31332607682811126,-0.17618948045730257,-1.0578371823329575,0.44403009041509894,-0.2778265355251718,-0.882133360157933,0.4228233030184424,-0.31989830050240337,-0.7309224385319566,0.38411151495658213,0.25399152351186116,-0.8897476958679399,0.3318227591216247,0.08332323811666455,-0.8495358107448847,0.5115093089314086,-0.009532142856638202,-0.7351366490580492,0.4392058654158388,-0.02304885590142294,-0.5915266157349027,0.33214313713251775,0.4122137163567517,-0.5995143755980563,0.3481341730978753,0.286448392357519,-0.589217799364201,0.48457201887295565,0.2061580617672422,-0.4675135923324303,0.43418545696908495,0.18381674636651818,-0.31926213470133635,0.35353123824757793,0.5229148410699049,-0.29374930003870753,0.3639274093408381,0.4604899081222758,-0.2576316331930885,0.49114295215781817,0.3787493263887536,-0.1541052174168471,0.5410970635491545,0.3305900236240759,-0.02345020928486034,0.5474545515705799,thumbs_up
0.0,0.0,0.0,-0.5162341869603485,-0.3655805483582248,-0.1631214989187267,-0.8631937264752594,-0.8252010035502239,-0.23694480005004326,-1.1038510582777814,-1.267385156603271,-0.29550745132367967,-1.3207790666850128,-1.6659732759127306,-0.349279591483669,-0.3671112832584153,-1.1904366966895552,-0.005680721380905025,-0.5366521964681008,-0.8767451290054519,-0.019690282516292634,-0.5771996631575922,-0.6500614714297266,-0.10536269423698337,-0.5769785570053425,-0.5241330136407187,-0.18384435413522973,-0.035556449831015816,-1.0466273785032258,0.032564307279172165,-0.22257120044157358,-0.8388603199584375,0.06117290086114354,-0.279961442940901,-0.6938099921748655,-0.03439709252814821,-0.2558509020417313,-0.5871019344429627,-0.15393595319617773,0.20391382931327423,-0.8159204100404097,0.06111622224908848,0.057801957403516555,-0.7190407260469716,0.051105743841463144,0.003757045122843125,-0.5782741100300631,0.02302124185238447,0.019942953849072374,-0.46955322387767984,-0.025940946017648223,0.38752460085842744,-0.5397910827461926,0.07908346598295593,0.3123391252780345,-0.5263769185173964,0.08225138344018933,0.2603469226336319,-0.4258434113713963,0.12345133687754578,0.2614905751452685,-0.3342444695393818,0.13702773847866573,thumbs_up
0.0,0.0,0.0,-0.4861903716647842,-0.28199405102695874,-0.15882105899436352,-0.8247278510936965,-0.7066708155581505,-0.23542495688216125,-1.0417426027904064,-1.1270536200396504,-0.300381088005772,-1.2360340059973132,-1.4722715455682365,-0.35916820627893825,-0.2908723507463164,-1.1558709392549285,-0.05715759282235433,-0.4049789659006828,-0.8904136646174248,-0.12099203084517479,-0.4466152877882706,-0.6757053730911763,-0.2281874734996833,-0.4499340753346645,-0.523363535928837,-0.31250150762087603,0.04014726891508412,-1.0344053728652407,-0.0398917949608044,-0.08915225946622068,-0.8103923580044761,-0.05716858744932861,-0.13011293428528664,-0.6610926474907604,-0.14174237521495103,-0.10282868227624849,-0.5333930650864375,-0.23503370535556878,0.2917251979766333,-0.799888389704005,-0.03439397014759258,0.19973430624114077,-0.6821760370638217,-0.09095498682669403,0.1562996885180457,-0.5283662966257092,-0.110020321996659,0.16533232386219263,-0.408951679205443,-0.13631496826341424,0.4854781413370531,-0.5257746013561001,-0.04107908516786003,0.4649366412910295,-0.4537421639729829,-0.08750442452288455,0.4061336250194764,-0.3114641527737528,-0.05564304499794322,0.39246749125110125,-0.20810501323896938,-0.03383277973599636,thumbs_up
0.0,0.0,0.0,-0.26463481250740484,-0.6386096063263327,-0.07835019860624753,-0.27807121005909996,-1.2590699529828748,-0.12211170380550784,-0.22575814426604485,-1.7243199088691632,-0.1537577439556271,-0.23778868280158136,-2.0735901994498054,-0.17620487006251617,0.37377233431888396,-1.3455063329991857,-0.06053908642307752,0.15586221159966346,-1.2482744173976061,-0.06964794302406258,0.05151656049166283,-1.0690098628075004,-0.11272128653090989,0.017831250113624072,-0.9315033208069408,-0.15643641276466855,0.5961577995963924,-1.079338260131692,-0.062091782586543146,0.3690021909763858,-0.9982379224506851,-0.0272102598503276,0.2701634382695797,-0.878523126271058,-0.05474325887180123,0.23647072083666132,-0.7399203401483092,-0.10893266283246993,0.7172029028324056,-0.7547798798442155,-0.06037657100960858,0.5099070897557315,-0.7289035805239682,-0.048546146406737434,0.4077894807555313,-0.6321911463712819,-0.03752246195765219,0.3674669554016625,-0.5141691091334853,-0.056342646485896264,0.7786656566164699,-0.4311715777959692,-0.0678433992790065,0.6454453303729375,-0.43482967529920175,-0.07098235482336118,0.5486410487397435,-0.35008210379545235,-0.029377488880213683,0.5031153142347461,-0.2527385885670194,-0.0016181760011461242,thumbs_up
0.0,0.0,0.0,-0.5645572830190156,-0.1913713741925995,-0.15923716106664634,-1.0210757856371797,-0.6408179243644371,-0.25077386888044856,-1.353641952212895,-1.084256005406447,-0.31976022614870936,-1.6394184804350833,-1.4049938674887084,-0.38017102109328194,-0.5222446736357412,-1.4279521687834298,-0.14517061604535855,-0.591476288808555,-1.0154324921316644,-0.16350558572874357,-0.5639593381639745,-0.7545870600090505,-0.22554650213906755,-0.5321201349726906,-0.6037671087864442,-0.29242788493216876,-0.1509880287450546,-1.433917107044134,-0.1137587012093953,-0.26436780494917617,-1.0521810100074118,-0.07841270297001812,-0.26863624850487977,-0.8665605473023269,-0.12567332114364355,-0.21434176739541072,-0.7399800350365577,-0.21667818338436112,0.15089431645735857,-1.262317211769186,-0.07991936416481188,0.013729757040576954,-0.9693852969348516,-0.06835057280193224,-0.008331929269284909,-0.7852049804832633,-0.060518393591876385,0.02144983576051738,-0.6652048845999697,-0.09756065508957588,0.38712666966316034,-1.0206211298930028,-0.06075980664752884,0.2834034912595626,-0.8289377844716861,-0.06289126051204447,0.24190164431371008,-0.6551879479383695,-0.01902566399195762,0.24162594880926236,-0.5450367111942278,-0.00330765186267376,thumbs_up
0.0,0.0,0.0,-0.5647998735905126,-0.22088415578956258,-0.15905240202325824,-0.9851520725816248,-0.6223681822333849,-0.2502901307914849,-1.3122263883222238,-1.0209556755796074,-0.319385911582763,-1.6098852981696412,-1.2882697891634538,-0.37847978069134336,-0.5471374431462022,-1.4017093086722991,-0.14140514727380668,-0.6230716751294171,-1.0620323219066925,-0.17508599844204173,-0.572358838823837,-0.8113067657481929,-0.23946704738886673,-0.5100581500963273,-0.6681370745760589,-0.30127523375476944,-0.18184689351397454,-1.4193631389589563,-0.11080621635158325,-0.30562150914659897,-1.1075311692990557,-0.09713436656033093,-0.30653771260858714,-0.9169774761769757,-0.1469005225952394,-0.24307772262942537,-0.7947944630540379,-0.22918632934524902,0.13116845783900719,-1.2612779076969458,-0.07875282855874915,-0.010831611892290883,-1.0549928061956217,-0.0934205766062427,-0.031447336474712186,-0.8744995774962617,-0.0844816981604664,0.01379465287574204,-0.7463056275175767,-0.10869288886126392,0.3834959366963771,-1.0451072116451834,-0.05920747870199609,0.272946070159009,-0.9292699681826244,-0.07727043909276071,0.22313510371932832,-0.7436693925249473,-0.028054706585403755,0.23673596637595146,-0.623185770554283,-0.00028967462025626363,thumbs_up
0.0,0.0,0.0,-0.04907459541638862,-0.631866388861731,-0.0763584137340997,0.08215342123483238,-1.0941423632988463,-0.152567495490635,0.2359103783124136,-1.4712286501163778,-0.21955189947327908,0.2927599360059547,-1.797757341736418,-0.2781421276462431,0.7400653789869513,-0.9023829718195095,-0.09484989470428022,0.6411148998268951,-0.8210945310610476,-0.10897223549953979,0.514589418364075,-0.7143481328522023,-0.14813337905071353,0.42062418535096724,-0.6428230821738177,-0.19137025513273775,0.8737021916251005,-0.5640609596902849,-0.09840975293038796,0.7215765753984413,-0.5054617170236391,-0.06436857854676613,0.5928272106396036,-0.4486359925213709,-0.09044695659863172,0.49711968916102756,-0.3919631291769221,-0.14591861297765055,0.897870691244201,-0.22342959351013295,-0.09728989470779954,0.759685848243834,-0.21013971295584588,-0.07036588780631362,0.6343380551635687,-0.17923628221669208,-0.06369774997527217,0.5321816008602143,-0.14496661866878433,-0.09350324235040593,0.8705899055785304,0.08899888905234113,-0.10604604995109616,0.7601132020183828,0.11200695880670515,-0.09096028835387443,0.640627552157073,0.12386273871370812,-0.060417649241121196,0.5513196534523659,0.13974632794583391,-0.047510460910064445,thumbs_up
0.0,0.0,0.0,-0.03637403821874052,-0.5865050752472887,-0.07746725684736004,0.08278846141758613,-1.0457735162356858,-0.15648309240641659,0.2142244901799599,-1.430284608743767,-0.22409073721661682,0.26079825295397085,-1.770893664804422,-0.2797710056794123,0.6929024831681833,-0.972711540835129,-0.10592922621924478,0.6598148236872275,-0.8399514002031314,-0.11694626320787882,0.5358048158254337,-0.7203630655521754,-0.145442888937362,0.4331972996998465,-0.6750707913114317,-0.18237110521916583,0.8279965502274149,-0.6488323434689575,-0.11087105600416719,0.7498512440301465,-0.5415896391018109,-0.07102171583963428,0.6293861433668432,-0.4722362923132271,-0.08331524332720507,0.5275008338656928,-0.4252104034946846,-0.13189073441103902,0.867199264254278,-0.3101520929656788,-0.1118184044689509,0.7873207418281486,-0.24968670767981685,-0.07965954533035735,0.6658482167008626,-0.20747287403126716,-0.054243320816747036,0.5524426559152591,-0.1832755661466608,-0.07355034775867782,0.862235836487878,0.012696177349173143,-0.12318739519263568,0.8125075484745315,0.05864333724384643,-0.102525956964991,0.7010060956121538,0.07856954781614622,-0.0586308293819566,0.6061504498183596,0.0879395115337432,-0.03811819004312794,thumbs_up
0.0,0.0,0.0,-0.20373588873187332,-0.7108670038012277,-0.10291453559754205,-0.17392064863313525,-1.339790131198883,-0.13231593687505422,-0.09465858392669768,-1.8020775880759607,-0.1556061356713383,-0.05754172031561471,-2.1853250774380464,-0.17430556293025537,0.3565073679783104,-1.098428980788142,0.03610938906897738,0.1532213806235411,-1.124491872192006,0.05438542497924607,0.028663854016318553,-1.0017791314640505,-0.0013647725303477486,-0.00471445280257115,-0.8878951107831978,-0.061038763333786765,0.4990671322467582,-0.7558048273980146,0.049404460005529366,0.27930552818267057,-0.8070545865940877,0.10415151801513971,0.18383750224346648,-0.7545483375055105,0.0420886098780539,0.17651305075427065,-0.618936838691069,-0.04495445470812533,0.539647665762121,-0.4246783650151462,0.057349443081611585,0.36492042861358565,-0.5289670260929852,0.08323567403376145,0.2727258394382368,-0.47961769596975323,0.07158184323171321,0.26330264082730725,-0.3478631740774193,0.034228611228161725,0.5260402892275536,-0.11308694382247388,0.05507406151660085,0.4318168636095771,-0.2046727869484642,0.07709844825340184,0.3455941682950056,-0.1812902804931819,0.12237687091235114,0.3140273565558086,-0.07846831692801617,0.1426685941425139,thumbs_up
0.0,0.0,0.0,-0.2683897997626307,-0.659065086356468,-0.06360556135105844,-0.24929612178755292,-1.2039711089041565,-0.03578542558125773,-0.1629339399450325,-1.6449228825168485,-0.007432185148357364,-0.10575340948474082,-2.0117724117370237,0.022227710563881464,0.19598868790971818,-0.9991519786264591,0.2606231729347918,0.03479251723535215,-0.9711337910009443,0.3898209650378355,-0.06788637738590184,-0.8529268635007209,0.3823000692030449,-0.1206264370232284,-0.7381350734446732,0.35064933731541087,0.3718672761028548,-0.649115738418202,0.29856165284783964,0.18518580315588845,-0.6615128160642101,0.4523765433382208,0.09390291225890818,-0.6012424229206622,0.37447911730312516,0.06796262139378863,-0.4868308627221279,0.2692012426857562,0.4136232476948804,-0.3334952512245059,0.33059493533186346,0.2845678870724792,-0.37468681912178514,0.4296842967181746,0.20358833415038208,-0.34484174585274924,0.3825678515261992,0.18545760809309525,-0.21701619117574275,0.3137738486373204,0.41285783707025064,-0.027925110524977627,0.35904137663804103,0.36195803053237346,-0.054434260903486284,0.4554386809277,0.29003220600135265,-0.030778814820168945,0.5016518945489711,0.25037244953525345,0.07809069716872423,0.5104831414397608,thumbs_up
0.0,0.0,0.0,0.010916452550480854,-0.6061171207835303,-0.1051141330919614,0.15743249132841167,-1.0331307012177524,-0.176961566597312,0.3490820264148167,-1.3425126301180275,-0.24670503518578868,0.4608644188429233,-1.6257263937197215,-0.3110760397361392,0.7381420271541989,-0.5431097477395853,-0.040111788370898946,0.5861801758416816,-0.4620871722973399,-0.1015338506394882,0.4442290514634685,-0.4094042118649939,-0.1985008837477349,0.33212294687523136,-0.3835215626014544,-0.2734841892821825,0.8120859057142964,-0.175519788912818,-0.047161330866943615,0.664015284645237,-0.11244652755309428,-0.06443354403045325,0.5343795458988951,-0.11528736435660028,-0.14345707453692907,0.4207078776335661,-0.09857655963009443,-0.22156271933271748,0.7880414449706725,0.15983455014495598,-0.06026439967606844,0.661558318898877,0.20626384999707983,-0.09207175285268036,0.5392366606555449,0.18582223875249065,-0.11377018073667779,0.4538439710515364,0.1782097510222218,-0.1418822453154309,0.7073912817480463,0.45537515821604796,-0.08574384109413553,0.6092754628768399,0.5262900840565754,-0.1048945650541442,0.4903222254148078,0.4850993827604293,-0.07652140161172012,0.41801696062103505,0.44897157784485087,-0.057483848592649454,thumbs_up
0.0,0.0,0.0,-0.28663455182017794,-0.5727701472530538,-0.021966694040907536,-0.6567511599878426,-0.9230220080515845,-0.048948219793449155,-0.9288313387890778,-1.1677641815938709,-0.08102036829979499,-0.9743879049363872,-1.4675150032455895,-0.10824961954617814,-1.0372490177899842,-0.5078607260302501,-0.046972961757821154,-1.472970629344084,-0.5033605090141083,-0.12010972047302017,-1.4168066200000542,-0.36070407311920183,-0.17934298149410818,-1.2758100456869061,-0.22058011808784686,-0.20608146524389742,-1.0266249427136869,-0.13397755153443988,-0.06338498001396843,-1.460283462005623,-0.06683502328046609,-0.08802240692647692,-1.4017547689831047,-0.017278674893612796,-0.10317494433940558,-1.2679172948344335,0.022692536494503496,-0.11653785108516974,-0.9712954841270853,0.19346498001522633,-0.0815030104302207,-1.370166764096313,0.26211990051871165,-0.08698822741446215,-1.3287145762312191,0.263847398410749,-0.06423651492342294,-1.2029524340130409,0.2780325437030882,-0.05146550674201237,-0.8834599409010561,0.4786647550239176,-0.10279764322125741,-1.206179388248252,0.5168153299943667,-0.09243310631577184,-1.1834402824909338,0.49031224509017024,-0.045746730236360535,-1.094255339435245,0.47241708186024634,-0.005632095957011358,thumbs_up
0.0,0.0,0.0,0.012838755559498483,-0.5627360368415751,-0.14012687338391894,-0.1729150157942374,-1.1184948440827784,-0.20117342906117178,-0.33226587428871035,-1.519124195561314,-0.26746392548402803,-0.3907153333214438,-1.822039677893925,-0.31582763741070813,-0.7003021014336392,-0.9505686174272513,-0.05280652956433256,-0.901958537144251,-0.9652562533065274,-0.2643176023410255,-0.6696132538549591,-0.8002572909083436,-0.3848307004596826,-0.4682256366349121,-0.7197478051585666,-0.42229142208177006,-0.7900898097637635,-0.5959824503630258,-0.05084202740869313,-1.016254017131175,-0.6168099549913698,-0.295010969102573,-0.6903639809679213,-0.5067183841251514,-0.3643250539788902,-0.45498161241827145,-0.47279866094982037,-0.340168660938373,-0.8387482890374729,-0.2728676784140052,-0.08169990093045319,-1.0232586533889363,-0.24313164951988672,-0.30322438959063885,-0.7052590133254567,-0.21107557904703972,-0.295180730020286,-0.48798739160037347,-0.2330553295264815,-0.21603795693435215,-0.8483425628583541,0.03580436821113454,-0.1245864361118754,-1.006389175458619,0.05190160039813003,-0.2535834496802268,-0.77682207198541,0.052620782187782794,-0.2304468612767736,-0.6029178896702151,0.007112513526209175,-0.16472349800709557,thumbs_up
0.0,0.0,0.0,-0.0056244074800924325,-0.5592487114024624,-0.13762788046009294,-0.17152430314430286,-1.0903461511960915,-0.2063574248997699,-0.32585465492460486,-1.4943993477241388,-0.28191203158299794,-0.3587244972382057,-1.8184940185679677,-0.33651104663677883,-0.700963231218096,-0.9780808594725501,-0.03702960646195815,-0.960119404217763,-0.9526648929252216,-0.24175580115525083,-0.7167310616346022,-0.7683826117740982,-0.35762886958650275,-0.5088434282763519,-0.7053723006298913,-0.39633297545025126,-0.7839504632579789,-0.6241757697737832,-0.04085123113910067,-1.060638687596721,-0.6270144537750352,-0.2730875110164569,-0.7361968075679632,-0.5119562359416053,-0.33639726095437794,-0.5053213416939031,-0.49025597964666184,-0.3132754647971284,-0.820764805280782,-0.2979703043487251,-0.07816515638987599,-1.0513100093370846,-0.2706214905754697,-0.2926034105645414,-0.7238398466368419,-0.22574740441000754,-0.2688576600125019,-0.502625015576893,-0.24643675025316186,-0.18315556567276498,-0.819608571155496,0.010643793952156843,-0.12839066502266092,-1.0082054401464327,0.04247010213216312,-0.25656290121495273,-0.7768698532536621,0.03783414984235737,-0.22623116545765784,-0.6004617425746681,-0.01854041968578869,-0.1560683239196995,thumbs_up
0.0,0.0,0.0,0.0033925543671264814,-0.5520900468508284,-0.14517991137324515,-0.15324901889010417,-1.0811268891545323,-0.21881951801726768,-0.28647537333482787,-1.486319970006784,-0.2963181685476049,-0.32560822208546514,-1.809581267647931,-0.3516071003246819,-0.6843698892620904,-0.9263719589842239,-0.06505294182740587,-0.8930328273750385,-0.8765722386654742,-0.2702456969634045,-0.6385204209625428,-0.7200604120015944,-0.3803134011664893,-0.4536362048228176,-0.6901540349335411,-0.41829807232822097,-0.7653349540030642,-0.5657878839193515,-0.06554295456349311,-0.9961432959083472,-0.5529025583042718,-0.3009828776275705,-0.6531490303138588,-0.4508868532397783,-0.3523301451210299,-0.4409350768304295,-0.44757555001799615,-0.3247157097196205,-0.7995267972396984,-0.24036641184857843,-0.098915626198808,-1.0097660501121934,-0.20094982218723603,-0.3182615079732457,-0.6781258876319108,-0.165379687270415,-0.28555622037747963,-0.47355166880418353,-0.19845017962156392,-0.19606391971864182,-0.792050202972685,0.06455339687808268,-0.14550099431066368,-0.9676071279458127,0.10485481576621165,-0.2745534699745717,-0.7354351706143449,0.10143716287774844,-0.24009322676665104,-0.5698329998412331,0.04654286812630826,-0.16953010328037885,thumbs_up
0.0,0.0,0.0,-0.004105867263146136,-0.5393725677244718,-0.1595744046242618,-0.1815235179985611,-1.0726784560430727,-0.2316239340963264,-0.34180698864751696,-1.472835028991347,-0.30081358112584905,-0.40411946432601337,-1.7840714390386736,-0.3464811158126492,-0.7019219768955052,-0.9384478594868982,-0.0675310666346545,-0.8984967289181962,-0.8696585345155323,-0.2683444036508552,-0.6480259038474843,-0.7029253091292506,-0.3747599379056239,-0.4642856343661403,-0.6741083735317055,-0.4100882944068138,-0.7913200460723103,-0.5789981467873346,-0.0573423348765687,-1.012911201228411,-0.5633358263258673,-0.292500424383469,-0.6847907146842585,-0.4492610780582378,-0.34456321206702084,-0.4730580177725271,-0.4462081469074477,-0.31318836805895883,-0.8308418321454752,-0.2516142153146521,-0.08082869022171082,-0.9983030673972478,-0.19783527411444277,-0.3039478219957272,-0.676059181530845,-0.16046729678733632,-0.2773474034088497,-0.47848568250688506,-0.2052099952940957,-0.18873467252972165,-0.8244460580995785,0.05274768073228816,-0.11772320321692142,-0.9559951273355682,0.0926875566394567,-0.252072273322456,-0.7136822645193774,0.08701604090520632,-0.2224787139741852,-0.5483850505769067,0.01606415356214475,-0.15200735117893518,thumbs_up
0.0,0.0,0.0,-0.016175445107046778,-0.5276927203422278,-0.15181164475010142,-0.20134111810067729,-1.0377884397431067,-0.22699258925539378,-0.3605356162790319,-1.423970092126037,-0.30211542550522713,-0.41712868418625226,-1.7430727473758207,-0.3553721946779221,-0.7175494452754573,-0.8644557580036797,-0.07481351825024854,-0.8973390114116556,-0.8016521291411559,-0.2738789290320248,-0.6454316212519348,-0.6571423768133796,-0.3771661087419738,-0.4687775858405859,-0.6451764490987015,-0.4115198431289544,-0.7985692791189094,-0.5109797674414351,-0.06905446667122161,-0.9878212048921774,-0.49513275358967873,-0.2983730892264693,-0.6622725717973331,-0.4025579426686507,-0.3443459281283253,-0.4641811945384766,-0.41669612622972313,-0.31277390461057714,-0.8317375433593271,-0.18283167092752542,-0.09565690961275702,-0.9749477697615654,-0.13896428524283538,-0.31203177035725765,-0.6590108954838289,-0.12507633501912702,-0.28200994339340013,-0.46854052267887253,-0.1826390571086333,-0.1954381474076794,-0.8214252958247955,0.12829150414986462,-0.13533360714057904,-0.9315423691446241,0.15275510542111953,-0.264659420231515,-0.6910061909553523,0.12508456637890872,-0.2336508075678259,-0.5275433211621897,0.05014297438226902,-0.16473527831388232,thumbs_up
0.0,0.0,0.0,-0.006272561727068651,-0.5438386412675404,-0.1456524870243493,-0.1523124516472169,-1.0580944587535648,-0.22269344245708442,-0.2841763848447582,-1.4344948746873838,-0.30372910707845546,-0.3266136986928977,-1.7463060980477523,-0.36442266204774026,-0.7059541218380909,-0.86588395802321,-0.07842872914726214,-0.8634303324926582,-0.7835440877638037,-0.27281644223017076,-0.6156477539893412,-0.6429810112774156,-0.37519013114157157,-0.4400787184681215,-0.623242192129496,-0.4082958672227729,-0.7937296249424429,-0.5188655848906182,-0.07551553541629123,-0.9366914195076305,-0.45477219841135086,-0.29609615177065335,-0.6172392505759584,-0.3717865509581988,-0.3420717694196455,-0.4239539569654036,-0.3868320122525878,-0.31433969042161714,-0.8245841298919729,-0.18802114411305992,-0.10378615049136132,-0.943766490520201,-0.1088421401433458,-0.30766897283988615,-0.6402971022551853,-0.10148372209430616,-0.28319292621863584,-0.45687589137625617,-0.16250966690328109,-0.20280393513467257,-0.8166967154234372,0.12569954734556715,-0.14549757322973603,-0.9441819842222684,0.19719642515516347,-0.25549165583276146,-0.7553077258215317,0.1883505888235749,-0.22504690798586197,-0.6276970713492955,0.13053386164240252,-0.16029762843437767,thumbs_up
0.0,0.0,0.0,0.035589305789284806,-0.5053617775514081,-0.18029672339728656,-0.13753015492464082,-1.0107638377384875,-0.2710921728950923,-0.2754534683734341,-1.3540282893483662,-0.3461378167915227,-0.36753272547008586,-1.6684221759725848,-0.3977196814153973,-0.7313542117157699,-0.7933375060496394,-0.18239508365437834,-0.4635471932454722,-0.714106395600366,-0.3615455976394009,-0.27861364114185183,-0.6318428083377532,-0.46048861302809474,-0.31186937384669505,-0.6449064670859734,-0.5166699489929245,-0.854157840691677,-0.44132849988822337,-0.17099894978642116,-0.48772362269634895,-0.347528771422048,-0.32458401351267685,-0.29170549773504195,-0.34688988882030036,-0.35093844954436176,-0.34003096444453884,-0.40875918329522,-0.3600919483779055,-0.8673238173345024,-0.10130277218632178,-0.18620427262507985,-0.5335568027368591,-0.024686810444832764,-0.325474536704134,-0.3457853389501918,-0.05779510870311885,-0.28689326332700665,-0.3894706488567054,-0.14042607360305448,-0.24976062905856308,-0.8278693926525511,0.20110703032566915,-0.22440560521788444,-0.571515533156333,0.2557045034091959,-0.30437930087911186,-0.4070225988714279,0.2164974141102668,-0.27705239166902584,-0.4132011495307002,0.15214751493070516,-0.24225859240430841,thumbs_up
0.0,0.0,0.0,0.08996776887163166,-0.4009494244666678,-0.16652454779733364,0.14752921568243318,-0.8507013584391644,-0.25717318339703943,0.1588170900130455,-1.2184486876262868,-0.3241779625503504,0.10007614511112027,-1.5811978936522724,-0.38930602056327807,-0.08463092800209011,-0.6812175705573121,-0.31272953195202985,0.4180137355014411,-0.5517536873159349,-0.4443295580150989,0.3219626276262804,-0.5228148568473325,-0.5366126738797504,0.15393497669705558,-0.5550756816107378,-0.6209242838130923,-0.19013974820265575,-0.3293647541336678,-0.3010064994543695,0.4085168359039298,-0.22308887218107865,-0.38198828248839706,0.26690800225190986,-0.23744538151257819,-0.4018009889724256,0.06828867155533694,-0.2757845013732018,-0.4649141761610651,-0.22952606061194478,0.006288587191096283,-0.2969526295039703,0.3210027334560699,0.09501245116794421,-0.36457509318394865,0.1889536542340488,0.08836225469364817,-0.3077410601116224,-0.00015092919652865585,0.04520193638555646,-0.30278530091358596,-0.23648238340002262,0.30715759862591935,-0.32019012412343245,0.1922737085648861,0.3564807944601323,-0.41210956949317074,0.09992366394341909,0.3162948289041966,-0.41771252491970223,-0.070924306599088,0.3056933138246362,-0.4317397738671295,thumbs_up
0.0,0.0,0.0,0.14897972788503,-0.5119497490076714,-0.03133069226939496,0.4422768473841724,-0.992766853942933,-0.1056328566446554,0.6178818890353732,-1.3683865775163953,-0.17968947321714532,0.6668231227997048,-1.6979756082456285,-0.2343701898637138,0.6659888259898176,-0.7381748757906406,-0.2263063417272804,1.1586844027183085,-0.7248223276666453,-0.33185478975387317,1.0064620868221734,-0.6876566083023374,-0.3504902916271564,0.8202163415956906,-0.6792505740511704,-0.3441072894202053,0.672973972231432,-0.3880939045642794,-0.26986035838587435,1.1637148781553375,-0.3864754599330776,-0.3325190264045956,0.9904778565478646,-0.3933245960390181,-0.28365028547270327,0.799004839095864,-0.39106789155325783,-0.24963034662593525,0.6467357934603774,-0.05522391424935148,-0.30945858863338116,1.0778681678840627,-0.052006780649112704,-0.33591958847866116,0.917999270980369,-0.07454039284766754,-0.22443361418006416,0.743372134606331,-0.07165758583791178,-0.15746238246436783,0.6019683232449621,0.2519751127486026,-0.350822908593029,0.9585272520785116,0.23138515377381036,-0.33640578672203686,0.8304045645240802,0.19367311436732687,-0.22906410869261262,0.6756987339438685,0.186375676696875,-0.1593083615098668,thumbs_up
0.0,0.0,0.0,0.13602825929057402,-0.5730152306190575,-0.002617212416094116,0.38837380948200506,-1.041056072461701,-0.06418186674195231,0.5373023826707177,-1.4138709717829097,-0.13123325811343434,0.5678762396912828,-1.737156745247522,-0.18364454866198843,0.7786770314467956,-0.7285544201821963,-0.1472697446562622,1.214503157795236,-0.7477011485026752,-0.20817635525039105,1.0883336971712472,-0.7247244506175402,-0.22093514608002301,0.9175105036317023,-0.6990135085268088,-0.21766641893738167,0.8038935323434745,-0.36926646488439635,-0.19006697128146233,1.2355984055531601,-0.4030998123947761,-0.20208849930638803,1.1150760248757554,-0.4150966402940033,-0.16304215797560048,0.9593024826646468,-0.3948019349425381,-0.14631702900376312,0.7782742256475398,-0.03644827073381531,-0.22479982011334682,1.1487533972460555,-0.08035293303913885,-0.1978909158334567,1.025308042443558,-0.10473262730929034,-0.10476325325505902,0.8742176538133413,-0.10132846987705173,-0.0636191011252102,0.7305785875625801,0.26384910671015627,-0.2605030414710097,1.0487936092232029,0.21423263477511553,-0.20996977690791951,0.9529075019213807,0.1576526527112183,-0.10719997488095352,0.8189880265246837,0.138620566118698,-0.04551773220693674,thumbs_up
0.0,0.0,0.0,0.15983985081279298,-0.5907077536942594,-0.0106451706233914,0.42347202907471965,-1.0623934625623315,-0.08136336101903945,0.5900802816931702,-1.4409920937730227,-0.1503346269061057,0.6603734121016497,-1.7690855320820413,-0.2017764783324114,0.7663515217969626,-0.6958562827789294,-0.17734588850257432,1.2628400642946107,-0.7369164564341348,-0.24396046176306085,1.1990709347373787,-0.7539147258090737,-0.25384177331229457,1.0526178310430934,-0.7534381236151161,-0.2373746490231772,0.7893195183112343,-0.31522273912919047,-0.2063005392605501,1.2952526733981875,-0.3807059286245892,-0.22366036497668695,1.3186993053922271,-0.4638046930669641,-0.18071496684218824,1.2471988098695324,-0.5159072353012865,-0.15048252303273962,0.7626659879370328,0.01573112565789803,-0.22596941517512178,1.1952174514695098,-0.039025261216157646,-0.19964563292722182,1.2371706442526427,-0.15499331075512499,-0.1064325296737051,1.190244847691597,-0.2474468165539854,-0.052240379612035266,0.7149407033953382,0.30050256317622304,-0.2453604298756661,1.074105188830232,0.22908136580013394,-0.18829302305754678,1.1170201258016836,0.12384174551115795,-0.07837625448096354,1.077959078755263,0.042628243672185366,-0.0015235993949409645,thumbs_up
0.0,0.0,0.0,0.08435289514886837,-0.5192430062610105,-0.1673226511571411,0.09075908140222204,-1.0085446780091347,-0.24545237887410967,0.02435913164980096,-1.3801325301418943,-0.3030858019106358,-0.12509983556958068,-1.7195218278980022,-0.34821057118712356,-0.09994891044756853,-0.7431246714685991,-0.2854745063685682,0.39355315304704047,-0.7117724764008655,-0.46052992974807183,0.3026704152522817,-0.6186470434614649,-0.5676062572654641,0.12383893292568264,-0.6439585256137866,-0.6525432325890802,-0.19151666540098294,-0.36760650885305407,-0.28893928978945066,0.40826316047921574,-0.35507834976919295,-0.4314325501142486,0.26620826697296013,-0.3083856959473351,-0.4693228315873749,0.0888457440777018,-0.32016563571635503,-0.5367624764370451,-0.21655335556988975,-0.029184478878566403,-0.30868027227298067,0.3471297953689292,-0.025314622632132158,-0.4339903727798708,0.21304897266139733,0.015002857174500306,-0.4091072962366926,0.04936598726050844,-0.006986782458311697,-0.41773961651068764,-0.19934431132854422,0.24972859916759296,-0.35152704054195755,0.21277339555802982,0.2564672837208786,-0.45629096898391497,0.1249329975796502,0.2671778901144384,-0.47093909914982485,-0.044837022813854766,0.26697375892675873,-0.49847212727806484,thumbs_up
0.0,0.0,0.0,-0.027134188944603316,-0.5391618742655333,-0.16890875336859418,-0.24521671632085518,-1.0078733359049303,-0.2446469381392873,-0.446516398970833,-1.3638846708349681,-0.3115086866215338,-0.4926588525543949,-1.6806811418671934,-0.3449585671766143,-0.7507211164225496,-0.8431470886828653,-0.1125315729704362,-0.9385625321102574,-0.7147158427309718,-0.31634201407767915,-0.6360688705851325,-0.6046111494684047,-0.4087937558710307,-0.4860856709484845,-0.6459384990703784,-0.4423091639339202,-0.8222392706565433,-0.4667616011955096,-0.09916035518275869,-1.0503491237401246,-0.3982150539901531,-0.3365018226405927,-0.6774418045403647,-0.34277708837049337,-0.3588356660513126,-0.512387021438959,-0.40760214540261724,-0.31646829505630075,-0.8408046278631656,-0.13659207719471828,-0.11942985109570056,-1.0757771847963264,-0.059961083338483816,-0.3481266797280822,-0.7286923750429019,-0.05643260799436395,-0.28395720577643657,-0.5560578585352552,-0.14247779747310815,-0.1763210489772662,-0.8062301279261168,0.1544102206107649,-0.15493634058858863,-0.991187819932911,0.23045642060177277,-0.2919561560980892,-0.7559768691523036,0.19954858641309153,-0.24928512041647735,-0.608201225289901,0.1114541543869593,-0.17460542434860246,thumbs_up
0.0,0.0,0.0,-0.03191141035314296,-0.5474692994302041,-0.17280364938111048,-0.20331348252254683,-1.0163011420064685,-0.2817391506005664,-0.320008586506055,-1.416054176837663,-0.3853147388132925,-0.3152826007376127,-1.7703261601649252,-0.45700677666377365,-0.6816673567077737,-0.7173821188287928,-0.15832384904999033,-0.9602187951246153,-0.6552085672513005,-0.3565898975995216,-0.6777149949980762,-0.5888974498460801,-0.44068746288804583,-0.5649572247329738,-0.6469444420120017,-0.47641950190750415,-0.7312783542128641,-0.3430826913323257,-0.15537991053410394,-1.0232040698937046,-0.3226607094762531,-0.3530314650488753,-0.673525995340998,-0.29529198573016446,-0.3480855626191372,-0.5864798482047711,-0.36327946498087316,-0.30605785355773385,-0.7368344777537819,-0.01602364863015756,-0.18440465013042867,-0.9886737674806845,0.02318628560633493,-0.3482552095912532,-0.6948062659954867,0.019330653361711792,-0.238240523976033,-0.6238881167810619,-0.06211428625972257,-0.12893968117603055,-0.7101659314047735,0.2792454776202957,-0.23527360692064522,-0.8945390650154924,0.36590915179505834,-0.30040801673309264,-0.6969609836201169,0.316350646428564,-0.20709884839515633,-0.6117692059445368,0.24189478106698117,-0.1207754735584093,thumbs_up
0.0,0.0,0.0,-0.06072786604707201,-0.5193312291879544,-0.1705889707387683,-0.26491928587260644,-0.9509394886632899,-0.27972100825038587,-0.4070851976681813,-1.3290996366750567,-0.38364099781109307,-0.4300090766661373,-1.6808402343681255,-0.4581139057476454,-0.70599198862881,-0.6263384123629757,-0.16121701197748683,-0.9756677422265503,-0.558394318591876,-0.3580025366991718,-0.7091668493092005,-0.523573129351336,-0.4423310280842881,-0.5956291049800909,-0.5765401307324766,-0.47720722099732393,-0.7417188591292733,-0.25459617120782707,-0.16069042725148397,-1.0450022271953718,-0.22861707378149282,-0.35727441301148266,-0.702827715758332,-0.24019336162752686,-0.35513792531874505,-0.602822039522311,-0.2977461552380101,-0.31456903758905425,-0.7325612505796723,0.07381228153705598,-0.19110097310816015,-1.0013592747356583,0.12115588531741936,-0.3620813581203748,-0.7068555304052812,0.07439588161943816,-0.2610300297773859,-0.6191374310852221,0.003977628427963403,-0.15412396018702976,-0.6887088712398877,0.3702989109078639,-0.24131282782860772,-0.889324787657939,0.4593288398760933,-0.31760646849677926,-0.6982866040868204,0.3738191459476032,-0.2305810237012022,-0.6036000317946884,0.2987075283780737,-0.14620787822777953,thumbs_up
0.0,0.0,0.0,-0.0577091711300838,-0.549535236435445,-0.1587007127631607,-0.27890177221450035,-1.0107144528823635,-0.24841773269011344,-0.44805643530438,-1.3849979171955216,-0.33287149941603056,-0.48361664596287435,-1.7209354816170137,-0.3836325031551889,-0.7442189832223969,-0.6768396981657046,-0.12803152729001227,-1.005882596389226,-0.6129523394256547,-0.31553692620458484,-0.7229149468748393,-0.5615092621527847,-0.3955315845294563,-0.609437796453167,-0.6117651783584546,-0.426438711624213,-0.7837159855507172,-0.29950511896020937,-0.1238852915183548,-1.0562217248192323,-0.27013675125105924,-0.3176955099791592,-0.7034345384283169,-0.27223882005660505,-0.31721594619525084,-0.6053032157270335,-0.33224720895450877,-0.27481691754319626,-0.7822826016453521,0.030910567600185974,-0.15067524044350994,-1.0329039526427322,0.0804077590116495,-0.31575906550474464,-0.7290144029187022,0.04247322621875463,-0.21655667879156112,-0.6419584139119247,-0.03667568119395858,-0.10879058068842747,-0.7512175580184492,0.32082537102327874,-0.1959684809379749,-0.9421783045427164,0.4037602212786234,-0.2605694378428793,-0.7467964285300495,0.3380464608967271,-0.17127115943137355,-0.6566351300027772,0.26269203091375676,-0.08340600488703183,thumbs_up
0.0,0.0,0.0,-0.03230675607859748,-0.5310835502988557,-0.1529732177713316,-0.24957340247445398,-0.9914507434181861,-0.2361480198295248,-0.4139541666776929,-1.3486004899135065,-0.31496246699061775,-0.46007996840454873,-1.6734139416586142,-0.36453214746104856,-0.7582030926785731,-0.7339396002806923,-0.12661478739751314,-0.8925171815117995,-0.6525652239824343,-0.300949452351533,-0.6169264280123302,-0.5781036741755257,-0.375542881638867,-0.5329751912824043,-0.6258801435122298,-0.41056731696438864,-0.8078059069878877,-0.36852213506705533,-0.1301188487553363,-0.9527593589367215,-0.32420402230968476,-0.30755851150032937,-0.6242014918976938,-0.3047294870473691,-0.307182670770703,-0.5665202395684369,-0.36975343127331833,-0.2752404112114982,-0.8011810825447836,-0.03674455282200387,-0.1630164997245854,-0.9557023434297215,0.0019083536530150095,-0.32711644006828156,-0.659967964889186,-0.01071320979464475,-0.23663910024512247,-0.6020338848509095,-0.08691365455951455,-0.1425932896991839,-0.7555420858994759,0.26223966259626785,-0.21390622602031292,-0.8927608755526223,0.33430547066851574,-0.29175874731193363,-0.70446311534288,0.29155446217366177,-0.21622105219975232,-0.640611389979964,0.22028542090155254,-0.14061066426289376,thumbs_up
0.0,0.0,0.0,0.011269223452557221,-0.49722279563690003,-0.174972673866214,-0.1909189326190797,-0.9719093845482806,-0.26647920326918334,-0.3537896966191866,-1.312185197760738,-0.34597414637110413,-0.431506007128304,-1.6378333849444942,-0.3973334371738273,-0.8090375004583762,-0.7376538043010072,-0.11441377053144153,-0.7131074097522573,-0.6220821922693515,-0.2703472933735939,-0.4916824581352436,-0.5609902545345958,-0.35830824852821774,-0.4915155647554174,-0.6075165445427781,-0.41411256902187576,-0.9043521018207739,-0.39183504004403263,-0.11148003366737344,-0.7453555417485556,-0.2719719906349229,-0.2545427796605873,-0.47600792150915416,-0.28354550514913185,-0.2742759616678855,-0.5070799592180869,-0.37382548955344025,-0.27155785375743646,-0.894660151484717,-0.04779049802628381,-0.13810887349889425,-0.7414049850328047,0.05380239333268398,-0.2728122376546058,-0.49621732836201893,0.006452463960079975,-0.21029297882498907,-0.5311144727293835,-0.10088126097429516,-0.1529038479439018,-0.8375309047718517,0.25923358273132324,-0.18792338545684642,-0.7043262791031935,0.36951389055963146,-0.2564284041642552,-0.5191067367370139,0.30599509159697863,-0.2030932749587579,-0.5241725295278,0.2132972066831529,-0.15017417743981412,thumbs_up
0.0,0.0,0.0,-0.005018401390854539,-0.518748615179491,-0.12414396210905224,-0.12425581266693007,-1.0177764748207876,-0.20277179266352702,-0.21363329055844432,-1.4270736019008219,-0.29238127096404287,-0.28701597969187936,-1.6982202326371671,-0.3611392778288054,-0.6245180404297234,-0.8978430749628487,-0.08384330219150167,-0.8831522531844525,-1.0502831880390515,-0.2777712769293834,-0.649793755998046,-0.8811320653966891,-0.3843363597658805,-0.48114236934324256,-0.7674933157593705,-0.4242530499652573,-0.7431960306508999,-0.5794525774318064,-0.1035802751235231,-1.0341876427944117,-0.7692850817131444,-0.3051046351942536,-0.7280046635958962,-0.6145506341839384,-0.34617360125725183,-0.5438938328887143,-0.5114205028437084,-0.32529725682839306,-0.8077265138476288,-0.2553654942871172,-0.15208687941441526,-1.1118937563481488,-0.40083843794324797,-0.32903516062197624,-0.820488192856238,-0.3212246277795138,-0.27854672757971394,-0.6393355159442377,-0.25531774623324516,-0.1938812087227156,-0.8219948867426149,0.0737343252250858,-0.21438161309818052,-1.0938621893768083,0.008384234544307858,-0.31915247682347486,-0.9069763065217084,-0.02002262035335142,-0.26919513971940773,-0.7462826590825592,-0.025968466993991364,-0.1985733401755389,thumbs_up
0.0,0.0,0.0,0.12422974886437595,-0.4932858893109416,-0.05241498723020432,0.3999240087704407,-1.0083373325810476,-0.15141966733438092,0.5504813711023142,-1.385054048767317,-0.236175524306087,0.5916797572036502,-1.720192301212125,-0.2953511880459778,0.5151240001292002,-0.7364521198062917,-0.384857334123881,1.0777178553929472,-0.74599879794017,-0.5193062513631118,0.9460500886157265,-0.6885472994594546,-0.5194934236233271,0.7374607729303838,-0.6772524897463632,-0.49366097312491997,0.4991494609756695,-0.39245215605283684,-0.42470488914160764,1.1036131352440803,-0.4259004921529953,-0.5293675944716014,0.9510350831835467,-0.41455605805959084,-0.4553545229747874,0.7361058769709249,-0.41416056678618607,-0.40032559651481353,0.47893429295901574,-0.05797255447400342,-0.4535171520980226,1.013836992123479,-0.08584867417263613,-0.5095980120365095,0.8559160484492304,-0.09702994931864736,-0.3667319822217213,0.6617869764333173,-0.09925101627993559,-0.2746824221780242,0.4528044251282205,0.2566866184770308,-0.4838104396471924,0.8826064462121991,0.21690139938779407,-0.4905613760595084,0.7609045332055926,0.1805312399255618,-0.3750192302376239,0.5851996402077589,0.1669890472919253,-0.29903537534916913,thumbs_up
0.0,0.0,0.0,0.0622168224865963,-0.7035557159743862,-0.02341897852249468,0.26803471610327667,-1.231264452345276,-0.060732113986170254,0.4542567728834895,-1.6632929121729538,-0.10057531412410237,0.5529424091136053,-2.010421480751048,-0.12103563517630757,0.9193174389313887,-0.9050611312271215,0.0452877911058773,1.147216518757442,-1.0508715369024935,0.10279559506611433,0.9876142884797838,-1.049665339946563,0.12125140149673733,0.8268788167072395,-0.9979577516233814,0.12150827818170903,1.016742161609791,-0.5427886301687227,0.05174915927570618,1.1587438869105398,-0.7058108503368852,0.1543202754356608,1.0180533333680015,-0.7288128965878823,0.1790936574822291,0.8771281064257714,-0.6657145289470021,0.1607712227538275,1.0238395120450392,-0.21075859956183923,0.061694071548653216,1.1464346793999183,-0.3852088873944562,0.15652327704162206,1.028858847764879,-0.4071749660986259,0.2005535570118902,0.8830820826632105,-0.35279639728499324,0.19274111639962238,1.000302864387835,0.09139130605004823,0.06817667723051436,1.1212184349062302,-0.06370146611884543,0.14288492489098065,1.0188927264781267,-0.09965797040258802,0.213035210460379,0.8975515824369735,-0.05512757821368627,0.2512300034880115,thumbs_up
0.0,0.0,0.0,-0.04984843003254201,-0.6225554688284846,-0.08007480356808985,0.026790398970827706,-1.168113521461394,-0.1393158675410983,0.10278552023404336,-1.6188742395188158,-0.18838724022138487,0.15333844290883278,-1.9637354136889085,-0.22918296986552253,0.6249864276107647,-0.9418834857077377,-0.05096140802783336,0.4484657600273075,-0.9526445998855307,-0.012662102560193098,0.3242463463313679,-0.8577851685035881,-0.01730619275444266,0.2496816381238886,-0.7747127605103091,-0.041328244622046546,0.7301661733049599,-0.5917440829889635,-0.03976571528096552,0.5102035419887276,-0.6207485392209325,0.03307720044576963,0.40649400378257455,-0.5771417128400338,0.009020831517391114,0.35534022891011413,-0.4829198669778906,-0.052372692561378824,0.7289872085852213,-0.24744702769441357,-0.020097942318285825,0.5313934212393426,-0.32141569402021486,0.037341856467565736,0.42974182367528535,-0.28661349511232015,0.045522037962893336,0.3827069911971939,-0.20516085170432005,0.012156804799708442,0.6744041157112064,0.05600169879049569,-0.008735223476843608,0.5407490485442721,-0.013823973560971639,0.02368875674150024,0.4330867424962354,0.004111508269652516,0.07087713498438668,0.3713139764185025,0.06732430803510779,0.09300398726268348,thumbs_up
0.0,0.0,0.0,-0.003545561888135718,-0.6561516573645072,-0.06489555405238506,0.11914963815359897,-1.188971805946139,-0.13399545531297463,0.23321789650294517,-1.6216510070470167,-0.1885233570049634,0.29517742720279266,-1.9567774671311056,-0.22688763507629253,0.7601592134164269,-1.0625256898316275,-0.1183441841851816,0.6969865642334694,-1.1875818432154912,-0.08993011949289537,0.5490476742306986,-1.0823132389311287,-0.07730890720572783,0.4555363200951419,-0.9687709682619593,-0.08596678631174809,0.8898331502359977,-0.7303295554567404,-0.10925830739566715,0.7611764810272637,-0.8329760719026096,-0.046843724915534145,0.6312314932114665,-0.772585414118419,-0.042873164181264835,0.5410541489669911,-0.6647533946197466,-0.07831924746998134,0.9070824885583381,-0.38247030954992806,-0.08662554275472477,0.7710132357028081,-0.4966753329598701,-0.029119934368842568,0.656146285927082,-0.4531344611910826,-0.0035107784551310075,0.5551335128334663,-0.35981276011538543,-0.02407475043469131,0.876767335292911,-0.07051788326819097,-0.0701460760310407,0.7884410710226631,-0.160844801385584,-0.03600983583541559,0.6872258360568665,-0.1362808048525845,0.008117615299960945,0.6087280627122782,-0.06656533169822171,0.030963066589553456,thumbs_up
0.0,0.0,0.0,0.252275736581153,-0.5264022633078024,-0.14251137162184335,0.3976062483830752,-1.021406903481108,-0.2174627414162075,0.4273572452810148,-1.4001789269963139,-0.2787740979470058,0.4342076903161631,-1.7849758329389953,-0.3254006939837178,0.1282786323640603,-0.781302404182193,-0.24987401727678607,0.5962968981049026,-0.6757428648697916,-0.4192593267547192,0.5124737998937923,-0.6010133275347496,-0.5255058038908755,0.3475221168509286,-0.6620547219060623,-0.6069104198170426,-0.015434121648530402,-0.42486031205344876,-0.2672493076794271,0.5616855044558868,-0.29231064915959376,-0.39595302324244835,0.4327841384445312,-0.2746401601383259,-0.4319396984698453,0.26214612112801966,-0.338403436676625,-0.4988628046415649,-0.08292667668752016,-0.09557255623193511,-0.3006621218284125,0.4615693545625594,0.02473463554886547,-0.40937905382739054,0.3300477083218554,0.029619776683277768,-0.38176308011854326,0.17483781401548978,-0.04811882763141067,-0.3930363024888702,-0.10017126238348548,0.18664988282445324,-0.35417653722927017,0.30560138233034706,0.2904645681967506,-0.4285820543628221,0.2105570811911508,0.2777024650336351,-0.4241912853871484,0.0476089433687245,0.21997231905059025,-0.44523905468327646,thumbs_up
0.0,0.0,0.0,0.04655817137164278,-0.5337458566298934,-0.2082610899040831,-0.09632750909873598,-1.0214840275490784,-0.3237518150346561,-0.2564700093763023,-1.3751226314116387,-0.4168824318160024,-0.3668805797506587,-1.7114118803237213,-0.48873528148928036,-0.7325672592695914,-0.7827063438032779,-0.18267080365733374,-0.6145211613908158,-0.6781873088072475,-0.33851732299204107,-0.41351553560290394,-0.6576760083222184,-0.4364380116216357,-0.4014855732086224,-0.7264024498936341,-0.4938142795562058,-0.8546047719567084,-0.4219405650745431,-0.15154064018717117,-0.7036598711556118,-0.29105964593814554,-0.26239496087234243,-0.49216450090098973,-0.32941093451637354,-0.2844829273028186,-0.48658207227790934,-0.4138218859921793,-0.29868901602027603,-0.876998276632915,-0.08611123551294063,-0.1460893358309657,-0.7925249131562093,0.04556509208918466,-0.26460042280477414,-0.5930699401098994,-0.0052426080755937346,-0.2095371150754791,-0.576080094035268,-0.11213133027298523,-0.16306444026973788,-0.8608186052702811,0.20884039917533023,-0.1630074179487264,-0.8520525739514536,0.33496383064691454,-0.23965614752711886,-0.6964338608810722,0.27937895448896327,-0.18573701469523662,-0.6565088842170614,0.18725490349500146,-0.12835751049169236,thumbs_up
0.0,0.0,0.0,-0.047382646167324266,-0.5091889554836192,-0.21351983679270536,0.14579253173332146,-1.0600466477100703,-0.2979043239384392,0.33783035594468347,-1.4384153553378074,-0.35438575377378634,0.41920781068944685,-1.7925860471628416,-0.37660341802515684,0.7396738089864529,-0.9531405356970376,-0.15719075403529637,0.6382010273678249,-0.6239476126393685,-0.30985160368618353,0.38269072500101,-0.5738013547181736,-0.38167607599640785,0.32664900651820716,-0.6299457687936882,-0.42947177392379343,0.8837388541423715,-0.6251894957712338,-0.13493480816789266,0.6748105390897025,-0.2537189978139411,-0.3090760914993455,0.3681306905743139,-0.30647005609027717,-0.3566451714290638,0.30251554223092314,-0.41734755338146656,-0.3678961383812245,0.9127092808463835,-0.28417190875274345,-0.1424104513161074,0.6614828517755486,0.05781321745708218,-0.34164824519399833,0.37936118717730233,-0.04850312843780531,-0.34965875357987947,0.3292215311156389,-0.20226263754572227,-0.32298728691896367,0.8759508605150738,0.037469220540865295,-0.16818511954441764,0.6907070833015484,0.25897847924068357,-0.3191036055108328,0.4672180002822353,0.18087114558384454,-0.33965443776924586,0.4092375357170224,0.03995518742443994,-0.32701357307759915,thumbs_up
0.0,0.0,0.0,-0.05735365088975599,-0.5335416020932544,-0.2272680662660443,0.13361429738850866,-1.08099494093421,-0.3187647200126161,0.32912543799197075,-1.464383253963136,-0.37825883817899847,0.41612610103963327,-1.8302455888332916,-0.4004206937572553,0.7578349485165633,-0.9783452922036713,-0.17542812850084796,0.63842218390692,-0.6111397393656155,-0.3252791410231176,0.38154530190582947,-0.5522954907081841,-0.38881615723000035,0.33459223584995684,-0.627236973455062,-0.4326488092026125,0.9072330115602814,-0.6504855641501852,-0.14867596249268897,0.6726097156993545,-0.25184764178699687,-0.31816365097169313,0.3675816385965497,-0.29515821227329364,-0.35825050310769135,0.3204582839637346,-0.4135133550037205,-0.3695595879994188,0.9413105812223136,-0.31013520715926673,-0.1516597233338165,0.6802223023519964,0.05778891765593172,-0.34460892288739586,0.39938054855635663,-0.03634553860157943,-0.3385825542837927,0.36427132029589737,-0.19111647351689828,-0.30822000078905615,0.9067160368222095,0.010509783338380067,-0.1756753523877767,0.7208464369024927,0.261370056829473,-0.32251658112985554,0.4919564443405964,0.19773787374410845,-0.3335201679327353,0.43951825340500394,0.05748270366779756,-0.31656977280028914,thumbs_up
0.0,0.0,0.0,-0.05446867773659545,-0.5402144797617022,-0.21890071838096886,0.13277056297540954,-1.0816891096770889,-0.3068765194164291,0.3380592154015372,-1.4645732250306378,-0.36659497825340626,0.43164157948001813,-1.8295164158616037,-0.39254284145067764,0.7764640639968257,-0.9476977762402976,-0.1502597671529806,0.6609086037643036,-0.5620570824255642,-0.3054863824965473,0.40050305298024585,-0.5333709069601678,-0.3897943705732025,0.3391124291329254,-0.6166334752028697,-0.4479836329518541,0.9258350976548697,-0.6141494659844858,-0.1255778935000414,0.6959372261429126,-0.2107253664163798,-0.2898732755573757,0.394025479671877,-0.27793337461287787,-0.33889698694172915,0.3223660219435222,-0.38819882951274587,-0.35914024807035144,0.9584476600880877,-0.27735503364160974,-0.13221521757611215,0.6946863417991819,0.0898096351257225,-0.32039391248558324,0.41318254175086505,-0.0265056215229916,-0.3237622515711236,0.3496978448540397,-0.17772132351262385,-0.3004520556072993,0.9230260129372817,0.04145677803389224,-0.15989630602353805,0.7302222672727484,0.2870200455740037,-0.30406017165510146,0.4934592027360319,0.20083951934675934,-0.32179464234965677,0.41716606788006694,0.04960760218970835,-0.3108932239015845,thumbs_up
0.0,0.0,0.0,-0.06800710484843718,-0.5420092714303646,-0.2220592586399062,0.1272325068237876,-1.1090708584794557,-0.30632168721496483,0.3305013693951358,-1.491457352466073,-0.360728580668004,0.4250401476012336,-1.8536847910473615,-0.3782786327140223,0.7613265721418716,-0.9802482936777661,-0.1612646880346321,0.6573101503995255,-0.5730719133102552,-0.31641877793631173,0.3969811205968346,-0.5495980437562523,-0.3925337076297131,0.3520329529381572,-0.6559492341750115,-0.44696788907872165,0.9209973454934232,-0.6507579348567005,-0.13514584238195101,0.6862060092803178,-0.22133080645664968,-0.30988959268795735,0.3740862984466635,-0.2931125572156273,-0.35374004748749893,0.32134344053506736,-0.41261617462784067,-0.36751535685703357,0.9617489677294099,-0.31517983701994773,-0.140803892227064,0.6941214634302925,0.07386415385564578,-0.3353237225268827,0.4074488732634318,-0.04190352402328861,-0.3327912368371208,0.368569865559356,-0.19883001522700056,-0.30556783213482575,0.9341335158084275,0.004681149266004549,-0.16845861902522385,0.7407518102447542,0.2751226071920322,-0.31847413495186844,0.5039136808020613,0.19587129974913228,-0.33876065529581667,0.4466135340316974,0.04202661030298015,-0.3299314645361272,thumbs_up
0.0,0.0,0.0,-0.09582973534809784,-0.5387701136011441,-0.24299402904671266,0.08446496238685312,-1.0949320909485751,-0.33633314008502085,0.28709991119430756,-1.4728334749266194,-0.3944961752977575,0.3934549540153835,-1.8395244080054654,-0.4133197833005916,0.7388160965586418,-0.9685632603019241,-0.18363949325866244,0.5990034102957411,-0.5236884278590569,-0.34464360607893885,0.35099467329569517,-0.5217931358005593,-0.425698264153701,0.32379133854936265,-0.661023430763979,-0.4863346206058283,0.9019632091882333,-0.6407878534421967,-0.15056559508262005,0.6300973670786867,-0.17559446648840685,-0.3316491940812052,0.33492036323491864,-0.2655719835388566,-0.37880544086481827,0.30359763756602504,-0.3939206344086436,-0.39768229094841795,0.9423226935959453,-0.30692641872850496,-0.1503454898488677,0.6447789011423022,0.10632634977436382,-0.3487044476764522,0.3670379638465127,-0.013467120248718918,-0.34188815270287387,0.3420393407705192,-0.16659182921054333,-0.3133001845807445,0.9111721262073245,0.016434136376301468,-0.17506467076131607,0.6966140532593625,0.30514434788135786,-0.332393783490183,0.4757008582085415,0.22394225019832167,-0.3552503639995516,0.43284973166336926,0.07030494383442407,-0.348204161142394,thumbs_up
0.0,0.0,0.0,-0.16294358864533942,-0.5329560892829541,-0.24984097610717015,-0.02379160709007742,-1.0548313221265406,-0.34628432222792843,0.15099115735579788,-1.394675060446991,-0.3982907030165355,0.24788179637147098,-1.7546047923159065,-0.4071463163654822,0.5807711173737158,-0.8995084264019517,-0.24786047282555776,0.35372681585568355,-0.528527383003844,-0.36856165797629253,0.1728271186608047,-0.5339401620603342,-0.39842559636443564,0.20437577979551913,-0.6576621248860521,-0.4303780379382136,0.7510134351750741,-0.5600055908912172,-0.2049787581937045,0.374239316697193,-0.13674141990967043,-0.3559888309206804,0.17746415443474123,-0.23647594592017407,-0.37644110559914007,0.23132604080806485,-0.40356680663615807,-0.3870654600329694,0.801437506102862,-0.22408678025329642,-0.1866944596683948,0.41898243169151417,0.12304621770068093,-0.3486450031637928,0.24412277472300292,0.01792391217306624,-0.3219617116641059,0.30696176841884704,-0.14567686133322563,-0.29515259388430515,0.7835651081321529,0.07827886072877999,-0.19488294515777235,0.49100534708110644,0.33402793638669614,-0.3422928474760853,0.3378505932263112,0.2517120288290797,-0.3685293905784007,0.36025624100444337,0.09316570764817662,-0.37058018139071075,thumbs_up
0.0,0.0,0.0,-0.18745328616404988,-0.5139062131283508,-0.24252144487386834,-0.13588852453021474,-1.0386901421361094,-0.34100197470302046,-0.03965893538897848,-1.3894585030075974,-0.38686403984980855,0.04703146271694644,-1.7633509079373741,-0.40436760047556797,0.32731739092611317,-0.8404673815479721,-0.3484334615186216,-0.035543191645494854,-0.5384817934484941,-0.4361996696143739,-0.06725280117171388,-0.5689486442995612,-0.4510358122068633,0.033365887252713194,-0.6903522605867962,-0.4745866303082687,0.49482085957416516,-0.49438459147119623,-0.29438758557673295,-0.00844870423798289,-0.1623849320320587,-0.3645843938055766,0.006959375196813231,-0.30462667960929307,-0.3458984328755134,0.1083328184469821,-0.4550558842509915,-0.3529033979056268,0.5519165761147732,-0.15712182886218,-0.25167658513539815,0.06528354052525968,0.05702453402422795,-0.35296921421426436,0.07310481124257243,-0.05870796384459907,-0.2699690241643393,0.1832505823361225,-0.17936746599153058,-0.21265499011215303,0.5425630466943502,0.1296806018774556,-0.2367097042935908,0.18914478822854658,0.24819875780998304,-0.37287892276726325,0.174223611882598,0.16715122526802662,-0.36144245623978805,0.2421522800397355,0.07480622015213235,-0.3307950347914345,thumbs_up
0.0,0.0,0.0,-0.1768131469143463,-0.3858938296629476,-0.2555255911196735,-0.19733377810760036,-0.8562355894392433,-0.3692286074392252,-0.15846194683197637,-1.1649249563645614,-0.42825706943151515,-0.09123628974812092,-1.5326281909766386,-0.4605815388471613,0.14304169834692637,-0.6110310455494835,-0.416999017633584,-0.26116940584117554,-0.30877237626744153,-0.5694997207430099,-0.24151856818930076,-0.38644963134499083,-0.6248992082868912,-0.11968034310213863,-0.5157846827564393,-0.6572792127569688,0.3264259369657923,-0.2576083050640846,-0.35142621640410004,-0.25536885737767034,0.0949316491133418,-0.4435846091132698,-0.17103244851091406,-0.08209768300070831,-0.3885233395247682,-0.023210855698416317,-0.22927757750757438,-0.35361750513795087,0.3937919881108911,0.0712075791344934,-0.3019176627677153,-0.1705058805537056,0.31644099583890484,-0.4287796222629361,-0.10406736857928924,0.15523757525575962,-0.28418702518837663,0.04001194654417879,0.03917680038038144,-0.15980331185793661,0.3991493388694944,0.3462897116257226,-0.283036917219126,-0.026636254246644786,0.4765472494652895,-0.44708417470413453,0.013305314811820748,0.3539020292086153,-0.4108287618012197,0.13825025475549438,0.256025353000811,-0.3406506564072607,thumbs_up
0.0,0.0,0.0,-0.15140900553286835,-0.3892438881824847,-0.23723347360118738,-0.23206462592667673,-0.7911671844905217,-0.3855682499296647,-0.24789690632929065,-1.0861037298006289,-0.48366717194316716,-0.18261743651660742,-1.4456820210977643,-0.5611278728261737,0.05826093304535602,-0.5165727423321677,-0.48651574914927076,-0.4130180465192795,-0.2365655119630125,-0.6380687698089669,-0.354139050416436,-0.332243389110929,-0.6922908895534902,-0.20157828133745742,-0.44806819160297096,-0.7299133780505302,0.2031557898815246,-0.1487405030897545,-0.44121622220198037,-0.3961626912349252,0.1348249688492272,-0.5321461578881094,-0.27814195967281646,-0.04529983973223851,-0.4726302869473271,-0.11055178446948705,-0.17146477640639857,-0.4470863020069346,0.26566630859918305,0.18168337129438955,-0.40208392076035937,-0.30760522938029544,0.35676644398065394,-0.49927831338745937,-0.21222262122340535,0.2060048139232684,-0.33722568290566735,-0.05183686641371515,0.11892405449228272,-0.22094189084403953,0.27166748998096407,0.45616771315100496,-0.3957762994965476,-0.1582127037244003,0.5308979354876057,-0.5258470711850249,-0.0936975015906692,0.40730748703786707,-0.4735068444226547,0.04723660413100487,0.3251161819159117,-0.4087213067266189,thumbs_up
0.0,0.0,0.0,-0.2233788230698896,-0.5959278810450026,-0.0932234561353688,-0.4922016551023781,-1.1502187095371719,-0.19811348660282077,-0.6163266569880116,-1.5039965949028977,-0.28181679664559,-0.6056027757891415,-1.8226564073836122,-0.3736049853200004,-0.243557989376496,-0.7871183172304,-0.3971692891281537,-0.8150542983717144,-0.5591245767657532,-0.5898319178384331,-0.795650385231912,-0.6035051922584667,-0.701554280553308,-0.6763750961501683,-0.7086250048831563,-0.759215146332466,-0.15111012002677932,-0.403933767041281,-0.4285049851393887,-0.7837462969267721,-0.18960877954875346,-0.5865632776030054,-0.7879126499578135,-0.29683746768896835,-0.6087459437906487,-0.6808210231509563,-0.4051906817687765,-0.6374291914983834,-0.10577474774601783,-0.07638210055899076,-0.45419790110038133,-0.7021558657001917,0.08146193622655767,-0.5990456907529448,-0.7123221564747206,-0.04550124764442724,-0.5528089065780842,-0.6024016927734226,-0.18539492230558244,-0.5178327135889312,-0.10349921810925093,0.19913999352013953,-0.48479397210390957,-0.5868756029827923,0.31788339117754655,-0.5903160130165492,-0.5907460281349934,0.20131739970234358,-0.5619769274850119,-0.4635461019609362,0.07016995137607168,-0.5343040203873048,thumbs_up
0.0,0.0,0.0,-0.24324482970591058,-0.40634587678524053,-0.056512843968453914,-0.5812546970632635,-0.7470489148756795,-0.1740796967654961,-0.7553057822207748,-1.0559759955310222,-0.27516698728501104,-0.770250978320977,-1.3649825921386896,-0.3766378558441099,-0.4639987451575324,-0.45317524116000696,-0.4593705309467333,-0.986310341091652,-0.18325799527212144,-0.5878465726622095,-0.8526308878155422,-0.2839404026626524,-0.6023256064919078,-0.6742721123712208,-0.3732845266947381,-0.5965088417185866,-0.36468643219771,-0.06987032158622333,-0.4927129958578186,-0.9233278295844111,0.13625023858692212,-0.6009362380857988,-0.7846938410354057,0.008762657946187118,-0.5528564421455343,-0.5925905603709859,-0.05572201361692791,-0.5315042049715741,-0.30250150026443945,0.2523995358692119,-0.5075275524341741,-0.7944535598794389,0.40121191203731665,-0.5724378936333754,-0.6752608759523023,0.27561127951740105,-0.4642778320153402,-0.5048153206504206,0.2015321440024757,-0.4029435479111784,-0.2723103303313285,0.5261058897461375,-0.5246699817300281,-0.6608978749117301,0.5950593578299033,-0.5689219488696857,-0.5642638666591243,0.4830753135633029,-0.4925579397507853,-0.4143289326771133,0.4342013520491949,-0.4453790509073218,thumbs_up
0.0,0.0,0.0,-0.2715920071864999,-0.4176047474583686,-0.03523306414835419,-0.6084141878726449,-0.7184016533610394,-0.1451183714522352,-0.8040898438925688,-1.009124590720712,-0.24492797908465766,-0.8300580887254067,-1.3315033374056373,-0.3441136134814879,-0.5851295000296942,-0.37672881291937493,-0.3924835572143765,-1.0758930649552532,-0.16134251204483538,-0.5146872046511963,-0.9373799728729508,-0.2436619968097215,-0.5366896583366384,-0.7585637472219297,-0.31038069232385257,-0.5301724485040551,-0.48447554461819725,0.003407076863626016,-0.42465625287083203,-1.026384324966246,0.1586752022761931,-0.5006077775429756,-0.9054638623222204,0.04374443330262688,-0.45395660401181714,-0.7220444877754967,-0.01530488241276159,-0.43129600823386943,-0.41314851492498766,0.3282443392399177,-0.4387922427785466,-0.8887420148055625,0.42916378116026865,-0.4685450531047872,-0.7836681238443168,0.3135181344519238,-0.3636521285333659,-0.6230038468650694,0.25286691185889293,-0.3054894530645879,-0.3650245912829454,0.5968268079549557,-0.4536659256678945,-0.7547643172495155,0.6379315863336126,-0.4530030303989608,-0.6734666789952705,0.5352733460544915,-0.3603318187448992,-0.532947573617552,0.49482467886568465,-0.3038629593016041,thumbs_up
0.0,0.0,0.0,-0.2791225503231349,-0.4341513642948628,-0.02425956987942232,-0.6200523405812379,-0.7436788534331338,-0.12109205915873657,-0.8276381255564786,-1.0342155466435174,-0.21247472495874517,-0.8894742446481495,-1.3461620089551223,-0.30080641743920156,-0.6815370965996929,-0.39204761661926574,-0.33565447038046087,-1.1474579398638933,-0.1830917906980706,-0.4555431092863961,-0.9921372401297776,-0.2561656835414133,-0.48421946726812165,-0.8067100195331202,-0.3188974002903517,-0.481148478372328,-0.5926975907930799,-0.012889042675992796,-0.3726179000627235,-1.097370480557944,0.1282048905877239,-0.44556080530245046,-0.9612853619847191,0.030229601078012657,-0.4084612739992393,-0.7753720089169,-0.022280269396116006,-0.38720673036529524,-0.5131826146065864,0.30951098676301225,-0.39419862345763984,-0.9401554456639265,0.38386656408477854,-0.41953436779780895,-0.8325008254660343,0.287408117900927,-0.3242308515199189,-0.6767520953736468,0.23346597877413933,-0.26904413677157185,-0.44703078058528806,0.5767222601442308,-0.416225641558445,-0.812521262220565,0.6006672066445654,-0.40754328640054005,-0.7258373791821162,0.5059188190968938,-0.3145487489483938,-0.5870286810922412,0.4627932993531973,-0.2543797780197368,thumbs_up
0.0,0.0,0.0,-0.2842191578044319,-0.4522924095287745,-0.029063738069944268,-0.6326104506338377,-0.7654935899878565,-0.1254712224105071,-0.8485814619648886,-1.058521009579486,-0.21836135738230464,-0.9245575194990118,-1.3816041703506694,-0.30693176931512084,-0.7528459816286772,-0.38192056230587657,-0.2982766590242827,-1.2082736771752296,-0.19905261423578688,-0.41521653125921637,-1.0439912522325692,-0.2727363734756829,-0.4513959324833739,-0.8590310191045235,-0.33490942332766477,-0.4541295776111267,-0.6735674367850242,0.0033677621353286145,-0.3316992460481612,-1.1367596950324732,0.09524958430673608,-0.3939414758709345,-0.9948051002086243,0.00758793670167635,-0.3613551571032451,-0.8174851632681899,-0.035636564253728124,-0.3450573944479287,-0.5926273509210391,0.3286262850154845,-0.3533474500395387,-0.9915273963891036,0.3493410939042637,-0.36809809896774315,-0.8767491200816322,0.2685189914152517,-0.27590166173522473,-0.7237117674015765,0.22682617995506096,-0.22567028347330573,-0.5206079252073916,0.5875174141570387,-0.37736834595250573,-0.862741910404345,0.5700251570959289,-0.35915771674436997,-0.7666964619113995,0.48399363481964036,-0.26439677734012074,-0.633282746433241,0.45072232307720855,-0.20308541191145899,thumbs_up
0.0,0.0,0.0,-0.2745559847028781,-0.4594120367962241,-0.03966790327969606,-0.6122389908838138,-0.7638895795105006,-0.13336132500772405,-0.8460209640814714,-1.0429492256588382,-0.21842489562200912,-0.9214092537783377,-1.3626837049597205,-0.2979675702219691,-0.7826811223882972,-0.39314505622199747,-0.2851536108316418,-1.2061189667056667,-0.20873461797713166,-0.38737425086639576,-1.0474339467938907,-0.27155859448868036,-0.41928368054730897,-0.8685485692793314,-0.3321510580650267,-0.42096398740351315,-0.7135903137170553,-0.004898308640481214,-0.3042427533367054,-1.1388856859314125,0.08657374828456807,-0.35206837154486137,-1.0013470060349199,0.007311648555588943,-0.3179914600917688,-0.831687970273438,-0.03945920959370777,-0.3003666833811917,-0.6397905995094002,0.3234915481470332,-0.3114044936400404,-0.9955261320929869,0.325507485912878,-0.31424422729318147,-0.8862522496012168,0.2550054519316886,-0.22792124441378359,-0.7408581620558196,0.21835078575530922,-0.1826529124798271,-0.5692926979595723,0.5831411641904716,-0.3216309483518374,-0.866886987502734,0.5430917056506316,-0.2953964876534847,-0.7692534754177093,0.4704945289691689,-0.204829949750521,-0.6447949738881595,0.44673029368638434,-0.14537922099934514,thumbs_up
0.0,0.0,0.0,-0.2722872623414214,-0.469751245984217,-0.029964365757617906,-0.5942896576325419,-0.7627995221555058,-0.10621346262437414,-0.8356840995857103,-1.0130569889030216,-0.178463051335164,-0.931314852620372,-1.3065179436879233,-0.24614606977572512,-0.8531419763998306,-0.3774362699559514,-0.20653663070102737,-1.2105271217304572,-0.17431093698799677,-0.28272925595415677,-1.0632736220222436,-0.23060467263831066,-0.31466773664989506,-0.9036110677106586,-0.29466756145980283,-0.32301057885610873,-0.7839284621996623,0.0033663369689908794,-0.2245675773614519,-1.1287740535640032,0.1187769672620827,-0.25012282007690645,-0.9978367320550968,0.04666001304776236,-0.22563804792085243,-0.8415839006263509,-0.006680747489911269,-0.21800915167293694,-0.6960436320830947,0.32991537105859936,-0.23275942292261842,-0.9734504322586238,0.3558922599486,-0.22309721763843612,-0.8723434886807389,0.2870118265830943,-0.15074915656806523,-0.7365435286071264,0.24014342450031223,-0.11674428294161718,-0.6034697070572145,0.5901782444580134,-0.24376443505120912,-0.8400985309144399,0.5727453060038217,-0.21176992845097373,-0.7481210767986324,0.5022414878933754,-0.1275712035803411,-0.6333807076312926,0.46844146965591266,-0.07056686879357738,thumbs_up
0.0,0.0,0.0,-0.28450059231656366,-0.4725724730963072,-0.008973352737203896,-0.6165271854724138,-0.7575376878326282,-0.07127438713955961,-0.8664171821452799,-1.0075491589047514,-0.1377849074474521,-0.9632559555665978,-1.3058992053287055,-0.20208664292595038,-0.9143995698518317,-0.3826642602450331,-0.1394060137599248,-1.2412322745693898,-0.17249639212923656,-0.20205792572598474,-1.0953398053215182,-0.21773702715199134,-0.23715345386290307,-0.9467350941196125,-0.29296193620605915,-0.252170404769792,-0.8446718920861781,-0.01259490494444168,-0.16765949206933708,-1.165139544171477,0.1156793154868849,-0.18529139174307266,-1.0313505919026906,0.05769279039066834,-0.16868385325078422,-0.8789228686043915,-0.0018070174759543887,-0.16516324034745664,-0.7466825433521228,0.3138486699178692,-0.18716126964703242,-1.0004833980146304,0.350019902758802,-0.17140805176865762,-0.8947570908623557,0.2884749326899977,-0.10574213133466051,-0.7589421926805358,0.2325225890593067,-0.07550543440245479,-0.639480699711697,0.5762951389568809,-0.20880691809968138,-0.8437755894566314,0.5724093307727359,-0.16855023999030191,-0.7446638035475198,0.5081898650321526,-0.08453867199992872,-0.6337453236970555,0.4618189004298699,-0.027249670319008427,thumbs_up
0.0,0.0,0.0,-0.2530385744006454,-0.5091684943278934,0.0041650273404086734,-0.5815513286161247,-0.8058026565104751,-0.039776452456646315,-0.8368355422587713,-1.0601729673322673,-0.09135391526696887,-0.9334586103442356,-1.3596970010104903,-0.1414553812087986,-0.9347193808266417,-0.45706218652674946,-0.08530341450163584,-1.2327510527394467,-0.25607280100094454,-0.125109296748072,-1.0927761042909407,-0.28610281687347733,-0.15559376507800624,-0.9561092071136792,-0.3547203023047259,-0.17184641465871722,-0.8807087626400733,-0.08935200185469609,-0.11267495002893753,-1.1701210154860389,0.03004663228745739,-0.11107800004770478,-1.036584235470204,-0.017020055337171415,-0.09554392386865619,-0.8896570482522961,-0.07239356572287017,-0.09461552495665651,-0.7901195302241143,0.2405496077082333,-0.13160298304623358,-1.0187378596658434,0.27530283952309137,-0.10413041300904351,-0.9135936863018436,0.22214623582858667,-0.04530804454437952,-0.7797768504594665,0.16961274769375545,-0.020704879739819472,-0.6859924199236261,0.5092051889108519,-0.15210354986736335,-0.8733030342133534,0.4938883161034548,-0.10473815622131606,-0.7751914122908913,0.43530091413108435,-0.02485089567982525,-0.6671919849623431,0.3875003348472845,0.029584858242500255,thumbs_up
0.0,0.0,0.0,-0.24476562835371474,-0.4915322131647366,0.006926790552171513,-0.5498049102634865,-0.7989723721494241,-0.039255409748433015,-0.7745975150142668,-1.0748614334748616,-0.0943748463334793,-0.8495149623526557,-1.3668637092613736,-0.149567148108253,-0.8894166867151179,-0.4888505119674731,-0.08453227275451138,-1.1803731464026215,-0.28629308754494953,-0.12726204722573856,-1.0401864212112293,-0.3007125603717191,-0.16131549293513664,-0.9077981480632041,-0.36770298558663,-0.1801285310537798,-0.8481835853388742,-0.12493899037485455,-0.11486715137921755,-1.121195383608353,-0.015592167294308732,-0.1178526416835329,-0.9874117867488068,-0.043319996781835624,-0.10715060989593451,-0.8434934841533498,-0.0906033354542522,-0.10873978260817548,-0.7725055444739337,0.20970592087669757,-0.13685959224208039,-0.9817472596929672,0.2381293821660884,-0.11000634592203254,-0.8766550912371486,0.2011296198486588,-0.053779065575562314,-0.7471112619404222,0.15605227307709488,-0.030508941038500582,-0.684236094316013,0.48692060739654314,-0.16050362997450124,-0.85540617876027,0.474114350732851,-0.11068852861683225,-0.7572984107353259,0.43257132779507645,-0.031405492666830834,-0.6537078054782779,0.3920609256059832,0.02232263537839868,thumbs_up
0.0,0.0,0.0,-0.22609187501842185,-0.49234508928608606,-0.008295368999414804,-0.5228243775807995,-0.8178701280486769,-0.06543294170594051,-0.7424953227884149,-1.1129819664566132,-0.12733757491509654,-0.7967924363029629,-1.43717585320827,-0.18867230971792065,-0.8441516579984258,-0.5286988238669558,-0.12784931614384637,-1.1587238787154044,-0.3370048829697902,-0.1803368215090795,-1.009817350137439,-0.33826021835913384,-0.20952372575008246,-0.8603388421797754,-0.39420349188317116,-0.22257139730685357,-0.8148042514791388,-0.16547145398015967,-0.15298091174317185,-1.1045471995687812,-0.06384967236317451,-0.1669285492425672,-0.9635759204027706,-0.08322249653843303,-0.14941275005559665,-0.8161907563332695,-0.12353010148242521,-0.14464094708280706,-0.7546816705578692,0.1713777700851261,-0.1695653049919222,-0.9797865876085066,0.1919247454797066,-0.15312399045604067,-0.8704737800331857,0.1600777387503715,-0.09249661886189985,-0.7388145264517291,0.12228885590771342,-0.06444009201507349,-0.6803196545922165,0.45593700827735056,-0.18827574014359466,-0.8641115577833454,0.4280056281285658,-0.15022391032876664,-0.7623404912256179,0.3902241256650006,-0.07342462900262046,-0.6541025352236419,0.3617533068988816,-0.02016031252912904,thumbs_up
0.0,0.0,0.0,-0.21015585957873928,-0.5004644110915631,0.0035836366340043406,-0.504935636461602,-0.836173046255939,-0.049275232548208675,-0.7069228539953225,-1.1512567035097074,-0.10786286924683063,-0.7503265773511179,-1.4665374504994824,-0.16799277549903596,-0.7939174698186241,-0.592147513956978,-0.14450728891262102,-1.131186619184702,-0.4109942688190262,-0.1986627058624581,-0.9854605847813855,-0.40312258412792307,-0.22423429305857048,-0.8351680870147921,-0.4549300683245437,-0.23497597302246376,-0.7690729197076102,-0.23295411558504198,-0.17759055581172528,-1.0839687464747148,-0.13993834218924806,-0.1923077812863199,-0.9391378830703403,-0.14801769861560626,-0.16745842587291276,-0.7887435335609784,-0.18164861497778007,-0.15946420080379142,-0.7182072334441211,0.10331139728979508,-0.20019209410543262,-0.9675637785520753,0.11932130077807711,-0.18540707769815123,-0.8546125106342201,0.10001775002364709,-0.11581558270366499,-0.7217892401897953,0.07027108876068759,-0.08342883663596645,-0.6542727781085266,0.3949109527109565,-0.22334220158675355,-0.8685979453912411,0.3579030558385515,-0.18697974466461542,-0.7683470606966468,0.33107438086841223,-0.10342112673212034,-0.657984414344997,0.3114394812625083,-0.04718522569269485,thumbs_up
0.0,0.0,0.0,-0.20163169180155294,-0.4902856219429155,-0.012315493380306377,-0.5042024533489461,-0.8316690752972841,-0.07771285388370339,-0.7040841343656904,-1.1557063262251261,-0.1438472304257521,-0.7371877310953104,-1.4857445618229375,-0.21125076696420872,-0.7391258116517239,-0.5931037309412085,-0.19721272260022252,-1.1185106364226887,-0.4320536482164159,-0.27236817711383166,-0.9750983140243178,-0.43277939188532444,-0.3028655397664453,-0.8187479854333299,-0.4814353968177704,-0.31272023409833233,-0.7146339529823744,-0.2260300131241784,-0.22577082304111176,-1.08119089354339,-0.1589305662511521,-0.25703628237667586,-0.9334483227000463,-0.17292534544611946,-0.22793464122351764,-0.7758521562569468,-0.19925644024165623,-0.21465345745162986,-0.669320083885359,0.11003640594655055,-0.243760156918751,-0.9647816753890062,0.10338596693301491,-0.24339962766412382,-0.850471740452411,0.07792656060269366,-0.16740884649960636,-0.712701179509463,0.05294611855843452,-0.1278299134158266,-0.6150740615616355,0.3970136293939768,-0.2626250766510526,-0.8703149256666631,0.336865135137791,-0.23772082027816113,-0.7717278889903981,0.30275451931365244,-0.15254716765305226,-0.6544648937776181,0.2911359867567384,-0.09467047829006262,thumbs_up
0.0,0.0,0.0,-0.20755861455341512,-0.46639924896103274,-0.011614441325935894,-0.5144582948530507,-0.7984155406856663,-0.08217906321360642,-0.6962250051084005,-1.1215877997516837,-0.1528701098407131,-0.7090620597771536,-1.4444913694861778,-0.2265231632801671,-0.6932340515230748,-0.5752177792198953,-0.23311118312235918,-1.091124335530178,-0.413835438213694,-0.3163812276638433,-0.9487884336839101,-0.4116210227567924,-0.3446681622732001,-0.7878892791688177,-0.45627277640123315,-0.35193705240136486,-0.6621446190400857,-0.21116774830365836,-0.2663219186889842,-1.0509426248105351,-0.14442376073397392,-0.30443574779987287,-0.9056459482531343,-0.15639406515574814,-0.27157146084142114,-0.7469595866748255,-0.1799971898147746,-0.2575174552397432,-0.616425896166118,0.12373727823887355,-0.2872138527940129,-0.9524222297399453,0.11999834287919879,-0.2962948545158475,-0.8337511083171837,0.09777890337671225,-0.21519462640952436,-0.6870785346998088,0.0799831027236517,-0.17208552433017418,-0.5637793368927666,0.4135284574073885,-0.30809355715365294,-0.8487071742599064,0.3538534654873443,-0.2953412791610598,-0.7527289437100327,0.3176050680374997,-0.21091658845917788,-0.6290562417718514,0.31314054168110284,-0.1539264211412157,thumbs_up
0.0,0.0,0.0,-0.1837147581423757,-0.47301668025228266,0.0006538988407921844,-0.49195534277969794,-0.8484215429256791,-0.08099861569625061,-0.6408580743662478,-1.184042730285858,-0.16158587743186018,-0.6150761452272119,-1.502127985516723,-0.24801713751389604,-0.5625607501408972,-0.6645114969259642,-0.32966263682942404,-1.0314006949611316,-0.5044842384190823,-0.435277017403751,-0.8922256578522354,-0.5076252273460153,-0.4544038001343454,-0.7258079646445423,-0.553736753499722,-0.45377505351144026,-0.5076229336966841,-0.29959516497978744,-0.3807057752722863,-1.0002535923723146,-0.2179825344783355,-0.4578491071778953,-0.8491224166284445,-0.24030564042597724,-0.41354612352181086,-0.6705339647412187,-0.2680941850655909,-0.389029223904959,-0.46130563443155315,0.028730251522151293,-0.41322058914888077,-0.8881822817455847,0.054040999555728296,-0.45214402308884055,-0.7586032181098953,0.021675641507873364,-0.3523772400472787,-0.5944775359124147,-0.008041534555058473,-0.292738671214894,-0.4215566915224934,0.31896929321593354,-0.44316766259923795,-0.7791916698347973,0.28854174118872145,-0.4532920764951353,-0.6790568379916313,0.252007183985192,-0.36583920042618506,-0.5367873402708057,0.24024666087174734,-0.30815252717462027,thumbs_up
0.0,0.0,0.0,-0.15105613855683125,-0.4789919638326429,-0.038327576588049264,-0.42432075042773304,-0.9332544541189942,-0.13790498521802644,-0.5290616281179169,-1.279782773408557,-0.22900837524680306,-0.4719116413263678,-1.5866073619946064,-0.32274107977277167,-0.3521711022696154,-0.7492615887829838,-0.38763549744326337,-0.8967164266228501,-0.6011523385103507,-0.5236144917950192,-0.7591140186131529,-0.6128707921977207,-0.5513837060106705,-0.5865970814459509,-0.6582880989446658,-0.5539523679580477,-0.31141800835869415,-0.37266281497411363,-0.4333848372063677,-0.878959223012413,-0.2910834630293532,-0.5610928137597763,-0.7148429497919234,-0.33082513068549096,-0.5279801204905235,-0.5248584170008348,-0.35028340015377213,-0.5066739064940264,-0.29379256791406777,-0.04118056207352557,-0.46526843248708616,-0.7919901140126916,-0.016499187163596687,-0.557490242832344,-0.6520383247226267,-0.06412157928182112,-0.46351875990869246,-0.4783101148537819,-0.09210888863471252,-0.3991009252055418,-0.2992622635477725,0.24333980815184794,-0.4969200873364708,-0.6912458265369047,0.2011735627556768,-0.5629189530083031,-0.5792000531298223,0.15360875351197117,-0.4973971360476498,-0.4237300178797283,0.14968160146978804,-0.448163651313017,thumbs_up
0.0,0.0,0.0,-0.14598006092536836,-0.48612426429763944,-0.19332730877618906,-0.17159905178710658,-0.9612697392129342,-0.2939025280055985,-0.09614375040040517,-1.3020588565874227,-0.3552801120285791,0.05741441317827237,-1.5821519797937518,-0.4034797626311073,0.15334646038988653,-0.652371909749904,-0.3293828522133925,-0.32365205290002313,-0.4645414328585631,-0.47049240076482074,-0.285434361978073,-0.464083166264645,-0.5399442100512061,-0.13146550147568603,-0.5626003163939317,-0.5816713897055218,0.21729970602194865,-0.2664366334566692,-0.3044151754717147,-0.35060335765485595,-0.09338906705534775,-0.40853939621776136,-0.2488387604975112,-0.18445266717927605,-0.40523884182887876,-0.07885308309770885,-0.2928272697320967,-0.4256999277909843,0.22644542902862097,0.0660971489367311,-0.2938193264736401,-0.31372233815304246,0.1836988150010083,-0.41464619802169844,-0.22928217913296958,0.06986059979201388,-0.35319617011164445,-0.0719689166258398,-0.036852332448786926,-0.3122779925872219,0.18977683897010547,0.3466412761919082,-0.3039765177494857,-0.2215617305962881,0.40424778368728254,-0.4086079818777663,-0.15177847690926988,0.3193486318187846,-0.3897347152224999,-0.0007462265059442399,0.2554484027657336,-0.37061275178949216,thumbs_up
0.0,0.0,0.0,-0.1315628141457894,-0.523062885672134,-0.2657525141795154,0.008884887676089857,-1.0418942414443455,-0.3727225975010097,0.1560678482061095,-1.3710775262164296,-0.42530596367192586,0.30375361578582416,-1.7175763667950685,-0.4394546356549576,0.4889743345211404,-0.7860898666069644,-0.35070580958307457,0.10330513157035888,-0.5235686374190454,-0.48133425749884184,0.014810354649728704,-0.5371922790905773,-0.5144941707761169,0.11986942149958747,-0.6339653360607252,-0.547645341983531,0.6140702254926311,-0.43140844863833966,-0.29778412530853404,0.0788766596376644,-0.15430802353217687,-0.43254458156048936,0.026864472704935874,-0.24148725697139412,-0.42920580103696077,0.15350890632508468,-0.3552806638521559,-0.43415666525376945,0.6312930233368702,-0.09024098236993709,-0.2652284040858957,0.11674215305580342,0.10922618149817317,-0.418064355075252,0.05890241033188032,0.02058122501950817,-0.35440345207440116,0.18313108797315028,-0.08172050097437292,-0.30630239818118593,0.5970366244445436,0.20414555157061678,-0.26263562119232964,0.19477810163819442,0.3384546639578225,-0.4239534274317323,0.11490687051570134,0.2616952416187275,-0.43583698310286006,0.19314453085741362,0.15768117419352776,-0.42520524582494723,thumbs_up
0.0,0.0,0.0,-0.09135182350903297,-0.5206581952485089,-0.21079000868404166,0.08787755055988335,-1.066830974744205,-0.29259854291944754,0.29138272093685597,-1.421763445227858,-0.3442317281300901,0.40734317086613797,-1.7634142726999584,-0.3609518460244418,0.6765977104861122,-0.9519593957423123,-0.16073971668275305,0.4986892559249607,-0.6605752401929037,-0.31440546068784153,0.27587958038767235,-0.6087003675987979,-0.3925159896633626,0.2686032255211143,-0.6812350955622456,-0.44635040850933155,0.8323442703353968,-0.6236748534223651,-0.1389272509986285,0.5201381481982078,-0.3045904814019519,-0.3030751373217961,0.25839452259713425,-0.33820560542714,-0.34958538835472885,0.2540053254925928,-0.4359923835406576,-0.3668453016378004,0.8710580073723648,-0.28514359094579506,-0.1463070100480761,0.5302636435941397,0.005703302202681668,-0.3337060879111011,0.28735217697045323,-0.07786072706480748,-0.3338244434466869,0.29213947905832865,-0.21602108893859898,-0.30965041496657747,0.843636823042832,0.033904198454527947,-0.17381291497358356,0.5744949005082335,0.22052433774106853,-0.32450394501930735,0.3703624457926562,0.14389952939028702,-0.34633924121725657,0.350741249911364,0.005851784601871092,-0.3370860575007414,thumbs_up
0.0,0.0,0.0,-0.014000308075569387,-0.536499571327836,-0.19361029638840843,0.18460399794487525,-1.069906286676671,-0.2844165474633731,0.3862063353487455,-1.4573048632844086,-0.3592883427860979,0.47417432558231054,-1.815700606473939,-0.41000781231976463,0.8013716524252542,-0.9591076821550718,-0.09949457791268287,0.763898321536686,-0.7972687083629515,-0.28976542299540364,0.5206286325940997,-0.6859131498926372,-0.42012092102800364,0.38057457893327445,-0.644257791978658,-0.491288185510151,0.9293961004750747,-0.6286585838053647,-0.08589096717404987,0.8156335714403949,-0.4418114032339358,-0.2826451687349128,0.4760258414010532,-0.4023853603179082,-0.36808032561952103,0.31177689863838326,-0.42005796636757486,-0.38816847580123603,0.946038004398923,-0.28464844388607324,-0.10418417888496277,0.7777172260381113,-0.081672086848294,-0.3242862607944688,0.4536239991973593,-0.14383129585136945,-0.34644574744830553,0.30250432751374906,-0.24825678802845466,-0.30837437507627957,0.8927915577783779,0.03602585030314637,-0.13625941821499263,0.7501401347604907,0.15005973509749604,-0.28190950509261004,0.4955184800045284,0.06841988111568217,-0.2821613712120827,0.3736460118431375,-0.055574709022575296,-0.2442461736371665,thumbs_up
0.0,0.0,0.0,-0.024629448988171095,-0.5598721685712245,-0.19638982854810388,0.18854489620943254,-1.109623437115724,-0.28136023369161367,0.4018856123663796,-1.5061000677136351,-0.3498956094811759,0.4859406883950295,-1.8723665049441032,-0.39249112427901167,0.8176497207092845,-1.0055337544968808,-0.08497502177856828,0.8055131132723664,-0.82684210133097,-0.2735789734204009,0.560291562031236,-0.7074016167690045,-0.3995536100149361,0.4102126329287025,-0.6612614040444286,-0.466999414881958,0.9445946138679305,-0.6764997515428095,-0.06999283188176036,0.849374197901122,-0.4513759662375491,-0.26853542045759676,0.505386064504215,-0.4114415443436675,-0.35270415442461756,0.33183958730318425,-0.44175340885293163,-0.36935068574901514,0.9653486208100996,-0.336522236596371,-0.08930148509716533,0.8051649666352219,-0.09587511650126176,-0.3112170813294328,0.47491245045114466,-0.1484059766780246,-0.3343827691557764,0.3260566559941545,-0.2572919183886803,-0.2956453901655503,0.9174984843367163,-0.0112654706081338,-0.12319548821998368,0.7737863253727603,0.1364033902916887,-0.268834777463001,0.5112714371909886,0.07209408238214984,-0.27141959294071677,0.3956251347851605,-0.048657343720568055,-0.23471416852468227,thumbs_up
0.0,0.0,0.0,-0.006272078665505742,-0.5383217113618677,-0.2005855609663102,0.1950684623457903,-1.0636341399029605,-0.28872045141845587,0.4006449408890625,-1.4480060551022558,-0.35752318920513476,0.49223421667769857,-1.80016222542924,-0.3999114008072722,0.8160926315638573,-0.9509666651885227,-0.10052098112397505,0.7746627582292759,-0.7742444448862278,-0.2822319367926118,0.524294170725741,-0.6772796366659778,-0.4029390700203791,0.38838165643834294,-0.6534676083720014,-0.4697398629467039,0.9411791815532832,-0.6167863592002223,-0.08120628353771472,0.7959866273010395,-0.41334975750760095,-0.2662416330629318,0.4705613162400255,-0.39866722131463356,-0.34831828273576737,0.3240797427158288,-0.4426152136453256,-0.3714545308797614,0.9521669286303036,-0.27271033989347643,-0.09469952203426933,0.7543238167244026,-0.06300540450708658,-0.30638859611070646,0.44592090019777475,-0.14135695419897698,-0.33448559766034325,0.31532399879419487,-0.2619353072111304,-0.305622632360077,0.8926608257144808,0.04584744199581293,-0.12285811081442848,0.7205359327168042,0.15927065200682278,-0.26768658359559366,0.47410930246387323,0.06981975508014261,-0.2776769510746975,0.3658444165237182,-0.06310801673268657,-0.24879366930275676,thumbs_up
0.0,0.0,0.0,-0.027404500353094288,-0.5225901294803795,-0.19822138288225383,0.1425223592011574,-1.0748966692255555,-0.29575313841174555,0.29765654982646567,-1.4915084632820317,-0.3748880578006911,0.3465672922217294,-1.860235878536332,-0.4280744589385059,0.7730169220171432,-0.9607711099552247,-0.1173924729688406,0.7453384284970631,-0.7665425375334751,-0.2989717944604414,0.4962068090658622,-0.6542453272612203,-0.4206325360839191,0.3693161303022832,-0.623608448059766,-0.4905893323356529,0.9073772469304144,-0.6308055820866183,-0.10071967635000288,0.7687626227081333,-0.40462940639432005,-0.283427518768784,0.4442584451274203,-0.3773382059183848,-0.3582610925557736,0.3120004623792107,-0.41481010385302625,-0.378952852882974,0.9297299057019481,-0.287526207868719,-0.11535809684528554,0.7366239647427676,-0.05336868527433059,-0.3185932689791034,0.42830019445567763,-0.11358794024538005,-0.33293419630224197,0.31098076348477965,-0.22426562874412675,-0.2988504414057393,0.8844662345158878,0.032600743738877044,-0.14552450154662105,0.7252843502399186,0.17292375238341842,-0.27909569605526385,0.4726367320064237,0.10086873312065373,-0.27708170743002924,0.36967898611802125,-0.02482674301720861,-0.24348264737157713,thumbs_up
0.0,0.0,0.0,-0.04825705515070881,-0.510322149118926,-0.19912052646978617,0.046159178351851,-1.0548050934944813,-0.31720182239700534,0.1259182459530576,-1.5072766336663779,-0.4186337975732191,0.11392722382905981,-1.8811109182516148,-0.4963553483396052,0.7104051245429027,-0.9941197745290653,-0.14935573738507368,0.6971200436777147,-0.8594471254992302,-0.31053648595665184,0.46460242074915153,-0.7241973763254286,-0.41539262392505394,0.37233559084401796,-0.690506947130017,-0.4822759726732707,0.8596598575676055,-0.6654428401120843,-0.13457742599949696,0.7292403777110338,-0.4803011640787096,-0.30409575115077253,0.409799253888884,-0.4358696056731461,-0.3702139729463182,0.3045366292876681,-0.47898796681233685,-0.39290016421638774,0.8931059025183783,-0.32221179339088696,-0.1460856144172664,0.7073355995424687,-0.12737056557556511,-0.3340541909386195,0.4039715729707937,-0.16283646103022056,-0.3405745852549642,0.3121221101340645,-0.25849080989266765,-0.30979548918777455,0.8590231335567242,-0.005509686961210766,-0.17307876745812253,0.7049631585169533,0.11168065541147594,-0.2909563255036807,0.455110448355723,0.05403909804720988,-0.2795158810242077,0.36194189947564176,-0.05699011141093653,-0.24580937270727862,thumbs_up
0.0,0.0,0.0,-0.05621897934148866,-0.5096475309916871,-0.1935290954838306,0.023586853587116548,-1.0353097842022592,-0.30888496102322843,0.09294356385650065,-1.4763267096006123,-0.40871494836225625,0.0623136392665051,-1.836234278168823,-0.4850667767722778,0.6745007198682568,-1.0075380847784248,-0.14467707196429838,0.6471859034065891,-0.8678141805950542,-0.2973164119514712,0.4233984212806776,-0.7269188371579766,-0.3943100528996785,0.34200540725601475,-0.6905970025527418,-0.45776608001510827,0.8312216807278724,-0.6831966534040926,-0.13125319146592862,0.6930647479676674,-0.4963972033148217,-0.2885107462073543,0.3881628565933905,-0.4490358348923053,-0.348703723146504,0.2877344960265132,-0.4862779313881601,-0.37218107007972445,0.8707294259097322,-0.3412143429170974,-0.14365042734801384,0.6826033551499047,-0.14831084984039583,-0.3219893099021504,0.3882862799528384,-0.18494521260142546,-0.32881844257089876,0.2930734585401734,-0.27891441735719763,-0.3030622069092763,0.8404445093069652,-0.021775922541182602,-0.1717993552029677,0.6825239600064001,0.0944282530400344,-0.2864332098784025,0.43683641020582636,0.03378119001309146,-0.2793929583053354,0.3346779572845833,-0.07942762333591115,-0.25218270885653327,thumbs_up
0.0,0.0,0.0,-0.028596822201824718,-0.49822110137762166,-0.18543278030339128,0.07015542468003022,-1.0127871445622285,-0.294632743375827,0.1582570177723238,-1.4383900865999184,-0.3885695446416854,0.16484730290744198,-1.7974327295216386,-0.46028663230125755,0.7293527908964667,-0.9756481718121207,-0.1424991397464988,0.7025648482004923,-0.8520824810950967,-0.28597075680566303,0.4852607581455355,-0.721149064279566,-0.3765003709566163,0.40075177578978693,-0.678719612958822,-0.43710432355574824,0.8796963649994026,-0.6506289896097766,-0.129524538340552,0.7242512836505727,-0.4728709214984127,-0.28246964537381436,0.420272585487878,-0.43107592523374255,-0.34594032171017236,0.3100570362678552,-0.4662648288760537,-0.37089704335227835,0.9052139605389347,-0.3061385757375055,-0.14029094155728142,0.6953832193381388,-0.12937350523372276,-0.3149430068294567,0.4082754211942595,-0.17347711315769676,-0.33215518241442676,0.31019858513087506,-0.2675388474619185,-0.3139431608076591,0.8592436320762519,0.015619234438203136,-0.165243340839595,0.67752794397751,0.11931203960495479,-0.2843847314345639,0.43746394638439323,0.04987190372257068,-0.2886831779117545,0.33530877861288283,-0.0651304400428247,-0.26808061066707267,thumbs_up
0.0,0.0,0.0,-0.0031439622209067943,-0.5176395471087323,-0.17826085440316158,0.14905339609109805,-1.0252616350732813,-0.26312750702569954,0.3089288242900735,-1.3784013630055907,-0.3311604011404996,0.42489030479871276,-1.6759505016419727,-0.36963160671365997,0.7654549090145548,-0.8799055037459459,-0.10998096155532343,0.6676465380148442,-0.731753127850783,-0.2542671427307227,0.44070547538474814,-0.6705142115479028,-0.3402306786667377,0.38754347090667707,-0.6666976567863684,-0.3965314332267551,0.888953051814022,-0.532256016379773,-0.10200300105560363,0.6536116528058878,-0.3635262971607833,-0.25038162910459494,0.36934105003088846,-0.393383604627372,-0.30510192716297996,0.32116456977579844,-0.4407087386369668,-0.3246144078357255,0.893343213798884,-0.18811053672930114,-0.12156576753858007,0.5999978691873197,-0.03196971940281327,-0.2899009958226896,0.3378637191295158,-0.14092826065016847,-0.2960408275336069,0.30662786889232535,-0.24752928346131842,-0.27229747237492347,0.8302094357076912,0.11684183344052274,-0.1579559246551732,0.5864263657934158,0.19610477949790373,-0.2788791348393656,0.36952886832525245,0.08522091944152821,-0.2833732676657506,0.31946985412356477,-0.03938020260785226,-0.26156309484747553,thumbs_up
0.0,0.0,0.0,0.0006813076345006313,-0.4910351045798562,-0.1792982977486697,0.16732944159808041,-0.9974444066743113,-0.2588314940079606,0.3384716268668363,-1.3477533059332127,-0.31900097446703185,0.47121055688069585,-1.6257432982811775,-0.3491413821332521,0.7800592716771151,-0.8888327937106223,-0.10481919653571059,0.6852335712378169,-0.7481739311001229,-0.26266593152385925,0.4443916806477504,-0.6750483444873485,-0.35982601508123646,0.35783337253456926,-0.6649648482143765,-0.41755429989843124,0.8985759943722507,-0.5484490637139415,-0.09352736539713677,0.6830599777960977,-0.40031229459564227,-0.2521416852705897,0.3866116350770407,-0.4071876987684105,-0.311509545686255,0.30659488323160433,-0.4409586352381531,-0.3263548969553829,0.8986540832599064,-0.20375826589537022,-0.11134099550891516,0.6230189365424396,-0.06526010131394955,-0.2927277577693021,0.3505338525682949,-0.1551318140638977,-0.3046179326962096,0.2918618742899582,-0.26017426337345195,-0.27633061373670886,0.8312777014493061,0.10907298217148961,-0.14432533419546317,0.5894364163796093,0.16655643325147032,-0.27583400602283886,0.3695187656222031,0.06762211106258106,-0.2850009205442306,0.30950279878201237,-0.054608490472986985,-0.260455398098014,thumbs_up
0.0,0.0,0.0,0.0035706749349604925,-0.4835998274236727,-0.1904672656527601,0.17225657907034564,-0.9768326275469703,-0.27713962552218113,0.36407608703924244,-1.3148830485396519,-0.3417627466294201,0.5363583492136689,-1.562876207673579,-0.37230174344250094,0.7825334339657593,-0.9099719112134187,-0.1179273503209615,0.6905445132930358,-0.7681953889452923,-0.28200673200406845,0.45635584173564214,-0.6923144770714535,-0.37386563196238254,0.387530910540695,-0.6771599987283035,-0.4278918726741448,0.9053782529215473,-0.5741750921703678,-0.10402677718778743,0.6969110292342073,-0.40806183924939243,-0.27697630268425844,0.40220283591421313,-0.41663565520607704,-0.3354865285031243,0.3380109920019095,-0.4520132267428146,-0.34675749994725863,0.9153425738372013,-0.2320486540398953,-0.12053190194017593,0.6375157763094,-0.06698008850744855,-0.31115983596489855,0.3649645054001241,-0.1563927406271593,-0.3187135850439208,0.32501968214331656,-0.2639752845494296,-0.28649589442704754,0.8590575086432004,0.08644209365897772,-0.1540271687265082,0.6094973184264804,0.1726924683719997,-0.29121771954729436,0.3873174875631216,0.07145980063332746,-0.3029709726606654,0.34031451322426065,-0.06095577279811495,-0.2796507593719747,thumbs_up
0.0,0.0,0.0,0.006902000012204819,-0.4854820455616704,-0.17814966589438794,0.15200293498133516,-0.9882172973083356,-0.26116141439729584,0.32777252922083167,-1.3126701360149282,-0.324484990810082,0.5100846368308743,-1.4990901498594935,-0.35546219150941666,0.7684141771566881,-0.9063031356082314,-0.10537176122130332,0.6944682772442474,-0.8029941371928854,-0.2546668639712674,0.46898620095406224,-0.7108744295759927,-0.3455535270257344,0.36997669147448203,-0.6784086958664366,-0.3993851044223595,0.890589407646148,-0.5715435780976769,-0.09187693607756046,0.6899083219393757,-0.4546451235817853,-0.24785269512020136,0.3995507462102169,-0.44082246756399623,-0.30875101481672257,0.3024570637430691,-0.45811298573575,-0.3231566033584139,0.9001771531667927,-0.2287992554207001,-0.10621623642162185,0.6295267642902388,-0.10912679819691963,-0.27903143436340005,0.3651706205646424,-0.18303969135184284,-0.2899547427177818,0.2963249822268717,-0.27452868288486737,-0.2618252045078885,0.8418786089322967,0.09052246756832555,-0.13605879619668693,0.6064571934000842,0.14035334342315328,-0.26209894533382216,0.39493051769596527,0.05241257832326656,-0.27038482989338525,0.3312755507469346,-0.061913501720875876,-0.24513844989110609,thumbs_up
0.0,0.0,0.0,-0.009866047333574188,-0.506250752410289,-0.18056306860137805,0.126662239013393,-1.0300644937743162,-0.2644469544832544,0.2788707732958573,-1.3791074396864713,-0.3280585395367823,0.4357138566001435,-1.6115743100650948,-0.36017109890759036,0.7448887107348152,-0.9344122744378294,-0.1144895908589099,0.6399567081048648,-0.8036875034429654,-0.2617888650249675,0.4165452307734902,-0.7114844827482957,-0.34631241893511605,0.3506941731843014,-0.6946580636821328,-0.39816310568703317,0.8689936132913467,-0.6012839396072179,-0.10191802714050507,0.6439565532873933,-0.4518229392284068,-0.255638924969333,0.35822869900720494,-0.4445861757004804,-0.30959131131704754,0.29316763755469005,-0.47257796847829975,-0.32235742449545185,0.8821250729698381,-0.25746251910698326,-0.11719509611327197,0.5948307610660737,-0.10818103092514397,-0.2906435139866692,0.3316046182063143,-0.1851084184774913,-0.29846066466730525,0.2895382143659131,-0.2831334756239517,-0.27023689066371165,0.8285527921235243,0.06150714736246424,-0.148324879631908,0.5799034670678753,0.12972106986179496,-0.2732985931730027,0.36293946947774114,0.04751516889848848,-0.27963220822085133,0.31230563233186004,-0.0644056994635699,-0.25475939534354436,thumbs_up
0.0,0.0,0.0,-0.021439276041287363,-0.4864353701219289,-0.1899417041250006,0.13298850260948403,-1.0038642834583251,-0.27265946524601964,0.2891279751229687,-1.3681730458285013,-0.3349560755910613,0.41846675618642293,-1.661312947561506,-0.3646045422746801,0.758215106224296,-0.9290747912019097,-0.10944412302214214,0.633055341472295,-0.7878758341346775,-0.2635551828778109,0.40305193303147674,-0.6976928040355984,-0.35106335873339606,0.3571352573757878,-0.6862994858812154,-0.4063717793341083,0.892140872084617,-0.5987700247133477,-0.09786856046744082,0.6503226963062233,-0.448797261923292,-0.2555267621844781,0.36325123710494345,-0.43881161242118794,-0.3085347726602652,0.33159359214726397,-0.4712937084746074,-0.32264363104568194,0.9061678928787479,-0.2538372821138806,-0.11719280815046292,0.6063692359533851,-0.1155934359018611,-0.2932693236187011,0.3487722581800154,-0.18356027606134356,-0.2954080984034815,0.34305289476972256,-0.275668207901165,-0.2667854507386747,0.8511517462223139,0.06556585693402274,-0.15475153987204657,0.5928537721644423,0.1278566138181867,-0.27866502741771015,0.38080168659222824,0.03569830673929683,-0.2825573793515595,0.34918945030075127,-0.07922038476321079,-0.259188545407468,thumbs_up
0.0,0.0,0.0,-0.018439541656608705,-0.487272628690367,-0.185216663165242,0.12320379549600834,-0.9841239335262761,-0.2749746440013643,0.27092006053101425,-1.3353818600972234,-0.34379020453844905,0.3860037100004676,-1.625151044755195,-0.3810621008702365,0.7322827798301605,-0.9081616578433044,-0.12619553631918928,0.615720468221991,-0.7597025907010562,-0.27462806086861596,0.3981433178970536,-0.669470184068109,-0.3539598031898081,0.3572058970895009,-0.6589369725043817,-0.4038954558326991,0.8594359222309368,-0.5779909806271176,-0.11610343943559087,0.6277726059638924,-0.42869192231686637,-0.269921290109518,0.3549177889161637,-0.4158754620328399,-0.3188325960847755,0.3233917402281293,-0.44689473918976513,-0.3309891252910475,0.8741614533513338,-0.23355086666853225,-0.1338458339801293,0.5806331346646545,-0.10319534471569149,-0.30076799160163264,0.3362977532895709,-0.16313045007164997,-0.2982406204481326,0.33152160516076024,-0.25107405432368307,-0.26885017120639343,0.826236833282665,0.08647952047243115,-0.16934136159266072,0.5745102238367316,0.14398906455483376,-0.2850989456083331,0.3715412835517014,0.07124999465123238,-0.2840500847356417,0.34434917276601645,-0.029602399492549822,-0.2586598331036757,thumbs_up
0.0,0.0,0.0,-0.03172211574685411,-0.5115211218002035,-0.17449527102731416,0.10899938439644952,-1.0332249504184385,-0.25430987176334247,0.2589306690516996,-1.3844602417744796,-0.31595099729211307,0.3729304961982966,-1.6677100468420472,-0.34737533606712484,0.720405294888677,-0.9359263025869285,-0.10607930717168192,0.6514971545407865,-0.8153331353418553,-0.24976291277037357,0.43805318801338616,-0.7111381118823078,-0.3377484320615471,0.3730716751038334,-0.6923534741733907,-0.39501965156189983,0.8591114305042048,-0.6103356603042949,-0.09811798447747916,0.657846640166063,-0.4601869030925362,-0.24582926649440265,0.38482446247737984,-0.4359683035700051,-0.30516032544289917,0.33148807020028237,-0.4682790212689834,-0.32617499270104755,0.8807774013306674,-0.26556465156237585,-0.11719808182771851,0.6149553478243585,-0.1196819215820634,-0.2812530280809195,0.3611456227098554,-0.17911824081303396,-0.2877942728067403,0.3285746509678422,-0.27621795473219674,-0.26522175782438084,0.8351659194706665,0.056376729919565605,-0.15260554411350935,0.6011248062551853,0.13099192057006281,-0.27646820847926934,0.39592768428050223,0.0660831361876047,-0.2819388242227456,0.3536360457749412,-0.03597067387130213,-0.2595564194711373,thumbs_up
0.0,0.0,0.0,-0.0425894394711617,-0.49027741717669593,-0.17869946807628156,0.11330146369227338,-0.9949868135891559,-0.25637743232486365,0.26335270051920423,-1.3489880916085728,-0.3184212355347038,0.354669664900316,-1.6466974597867683,-0.3511941247050666,0.7264617549910851,-0.9136686868399972,-0.08905862244705574,0.6820138476407589,-0.8124830387004588,-0.2356088110849662,0.4530839703405703,-0.6982518017569724,-0.32474491158838403,0.3901383931416743,-0.6570189108073987,-0.38207964788139015,0.8670042086877656,-0.592942936430694,-0.08320900693453222,0.7189006059295974,-0.47115702216528754,-0.23173725018787078,0.42786863482082427,-0.4340315285946218,-0.2801305142434175,0.3821939732813494,-0.4474704553478452,-0.29096130747957727,0.884228384005865,-0.25104596864922496,-0.10785921127932768,0.702501936947455,-0.1309441448357448,-0.2715465831457505,0.4298691214293891,-0.16283112476751962,-0.25785197773697066,0.3990945616210685,-0.2237258796056583,-0.221548777103796,0.8356069237166064,0.07842094466939313,-0.15107067930247178,0.6355992505440543,0.1545041531905317,-0.2676203045894636,0.4112844426377437,0.0860784507422208,-0.26028768883145703,0.3658298202435675,-0.005553471631181154,-0.23091048545810897,thumbs_up
0.0,0.0,0.0,-0.06218105055380192,-0.49948224578576295,-0.19749183425456326,0.08759563288490543,-1.039409550244187,-0.2880086616330272,0.2318458126768244,-1.4407782035502508,-0.36280688137021777,0.30770303446484526,-1.7688456888452093,-0.4071981231026464,0.6860114620033347,-0.9805880418209907,-0.08981906019796528,0.7417664393386447,-0.8764323342726463,-0.266923028664368,0.49639994564301204,-0.7364926072918987,-0.3704532227296976,0.3932402556065906,-0.6885282765041913,-0.4280505895086033,0.8157915169847045,-0.6558738643791332,-0.0822542686890796,0.8237677249686227,-0.5409233219703466,-0.2704350126320457,0.4861529937585687,-0.4594721196496045,-0.3214059841873461,0.39498585330789865,-0.4777312182941695,-0.3164391673875672,0.8384358797704968,-0.32017122275198256,-0.11144803222528761,0.8010837561845654,-0.18439085903346938,-0.3242966032169663,0.4712068635244275,-0.17421065059054663,-0.3029381976873398,0.3863788831293901,-0.2448215444972832,-0.23969390485719885,0.7987616711751783,0.010766963972774223,-0.15692079504401846,0.7216487925532753,0.09974183907503674,-0.2976579709221238,0.46172856138408946,0.07247677649166419,-0.2736114457810896,0.37872465724247784,-0.017362829572716905,-0.22211358609609286,thumbs_up
0.0,0.0,0.0,-0.044603875342881905,-0.5035585155723064,-0.19909394795515445,0.10309115110610745,-1.0450819880027902,-0.2956316917604839,0.23052792522123433,-1.4624817539076698,-0.37982961930380066,0.2898943271764984,-1.7930587687254607,-0.4290956803571979,0.6720377360737022,-0.934762790639748,-0.09770119596984177,0.7716576718374192,-0.9133270132360342,-0.283780448875294,0.5371782442183184,-0.7519746682582142,-0.3752316468768906,0.46343391053235755,-0.6879383421270449,-0.4262939906487005,0.7855147751718357,-0.6069126375376858,-0.0945070017092825,0.8709620425700098,-0.5661521543505251,-0.30707777233827627,0.5391578304089494,-0.4631793401310901,-0.34450991645111795,0.4915586439314984,-0.4819145529050022,-0.3293019601185123,0.8031813035926507,-0.2706050494115923,-0.1308223756951507,0.8244015909866832,-0.17850608022305464,-0.34915664805818475,0.5122142744527053,-0.15825294121145578,-0.3052882693373292,0.47577820095135087,-0.23241291494998823,-0.2321209649378855,0.7684728025417915,0.056705282954353176,-0.18540146392209564,0.7252221314122469,0.130432815724305,-0.3098033100687762,0.4935952071416383,0.11080496297808624,-0.2751220191971056,0.4632330300148581,0.02956084648060963,-0.22591259275324435,thumbs_up
0.0,0.0,0.0,-0.03098641161732184,-0.49177813652361635,-0.19709880358321835,0.1398370757563121,-1.0443644701421348,-0.283525179541326,0.2824123703821418,-1.4625883448769914,-0.35993310312840193,0.3390529684954294,-1.792648054297712,-0.399404547251595,0.6813656519929936,-0.8935166153567146,-0.07280258343277538,0.8481723081216775,-0.8589369060155557,-0.25525263270562454,0.597198652566851,-0.7368266928621838,-0.3417527992739777,0.5052303332015137,-0.6884331627790992,-0.38687867082532373,0.770108852817508,-0.558091176873157,-0.06726524909358231,0.907847926325211,-0.524362904653548,-0.27005668610928435,0.5765223505937521,-0.4444057483091481,-0.30067300663388813,0.5365841956552956,-0.45711830906152473,-0.2805138989965723,0.7756785189154468,-0.22107284447614434,-0.10463345597731,0.8813812692483312,-0.15543061130277752,-0.31624303024315936,0.5733256375685326,-0.14626801165427872,-0.2644181229795093,0.530822246067118,-0.2070135709455424,-0.18479864630617743,0.7362159742767096,0.1011112536568799,-0.16059121781586888,0.7660017065998701,0.14593734231879235,-0.282984200138391,0.5352425813029479,0.11495347991440928,-0.24216042131200946,0.48919141373731717,0.045121797362809954,-0.18683187123314585,thumbs_up
0.0,0.0,0.0,-0.013173924220365377,-0.49453826416266394,-0.2036510628693159,0.21702215269090033,-1.0473012835709292,-0.2871492566774961,0.41302829182112605,-1.4432240274640749,-0.359633184812227,0.4875462760468534,-1.7664884307879298,-0.3921581521172405,0.724280953754197,-0.8621424360653075,-0.09053742042481502,1.0021695984736743,-0.8707794645062147,-0.29349016171103215,0.7260295175172993,-0.7388142842882275,-0.38116235253150116,0.5927464914899558,-0.6867064796313527,-0.415624511615764,0.7850408997626368,-0.5099942378923504,-0.08369313149328042,1.050730402999174,-0.5093693190366522,-0.3014626235196875,0.6962699294955803,-0.4106019140150234,-0.3251186972748117,0.6234717945027054,-0.42161998153006,-0.28844662921569564,0.7723589007841813,-0.1775751889375601,-0.12202847572945477,0.9757061362664118,-0.10984516853376353,-0.3471588702857012,0.6515742518708016,-0.09133411991461184,-0.2884235584130197,0.5743895945595132,-0.16462569144046238,-0.19442006161867453,0.7154776832960545,0.1339555505516136,-0.17835144827319935,0.8068662096890342,0.1998667321577493,-0.3072935858881389,0.5715544125201183,0.178161569871081,-0.26061452765091303,0.5026085584539054,0.09995754673592706,-0.1961401587977176,thumbs_up
0.0,0.0,0.0,-0.03813817670361704,-0.5037230698183562,-0.22209165622822732,0.14726794730700102,-1.0368378487287413,-0.30688219674324024,0.32484187883169824,-1.4108753543905639,-0.3745450630127576,0.45141289548716074,-1.6648825397851197,-0.39313483511484265,0.6858170543901587,-0.9362096637064942,-0.0667214256236036,0.8663427675154474,-0.9135082196679668,-0.23251256887625404,0.5956557432203813,-0.7911947777155928,-0.2884065486487973,0.5544121837623418,-0.7699296327718391,-0.31538829596210166,0.7871102334292305,-0.6011538580298286,-0.047839412662760275,0.9104552592643745,-0.5721551332740933,-0.23183142199346107,0.5740694655540596,-0.4889341014463919,-0.23247790322205558,0.6133495696900961,-0.5114522505519465,-0.19124620065499276,0.7915921611302775,-0.26637372793235387,-0.07815615972980193,0.8812409796674634,-0.2143150342491968,-0.2718224584388987,0.5780132393318989,-0.2008054645093814,-0.19948101191712134,0.6038394953877437,-0.2519799434358785,-0.11089398655884597,0.7526742477817948,0.059402221877772915,-0.13219729121645793,0.7437382532095127,0.0852189465971032,-0.241105274950945,0.523166263128362,0.05523336192224321,-0.1976969565107654,0.519869887053782,0.004231913412472294,-0.14294129555164883,thumbs_up
0.0,0.0,0.0,-0.028948768182541197,-0.4885975170799784,-0.23147312570223114,0.16397269870869266,-1.0120660160376194,-0.321903803793165,0.3311643075588477,-1.3774524400006052,-0.3890161058688374,0.4508634662270839,-1.6540296233500065,-0.4092985530770317,0.7431187208780149,-0.940299388667089,-0.08168584332142234,0.8099413346573268,-0.8129002628855024,-0.23683890639003077,0.5568046434785114,-0.7165660709158358,-0.30121154920105553,0.5420757240224169,-0.7568182426746571,-0.3436230050979187,0.8430142293358329,-0.6147047215662098,-0.058433903850429944,0.8460410578681771,-0.4896868267725206,-0.2331309188905689,0.5282596460886726,-0.4442183139993453,-0.2531914873307635,0.5797164573449836,-0.5347602832305339,-0.23414247910380595,0.8255722025388464,-0.2691379243557993,-0.08039818848902969,0.8009951972557081,-0.14500309661953104,-0.2673646545980942,0.5213795660705758,-0.16645959273676664,-0.22132255218993968,0.5678393506639645,-0.2828087609972046,-0.15804265720517427,0.762077792973482,0.05853805046429724,-0.1260065357204971,0.6649556669928764,0.13699739658580717,-0.2441380983123333,0.46808109522740676,0.08836117122671902,-0.22629198300731743,0.4966696650049473,-0.01191414321056546,-0.19235685431926022,thumbs_up
0.0,0.0,0.0,-0.0320118591371084,-0.527033027108063,-0.2002595255416496,0.18987725895435825,-1.0654674885680544,-0.2748096289709065,0.3538865835675566,-1.4501375818984144,-0.3326331594015929,0.4053756208153234,-1.785915449867467,-0.35075237894809297,0.7315372264841121,-0.9669744864333113,-0.05317663819453591,0.7816418297739592,-0.8223966035178983,-0.2028915472062734,0.5400134566663235,-0.724369677209576,-0.2716060382656458,0.542684317983149,-0.7785658745145437,-0.32027572966173873,0.8427282539769948,-0.6420339703907527,-0.046025261710340486,0.8325784001932117,-0.5195286255228426,-0.21056734690620402,0.5213704236094929,-0.46350079377852976,-0.232518647160853,0.575873708258037,-0.5405927845627156,-0.2199164051038792,0.8355461852063084,-0.29474722379826024,-0.08117275634055203,0.8075046822914667,-0.1923637226700765,-0.2570108365550707,0.5286308976593902,-0.20276766763648768,-0.20716386357503827,0.5758744342328445,-0.30286870396986315,-0.14712116427807337,0.7780119557364144,0.02833044088823037,-0.13807776416107223,0.6872919658656699,0.08763096706479376,-0.24396391224178487,0.48359650242518576,0.03736301944325708,-0.21784211358512415,0.508436456438913,-0.052231709475848466,-0.1834072908412418,thumbs_up
0.0,0.0,0.0,-0.05567133507605458,-0.5093828564933007,-0.2301977979408187,0.1293318724965445,-1.0636545750963837,-0.3209991949174406,0.2719427264763715,-1.480287603737032,-0.3872564312668387,0.31997929656979324,-1.8450785696708443,-0.4105902709190945,0.715726382766697,-1.013203445182876,-0.09066495896800598,0.7128340327761514,-0.8219717708016456,-0.25149908583088787,0.4725911841559375,-0.731114079826188,-0.33190989564385537,0.4671562295063619,-0.7882557354957163,-0.3881019387765654,0.8574229965964641,-0.6924233196060874,-0.06848552928314178,0.764160989388036,-0.5019416221386718,-0.2370232738110261,0.46470801218575336,-0.46878020390656827,-0.26937899275922456,0.5178700342609033,-0.5595925304248,-0.26729044424514975,0.8658293231943336,-0.34218336916986675,-0.08877963590545505,0.7322975799804272,-0.17545289179936463,-0.2684420703805518,0.46612821237084034,-0.20397469675293303,-0.23174195010303342,0.5202209375039144,-0.3148893313005724,-0.1817130709110931,0.8111197877799466,-0.01870479007293356,-0.13393762082851776,0.6516037224779442,0.08766388684979826,-0.2502278978271219,0.4558612113419167,0.03184950739652343,-0.23771252088694156,0.4783275929406268,-0.07087172082829046,-0.21070921339749946,thumbs_up
0.0,0.0,0.0,-0.08552744034633865,-0.5186537968555509,-0.21671066651657106,0.060053088117118215,-1.0654329704103844,-0.3080712075122587,0.1757590512098616,-1.4688482103263776,-0.37253093829377854,0.23495475012573744,-1.8279028785259177,-0.3999600223048343,0.6859694283227431,-0.9800058933484722,-0.13102338419827214,0.5628007381522965,-0.7957303005744305,-0.28654655377055493,0.36354950958063514,-0.7064084111961723,-0.3665222242992022,0.3913085602917615,-0.7488900388520432,-0.4234526029119733,0.8129203805548576,-0.6517433976915438,-0.11289897356562893,0.6009581420105972,-0.4695912052637227,-0.2726239035662148,0.3611106817690745,-0.4436515975231258,-0.3108696629588409,0.4252714957416432,-0.5121466716217074,-0.3229375862254705,0.8148294336007676,-0.30431151470917966,-0.12991672216983954,0.5702183017520078,-0.15254789104445568,-0.2978417245521392,0.35559786993165493,-0.18517241040845153,-0.27648466405391614,0.42522919978606355,-0.2882017737975421,-0.24566572050128452,0.7584797506789823,0.016580014587235407,-0.17050478812158185,0.5222747607815336,0.11670457777278571,-0.2856097476400064,0.33964584275268733,0.053657079376746616,-0.28518248680059133,0.36540264593950766,-0.05411659984329876,-0.27085945877945033,thumbs_up
0.0,0.0,0.0,-0.09118109254926128,-0.503247286069384,-0.20874420009925992,0.02434478112984503,-1.036032279720994,-0.30589642347268187,0.12694568169300818,-1.424821483160945,-0.37412210093976145,0.18023550719405296,-1.7811239096753426,-0.4101403705955597,0.6667429068943078,-0.940413336444938,-0.16108944997746683,0.43549811659115756,-0.762780347329592,-0.3167678221240972,0.2690487962415702,-0.6756324988919056,-0.40715163306405433,0.3180681698795116,-0.6950878085307846,-0.4711064579792611,0.7888172816538994,-0.6055507865236488,-0.1458196016615884,0.4792682892650942,-0.42481058956395634,-0.2947408474417608,0.28612846668721315,-0.4124266353287516,-0.3343690335241848,0.33991122841665955,-0.45807381228280125,-0.35347309493564555,0.7904791605857793,-0.25861201134211076,-0.1613750965491273,0.45185904042631325,-0.1109455558342765,-0.3159332541987448,0.2883530907353319,-0.15550927035566886,-0.3012211423894868,0.36063520774164143,-0.24691047460229443,-0.27893494433378796,0.733526505480051,0.056570843229394104,-0.20061787568653544,0.4529752702961186,0.15741405572379868,-0.31643484975666447,0.2981477051002479,0.092866478555617,-0.3228850707861927,0.32034265741894263,-0.012923192276967713,-0.3126131470548846,thumbs_up
0.0,0.0,0.0,-0.14515117808067898,-0.514171429987485,-0.21547204721948376,-0.06083624567705112,-1.0727123876171651,-0.3024556956156625,0.02422624612915078,-1.4586658987754506,-0.35138589145368054,0.07801954186181476,-1.8216684979584647,-0.3665729698517499,0.49974947462861163,-0.9688683314739387,-0.2212936296184965,0.2196104272831358,-0.787839404864263,-0.3453888093704458,0.10437766265973956,-0.7037971074840994,-0.39789248768053787,0.15554702853422192,-0.7305197136075113,-0.4366734985090364,0.6433282630151392,-0.619158512111439,-0.1923503055282231,0.23013822142450507,-0.40390805829177984,-0.31475650584253084,0.120606007291727,-0.42009412262601076,-0.3357714312311447,0.17908621982482953,-0.5042042142767149,-0.3499455821293526,0.6684310963520865,-0.26939985171532405,-0.18690525925077137,0.24781940456388407,-0.11458835456793505,-0.32717978313876295,0.14647061495894229,-0.15483701112017306,-0.30193265917358847,0.21481015554647076,-0.24867813199073166,-0.2754499299550128,0.6276809079919783,0.022778874901641526,-0.2048812426774709,0.2814431758400686,0.13714489342102945,-0.34013201976360813,0.1820924947894471,0.10171108801847598,-0.3561824955567579,0.22326913098037526,0.01706082911539997,-0.34809766430946587,thumbs_up
0.0,0.0,0.0,-0.1864691435631835,-0.39965099214959604,-0.24216149819803398,-0.1160179214845039,-1.037135922505955,-0.3050176792901242,-0.04345552344848859,-1.414488618904932,-0.3150599511423166,-0.011240084124333463,-1.7543290213466172,-0.2960125808261723,0.32849410477849206,-0.863421497230845,-0.3074587037567314,0.004535900101305404,-0.6973297120939028,-0.4355128107576473,-0.05978112636322709,-0.6594696779203446,-0.49520031825250443,0.0051295319349325425,-0.713255923002929,-0.5386271513144261,0.4953475719372572,-0.5151451208397231,-0.2353257976248553,-0.06121137168787287,-0.293497107469198,-0.3047433246268195,-0.038981096251523246,-0.3744485563501537,-0.2713591726302109,0.0727035310945002,-0.4769089743402025,-0.2559766240859734,0.5014395731318573,-0.1649074314296566,-0.18809225950848762,-0.03738534695365422,0.005162996474573288,-0.3088686930319071,-0.04705077898989216,-0.0878953408564104,-0.22028896596534384,0.058776462684012536,-0.16286973196153207,-0.14084502411961075,0.4478141033375469,0.11937601528845351,-0.16649137658569374,0.03604385540805564,0.21706919135968047,-0.3419991101596771,-0.015223091831574375,0.17002168607475315,-0.35083704506386104,0.041121735553542677,0.1310413173132221,-0.3180322479097829,thumbs_up
0.0,0.0,0.0,-0.10647233895797477,-0.4239215568206807,-0.22323405188686518,-0.09528378196217317,-0.9061414781836535,-0.3218241803339637,-0.072105421310092,-1.254261390787202,-0.37624908717112626,-0.024762303293453455,-1.6094155783913313,-0.40417535156510465,0.21483756072115706,-0.6639273953231024,-0.3304143712881324,-0.25903812226755946,-0.5301056467574328,-0.47795800403024435,-0.23159310531124122,-0.5021569075016511,-0.5491906069473302,-0.0765814862473213,-0.5372084165749378,-0.5931339115934489,0.3144432942824801,-0.31648814996273816,-0.2909256377629946,-0.29795352385181534,-0.1395325039267254,-0.4020426923076827,-0.19826823641458557,-0.1910220555741455,-0.4012961166404007,-0.017848964454004447,-0.24647146382499632,-0.4083520192361692,0.33540056779825855,0.02629844226051406,-0.26827421005634633,-0.24096298222016987,0.1394040761449925,-0.3887658906623083,-0.1663635647375928,0.05851954572194315,-0.30699313497174285,-0.0038699571562177014,-0.008514761928890497,-0.23855885301757127,0.30444804542527987,0.33047179493042084,-0.27437678163413687,-0.12513539285063047,0.3687696729308444,-0.4079811840164155,-0.08475948199300112,0.2781167827316563,-0.39693010717723975,0.04027923327749154,0.22335374962540014,-0.36283188452895127,thumbs_up
0.0,0.0,0.0,-0.1403054994993803,-0.4256492080481331,-0.23563584821688904,-0.2212283808345325,-0.8581623458030203,-0.37639703964148274,-0.2440476521196085,-1.200295463725614,-0.47051320709722055,-0.18882431175848288,-1.5525488584230398,-0.5461162323870317,0.029494127226910964,-0.5980844816543829,-0.41631127047117245,-0.5098449976570497,-0.4872865653615337,-0.5872144169107361,-0.4508319013946983,-0.4730045956077698,-0.6732473790192022,-0.27571888784403725,-0.4976297283628946,-0.7216837734031314,0.09772767475513636,-0.2418039537742269,-0.3799426902713942,-0.5433231299268827,-0.12450162394806476,-0.49417740176927893,-0.4278007846868844,-0.1808649273006006,-0.4920802528429655,-0.240630178321207,-0.2238067535448257,-0.5085552022496966,0.11625690371721145,0.09519105008417747,-0.3572219236576401,-0.4800048102363178,0.16011856692726575,-0.4699331336168003,-0.35696091741377006,0.05323530562852698,-0.3925559891678391,-0.17129151533853637,-0.020731179268122363,-0.34074647827730126,0.10232133918238699,0.3978091312391461,-0.36253293843432044,-0.3564730518962598,0.39019580697508477,-0.47112528165737844,-0.2751226844393287,0.2828357209626266,-0.44643722494627347,-0.11963193942604167,0.22529036155422769,-0.4167050303876213,thumbs_up
0.0,0.0,0.0,-0.14779278768653709,-0.48101018002108936,-0.06640043438934849,-0.4483110045571204,-0.974569271222371,-0.16451301508445101,-0.6039865262711546,-1.3552993581188413,-0.24731652419301448,-0.5779631979803094,-1.6974544934389832,-0.3280499871559469,-0.38503012983491747,-0.7493357070907469,-0.37594013049637276,-0.9507420701906918,-0.6270895951902098,-0.5169618930647397,-0.7991157216757125,-0.6070918868290367,-0.5564924379895975,-0.6206703809802211,-0.6546811983654177,-0.5688992179018977,-0.36820626269021717,-0.3683500042706257,-0.40444177212655497,-0.936561488664966,-0.29608256866759985,-0.5285227927628494,-0.7759350187427102,-0.324876990539245,-0.4994497444492272,-0.5906497485040062,-0.3444380499486112,-0.48643935160315965,-0.3629420663209167,-0.03249441151451905,-0.42410012831322597,-0.8627498481120326,-0.0491569083944211,-0.5292954461341903,-0.7283050256269683,-0.0731563281120615,-0.44161956571170735,-0.5579424367241651,-0.08630325850885909,-0.3807056808819861,-0.3780579851587818,0.24824170936550385,-0.4451549220881051,-0.74971065564719,0.16806916486633244,-0.5263118760545199,-0.6478117746771684,0.13862858390917163,-0.4717603783536176,-0.5005844609437479,0.14890271677676697,-0.4277232043451207,thumbs_up
0.0,0.0,0.0,-0.16785372394852272,-0.5258247145381705,-0.029888445040150795,-0.4701967264045715,-0.9644050599225386,-0.12015911007735239,-0.6329845319145813,-1.3301313521885625,-0.20089325074556344,-0.6316228452248919,-1.670387929637815,-0.2802927906181053,-0.5586012692662218,-0.6869900110480869,-0.341210234396408,-1.0884389015322846,-0.601609550266773,-0.4507354664743631,-0.9420038224729809,-0.611732369351152,-0.472920406964711,-0.7584560177751583,-0.6410048179595063,-0.47177020485450155,-0.5517005768622334,-0.29437543581429054,-0.37314269338436423,-1.0956996119657936,-0.28054491659930053,-0.45197138096949085,-0.9273991604430681,-0.3039793849832913,-0.4118606728235848,-0.7292061136484215,-0.3195073302449802,-0.38599213745604755,-0.5375974428387625,0.03907964495008998,-0.3890467846508845,-0.9914376275726621,0.012868390107196323,-0.4280117995829046,-0.8551024762779412,-0.03303911122934902,-0.3319865065808387,-0.682645169183151,-0.06403881396777264,-0.2724264356923774,-0.5159980952584259,0.31005321516919027,-0.40516158011098247,-0.8513136160135077,0.2276278156706459,-0.4231068574140941,-0.7466246738223611,0.1724292132023132,-0.3438529678992322,-0.6035175070879603,0.16581709016302715,-0.28752759657514043,thumbs_up
0.0,0.0,0.0,-0.16921065188111595,-0.599122001638874,-0.004948863300025385,-0.44614073340332006,-1.0211484133191575,-0.06633208839995702,-0.6256608392207789,-1.3953558798350751,-0.13223353024263998,-0.6350140966537544,-1.7283430690594612,-0.19343479799455474,-0.7996117844058225,-0.7420183081472395,-0.15794661357161396,-1.2273203043612522,-0.6989691208892527,-0.22846073454346988,-1.0583366000728283,-0.7006345724659174,-0.2608908483856325,-0.8734521827638078,-0.6931912526561391,-0.26890357602240006,-0.81611932792929,-0.36043136179352186,-0.18656794523943623,-1.2107285762593518,-0.37397245123445894,-0.21105894910482548,-1.0472063464967643,-0.40763155030640585,-0.18766306822028525,-0.8692696122919983,-0.4124770743333747,-0.1752736742353655,-0.7902525638985414,-0.020322858771863322,-0.20519345437171288,-1.092239483653154,-0.08649053434384044,-0.19181665639712384,-0.964430456676277,-0.1359216141851971,-0.11853389317898756,-0.814468608653851,-0.14363081695519284,-0.08058108464555258,-0.7370580826321558,0.25372039324824486,-0.22570702190602102,-0.9485455282641364,0.14858578093412447,-0.18941715475804496,-0.83567540549926,0.10598207040367856,-0.10343248423062398,-0.7163097409701293,0.10835958320625527,-0.043216543257751816,thumbs_up
0.0,0.0,0.0,-0.18095844128163077,-0.6184612250491054,0.004946609953770977,-0.443151493989487,-1.0103554143760343,-0.042842068245581726,-0.6453620984414741,-1.3666538569845648,-0.09858896783608712,-0.6804540365733939,-1.6964097983306112,-0.1485893170464866,-0.8755351232453221,-0.707087000703616,-0.07276286833573532,-1.235563071543397,-0.675664375660784,-0.10475225085600318,-1.0807170849683894,-0.6842346885766206,-0.1288816551215816,-0.9175888749178791,-0.6808736451060546,-0.13736310349198297,-0.8970722444490525,-0.32107081017500416,-0.09316665398811765,-1.2199338714711585,-0.3639689979244829,-0.07571648640384496,-1.0790101202409983,-0.39805401475165963,-0.05692304309013342,-0.9178400833429049,-0.3968125858590117,-0.055265490442361974,-0.8648100544067925,0.020425123798768784,-0.104711488200817,-1.0938307214493037,-0.07390259599607667,-0.055184144535513374,-0.9825749635619688,-0.12184582829247122,0.0028346743903168788,-0.8394195629715384,-0.12105045092459193,0.022179407743569336,-0.8071420638285842,0.2895173619080591,-0.11861190155341103,-0.9658529024606363,0.1689310550817834,-0.05438270550311921,-0.8604862772630322,0.12738563513909149,0.026990601156383104,-0.7480294508394247,0.12199126474906508,0.08063096631679362,thumbs_up
0.0,0.0,0.0,0.04555506042712656,-0.5810026111700497,-0.0169378043257915,0.20528350271974313,-1.0716368755270975,-0.07341261222323012,0.3449379489349127,-1.4581398583930516,-0.14068980012499135,0.39391720442627814,-1.7879583551313605,-0.19332564887479345,0.749841361777654,-0.9934430535144798,-0.025486002120211498,0.9985387033680656,-0.876800141183382,-0.05230307842709763,0.9143526279643344,-0.7198867806412445,-0.07692304665711017,0.7735418869201556,-0.6611163189364943,-0.09729961453887476,0.8629865350337815,-0.683382208041908,-0.06900053239642175,1.047083028728982,-0.5513569852557553,-0.045509849055771545,0.9213090468549868,-0.4296054033179758,-0.04039495273017879,0.7586810703593769,-0.40333294911119283,-0.06233282433138972,0.9148100787487873,-0.3521568741987973,-0.11417392931809664,1.098260159297034,-0.254169508628124,-0.09165863606564488,0.967142448490192,-0.16720318811057597,-0.03851558051127087,0.8007707651516638,-0.1549941785587485,-0.02961675521278791,0.9258142333114097,-0.019043324271552874,-0.16540996767105998,1.111837650464813,0.03274503092157183,-0.14585860911485035,0.9816647514704756,0.08192943549550345,-0.07622756751495861,0.8317349049808388,0.08115528801412172,-0.0330239360768767,thumbs_up
0.0,0.0,0.0,0.07923741182279448,-0.544772757347245,-0.0028050805317271317,0.2393180520179699,-0.9993033575407189,-0.06582166200007418,0.3556630107352504,-1.3772010113215065,-0.13622369685143165,0.3731647207925328,-1.695870741687273,-0.19392610510892816,0.7062742916388228,-0.9245967148542523,-0.08958740358502054,1.0020968022037153,-0.8962194009232444,-0.1305050566162948,0.9149665484897217,-0.7425958335906165,-0.14580419911333317,0.7752503666764389,-0.7069764560542947,-0.15371486345531607,0.7865127187886333,-0.6034367856033797,-0.1326484836433507,1.0300268539673332,-0.5769425028684131,-0.1159096526575301,0.906334692919071,-0.4598720531373615,-0.08651571951106059,0.7488703504664744,-0.43253327993063345,-0.08671395333827402,0.8096199118372195,-0.2659556750091522,-0.17155477749418996,1.0043736810377077,-0.24986978804864207,-0.14292537149406206,0.8863035682462084,-0.16917598513203316,-0.07850566885861564,0.731869993239305,-0.14551875765688335,-0.06182212761563885,0.8006381572920798,0.06334422284823472,-0.21233985557888024,0.9483807173201589,0.05406767419125524,-0.1876536800204178,0.8308220993580331,0.09785203726560078,-0.11743620314414585,0.7051356831885055,0.11247747633259228,-0.07389284460952032,thumbs_up
0.0,0.0,0.0,0.09773256969954677,-0.5179683169180731,0.0016359541346382068,0.2961340434596913,-1.0064562093811544,-0.05445320518531915,0.3970520769308494,-1.3873893806175215,-0.11946896522208394,0.3680210167397656,-1.6943414280145508,-0.17202882641463998,0.6495019933732519,-0.9232230378994296,-0.13044563740258813,1.0601527442978944,-0.9116832571651409,-0.20711609701389355,0.9351659492686973,-0.7540565179601066,-0.2402645279539419,0.7721165708375402,-0.714320210667706,-0.25446787711170127,0.703355855674765,-0.5999714743006626,-0.1825687425578304,1.0719942077763465,-0.5717370295145082,-0.19133438082535997,0.9303436819865817,-0.46921545413639193,-0.15692039784163753,0.7624051804501812,-0.4620136517365873,-0.14995846357465595,0.7145733314706919,-0.26016627584906543,-0.2308551737152839,1.0314123905218038,-0.2554324844323825,-0.21983038654640005,0.8927717072369268,-0.1863660951330186,-0.13417329649475446,0.7291944671574928,-0.17466067161307017,-0.098318867798212,0.6953457963087898,0.0644809446344966,-0.2799086382390131,0.9454883553131983,0.030676511718510022,-0.25661809426144205,0.8244843046926129,0.055622714378095524,-0.1665111213678818,0.687632430446446,0.05545574112829403,-0.1107712741740484,thumbs_up
0.0,0.0,0.0,0.10237355053343719,-0.49288723836405895,-0.027985361289402797,0.30638415603398145,-0.996100751368397,-0.11638692265735262,0.3876967339872885,-1.3760184384776346,-0.20607609578149244,0.355385949999684,-1.7026610569839342,-0.28021740656994326,0.5140555679257909,-0.8064849833854186,-0.2685105986633407,1.0081680761885656,-0.8768891584690159,-0.3970840454300015,0.8538737553728935,-0.7452921706859629,-0.43590822250129974,0.6597709990098015,-0.7090375179549817,-0.4433016010921834,0.5339616194367641,-0.4720913241701816,-0.32072362082192757,1.0229263270910567,-0.5252256951140019,-0.3994483162243602,0.8550083386287655,-0.44372307529885313,-0.35958603548275203,0.65376400914173,-0.42896649143023785,-0.3348780720546025,0.5330257466188878,-0.1347896910619925,-0.3661955747452328,0.9709832185548859,-0.1963485844005748,-0.4044853007559483,0.8140593185035208,-0.1453726889191454,-0.28896552107792234,0.6297327156016927,-0.12356188450167872,-0.22065922477533034,0.5169685429203704,0.18304898813941203,-0.412781294838886,0.8651495725088304,0.09368663700662355,-0.410038107244557,0.7343117519528184,0.10538187986571274,-0.29761811454481785,0.5756704736026002,0.12205488587795207,-0.22463633000660582,thumbs_up
0.0,0.0,0.0,0.11933450786244727,-0.453151331050158,-0.06220992105704225,0.3348410777841103,-0.9812447507326967,-0.17431289584725376,0.40459962147730333,-1.3739739079771751,-0.27969591190206083,0.36951430771771016,-1.7119643134322748,-0.3651653428709537,0.4332964449402833,-0.8093857185422568,-0.34259169458643735,0.9643523764222421,-0.830758270931182,-0.5183044208925958,0.8221644005550786,-0.7189205580897577,-0.5780514288673514,0.619459651952734,-0.7052976316737243,-0.5934950018568771,0.41795576530078626,-0.4818318208850226,-0.39388224308515873,0.9742519161958157,-0.48605406375283855,-0.521994757459416,0.8087296511462906,-0.4166531584585877,-0.4867559756523225,0.589374129816031,-0.40032497488595065,-0.45935788830196167,0.40491608552203806,-0.143714829812029,-0.4426878895326191,0.8998137880475772,-0.15764128948387263,-0.5201488873404229,0.7276641533902519,-0.12187949129316902,-0.40052415983049905,0.5222333903122406,-0.10989469166353669,-0.32378254349535346,0.3932286940376726,0.1778698073368858,-0.4966082584966353,0.7754168763211311,0.12882060267435133,-0.5221241504196423,0.6346992672682674,0.134287604118124,-0.41998542251699,0.45745762404598417,0.13647699085341797,-0.3529739696347011,thumbs_up
0.0,0.0,0.0,0.24687345388123452,-0.5667367495330994,-0.0969201334179645,0.3853089777287375,-1.11586025879083,-0.16458034268358257,0.4018525210941087,-1.5402418420337751,-0.23327837076565378,0.3468804416134795,-1.9070356712736505,-0.2807919876619296,0.12612890888756434,-1.0802939797478015,-0.17617065688157854,0.6386273466987503,-0.9760841841626626,-0.372789703323158,0.5430609554123484,-0.8031858469763935,-0.4786481899366291,0.3534122409958353,-0.8496242707396469,-0.544984919690298,0.01490188750251076,-0.7457022134223074,-0.22142411694555625,0.588884153955087,-0.6364883046370289,-0.3852239625666269,0.46185263333748194,-0.5272103758459563,-0.4176256043314882,0.28220616543059707,-0.5600821865132595,-0.45660525772189875,-0.02969719224812272,-0.41278692702875946,-0.2869510331987369,0.487886614924403,-0.32692413947770516,-0.41659759077691155,0.35172872589841725,-0.2402670817448769,-0.37949707405382116,0.1891882628363794,-0.2765664250300741,-0.3647482453701077,-0.03565632916106849,-0.11199842727904391,-0.36651051035102644,0.3363210099984792,-0.03757130120251096,-0.4311569536605107,0.23166307437278236,0.004150044111854922,-0.4104831525861743,0.07696646905360369,-0.032536936790842234,-0.40937089292507195,thumbs_up
0.0,0.0,0.0,0.1857955170815116,-0.5128715195151002,-0.1463354746571179,0.12239622443700655,-1.065879510076709,-0.2094134440682263,0.026692727654320514,-1.4334499917339123,-0.25484285482865554,-0.043347482590050716,-1.787560974957426,-0.2871683869352526,-0.37004569924124325,-0.963668845940098,-0.22448056430984634,-0.006765617077285297,-0.9345515179627332,-0.3674637254901915,0.050706763039672746,-0.7944684157647989,-0.4533849337650438,-0.06370366663777538,-0.7800227187758214,-0.5226835676144675,-0.5209843602476206,-0.6431690648721232,-0.22605476950714437,-0.02871104903480581,-0.583578804920934,-0.339124009375039,0.016489829820433947,-0.4939091538198183,-0.37494883676329793,-0.10975129517032885,-0.507242611921493,-0.4250818397410419,-0.560346822978643,-0.3020409062734551,-0.2424752520039464,-0.10519406561249832,-0.24370300451484067,-0.3406839470414025,-0.07374532670650442,-0.18424615959594393,-0.3215917698605546,-0.20657608160884006,-0.20167592848810695,-0.33085259163569986,-0.5466131197800909,0.019131983801663827,-0.2785774686867331,-0.1889629508506871,0.07313289136982504,-0.372205699670314,-0.1510938649258533,0.09416955912497126,-0.3875110520620908,-0.2585516283098875,0.09317799715129985,-0.40426540735327304,thumbs_up
0.0,0.0,0.0,0.11585833324972723,-0.4916146612307805,-0.1758524305653045,0.023320838398621563,-1.027641005696109,-0.27246764485664976,-0.05571675106397639,-1.3993137225904833,-0.35540627976214917,-0.11724044672521529,-1.715734988468739,-0.42145187330514616,-0.5946603544960207,-0.8877194219714007,-0.21848301630416095,-0.33386829433940396,-0.8328588229954823,-0.3854354954340818,-0.1740914959058578,-0.737930719898495,-0.4754356832742174,-0.21814093443648108,-0.7265863600650253,-0.5308910908113138,-0.7294598463605724,-0.5535057715964758,-0.21404741434794536,-0.37012240606825336,-0.48553611927225004,-0.3430747083271416,-0.19551701210953953,-0.4485554501353386,-0.36819931682795326,-0.258442122581585,-0.4797953506817939,-0.39243033382018955,-0.7551220056666729,-0.21564692617996448,-0.23092136979181807,-0.4329982292018961,-0.15735482551777197,-0.34355209325124214,-0.2665759120848375,-0.14393557213755956,-0.297853122967626,-0.3201429769277119,-0.17988637716854622,-0.2729164009028057,-0.7331265830710412,0.101255494414446,-0.2709779522867635,-0.49425411883559034,0.1458925896721783,-0.33912784375452754,-0.3452698688454251,0.13719251277734804,-0.30418945407767095,-0.35687479670569505,0.10616492691939658,-0.2754356775369213,thumbs_up
0.0,0.0,0.0,0.09417993942237043,-0.49589978575660176,-0.1331841623278872,0.0005079999225940249,-0.981149185644543,-0.2072339033389903,-0.08590447909258075,-1.3942501641670875,-0.2829438496545652,-0.11641072053531752,-1.7279194321552973,-0.34507912978567695,-0.5834524155157903,-0.8953631592871422,-0.08023883303983782,-0.5379821056529843,-0.8420318009960509,-0.2261645627590049,-0.3249236228218383,-0.6969524104579169,-0.31953756450691495,-0.26335047516795457,-0.6923676334542743,-0.37150988918455735,-0.7301987779277253,-0.5605231776771828,-0.08854732221401693,-0.7000411604971291,-0.5450124308903792,-0.2278091089054277,-0.4380278543980283,-0.42421688709389493,-0.2587349423984376,-0.35031550338513506,-0.41548315626969173,-0.2561494006442084,-0.7831492226126838,-0.22915044230980944,-0.11977445150578066,-0.8129198829302505,-0.23272336358727902,-0.2558227490964289,-0.5539621739182415,-0.15032929864369096,-0.20078912916804909,-0.4606666585623316,-0.1641789443919648,-0.13512993412521593,-0.7744156644601063,0.082485235561919,-0.16594504193829263,-0.8322456366136524,0.10243018969481861,-0.23403130935093597,-0.6427946457665759,0.13157301598160623,-0.1682991497542989,-0.5583162616300468,0.11068803751879436,-0.09951796538432052,thumbs_up
0.0,0.0,0.0,0.08606516633780291,-0.6111077173160409,-0.1873109182551686,0.001923585092428056,-1.2159698897010316,-0.27725218965775217,-0.07553143880636082,-1.7080412762021515,-0.3613048432589731,-0.067382155295741,-2.0840449122155142,-0.40865347047901,-0.608855519770323,-1.2304631873795757,-0.07225978869079491,-0.8154645885728664,-1.1425019157363796,-0.2667311524446282,-0.5601748862065214,-0.9249184886505669,-0.3543208983212748,-0.4584485312412001,-0.9996673260220024,-0.38991142083199076,-0.7754685218712979,-0.9198797643667901,-0.05696480042838912,-0.9357060225483711,-0.8154031407157473,-0.2710573821459926,-0.6144991810325717,-0.6394271645101206,-0.28215864361244275,-0.5150643349749762,-0.7401268440987293,-0.23923359419349996,-0.8833898513262514,-0.5969991366559821,-0.08284060398231206,-1.0220202244561758,-0.4826145231240996,-0.29068613200451654,-0.7044569355365797,-0.35821734385516185,-0.21024480427008577,-0.5961316150458456,-0.48036652387917866,-0.10217789396420114,-0.9446409608035867,-0.29028807363283443,-0.12986962362718904,-1.0577687557423412,-0.19203333176289517,-0.2320087956015575,-0.8086234574242104,-0.11031302508624324,-0.16141919813188896,-0.6774446865451917,-0.18320392352316686,-0.07255889376859694,thumbs_up
0.0,0.0,0.0,0.08190847378075738,-0.6238661866748357,-0.18021188445831127,0.01752805362938673,-1.2431361801453635,-0.2662603231406593,-0.04122990324415641,-1.7334952710350244,-0.34959209865222407,0.006490096085899899,-2.082472309601193,-0.4006306180756893,-0.5854718758290292,-1.2515560381507453,-0.08073595351977943,-0.8877530413918305,-1.140886472235551,-0.2872571296668967,-0.6278890250450582,-0.9004352527542092,-0.39173131596384786,-0.46064188766887987,-0.9193493361524663,-0.43207570560250586,-0.7647805124171569,-0.9161820476536361,-0.0639085762336705,-1.0445486334256653,-0.8431138011430879,-0.3078223366182066,-0.7064846304285958,-0.6333836430573656,-0.34456060303755437,-0.5160427370060675,-0.6504884041307925,-0.30676013442451894,-0.8801844457641803,-0.6050417508713032,-0.08489987113808552,-1.1421189317769367,-0.5337890630400007,-0.30256925553570707,-0.8219984795221943,-0.37690109500638475,-0.24608125858716934,-0.627996797044803,-0.4083424553370076,-0.14329556524824583,-0.936464036415743,-0.3162782732764973,-0.1261232396085232,-1.126706658826085,-0.2337752020794262,-0.24150925561698133,-0.9007080932598924,-0.14778600876402653,-0.19786056038804534,-0.7285720437940233,-0.18494376746086208,-0.12066535762144527,thumbs_up
0.0,0.0,0.0,0.07238335543863532,-0.5997134108693304,-0.18396959969380583,0.0030426999631755344,-1.1986357078696486,-0.2782112001957519,-0.050423412350903085,-1.7044259262261359,-0.3725770432896454,0.015234089366022134,-2.064697123219305,-0.4314462049698187,-0.6320730565444536,-1.2811150700310439,-0.060496548369769844,-0.9577518295304874,-1.2014770657895846,-0.28698685252138734,-0.6935595905455754,-0.9385786028642308,-0.40892754761091876,-0.49745541007685373,-0.9287415493298261,-0.45780726338915184,-0.798246960278655,-0.9483063734017149,-0.048348082734622246,-1.1349594554130187,-0.9339126940391855,-0.31307970235362226,-0.7928998145108492,-0.688424279572525,-0.3605045387412387,-0.5790228927385819,-0.6900183858971713,-0.32362328432146975,-0.8996962272986304,-0.6307386953139373,-0.07800103777887031,-1.219200906911537,-0.6154208619122316,-0.31460035941765707,-0.8987378233346944,-0.4449655196066438,-0.25935978423872436,-0.6893666474445217,-0.4737956412435411,-0.15064449714394,-0.9429562579872536,-0.3331056612948742,-0.12853915273184022,-1.1680315193207846,-0.2964649730012523,-0.25581160092068006,-0.943732919575876,-0.2223734768064013,-0.21287375214711796,-0.7608909830939568,-0.27143045574290936,-0.13392164966837367,thumbs_up
0.0,0.0,0.0,0.06204468108984952,-0.6109282940828048,-0.17613937093718515,-0.014571503527522466,-1.1924110585459795,-0.2655045218585645,-0.08346300506326601,-1.6686128436852772,-0.3565902210090191,-0.0232936511890237,-2.007981405897716,-0.4140421727868549,-0.6393865213792537,-1.219820228267045,-0.058062785192502346,-0.9524066971268084,-1.1347816825605708,-0.28196471499210346,-0.6848753228945532,-0.8959311281319109,-0.40340673601816335,-0.48833727848106123,-0.8889613834656525,-0.4516777484447793,-0.7900628876280736,-0.8740080136001457,-0.049259290620465836,-1.1165545026162966,-0.8572559243002447,-0.31024065680914864,-0.775383703265224,-0.6363394077959119,-0.3607988365608956,-0.5586473919653346,-0.6339254809756555,-0.3269261540135185,-0.8768489506294582,-0.5552031686589715,-0.08140008400687107,-1.201687928623227,-0.5463260465829249,-0.31298209655119075,-0.8861542554826405,-0.39198247366456873,-0.2641319087786646,-0.6721969305318481,-0.4115424726595349,-0.15991239670901566,-0.9043470400965742,-0.2585442261847219,-0.13385441627189235,-1.1419142187619065,-0.22623215846603723,-0.26055491656576707,-0.9332055039642573,-0.1701263392722994,-0.22519852011293015,-0.7521860072307296,-0.22116119237698176,-0.15210129780275702,thumbs_up
0.0,0.0,0.0,0.0434760525948666,-0.5764104018085363,-0.17508140431506378,-0.11470344305589336,-1.1393833607734034,-0.25501669838704566,-0.2555022063407515,-1.5393824219902656,-0.3226394603359441,-0.29005555094420826,-1.863100332351042,-0.3554606287503149,-0.7031913335301186,-0.9611878139605567,-0.15144599366712677,-0.8478364996167613,-0.8673798553754317,-0.3397123910438074,-0.5574250762955231,-0.7295950143789707,-0.41844903801132394,-0.44173916463016394,-0.7744468584041985,-0.44977582192309284,-0.8240135456235341,-0.6173450411978061,-0.13739760552278654,-0.9419669791886083,-0.5168578611614907,-0.3366500486852634,-0.5984698311689942,-0.4355505253615495,-0.3406623932858922,-0.4987147048339097,-0.5222797910942524,-0.3060656825590042,-0.8776895340341776,-0.28727881480029255,-0.1546611422210696,-1.0127701176064428,-0.19258098895197617,-0.345337876249818,-0.6883991534857239,-0.1613648329061034,-0.26571203743134386,-0.5757396475900504,-0.27156378874363085,-0.17031432147817605,-0.8883168893436231,0.02077325814651096,-0.18992951547944784,-1.0123311462345668,0.12332710645822817,-0.2910285374843999,-0.7954304725264513,0.12091537240153856,-0.22991896202753956,-0.693262680531596,0.029039931248118232,-0.15575590393693914,thumbs_up
0.0,0.0,0.0,0.013150706156098478,-0.5343788668403017,-0.16231816387115422,-0.18390827244998198,-1.0250629837622378,-0.24898054062369443,-0.34595168392730363,-1.3499356281625645,-0.325160500375509,-0.4583253746809639,-1.6431026329253071,-0.38158216105582643,-0.8067976674510635,-0.7206657617036416,-0.1704827769991488,-0.5452630359294337,-0.7334928017502697,-0.34417011392244573,-0.3438991756653029,-0.670103205131814,-0.4464971063449668,-0.3569941014384079,-0.6517743658045939,-0.5050870545540235,-0.8985132070221526,-0.3614946515872725,-0.16419906876838908,-0.5253524118230299,-0.3759807645926553,-0.30739748658690713,-0.31420809964047325,-0.37965282742295126,-0.336996389463193,-0.35068182543312915,-0.3964736729478631,-0.3525221771149202,-0.8799675411278103,-0.022823444231502357,-0.18141320752268747,-0.5614968759819026,-0.03258343751415946,-0.3055806679290677,-0.36856512113694,-0.06952858623017141,-0.26896080277877277,-0.3986526050873069,-0.10647023774348785,-0.23782678092177156,-0.8115886602837911,0.2780870667396606,-0.2201802021254137,-0.5641355154156724,0.2693622454548774,-0.2869517248955383,-0.40911606069216777,0.20977620648806922,-0.25841653993412844,-0.41016137457785873,0.16659204816324968,-0.22640406447504632,thumbs_up
0.0,0.0,0.0,0.05816948960150805,-0.4518994307299826,-0.1509292391343803,-0.026173547044878544,-0.9090944384719112,-0.24456241863304792,-0.11277546930227925,-1.2272947234248912,-0.31772234709478836,-0.2322831630429679,-1.5222188038260256,-0.3826283013229033,-0.406237102822002,-0.6713693422497299,-0.31406798170610145,-0.012663073214479384,-0.6517662156542033,-0.45992752937281867,0.06435228120305914,-0.5842582788968405,-0.5343344713043591,-0.03211331415105403,-0.5615267295050109,-0.5871401825569981,-0.48849102064116895,-0.29702753225888073,-0.3052909314861974,0.03034111455437009,-0.337341569453756,-0.3997372815369088,0.07506287714800715,-0.3490016490431531,-0.4020105399924233,-0.030257027441946555,-0.35425964166394003,-0.42889440814182284,-0.47458893656560036,0.031086750653550016,-0.3034600859062749,0.0023788052997544907,-0.029710779722983048,-0.38129198511012696,0.040178510428450206,-0.043276196837068036,-0.3223010137895683,-0.067449330588098,-0.03420625511974744,-0.29995279333638175,-0.41693288796873906,0.32853089633307464,-0.32329365578149244,-0.06118308889770235,0.26003939516978797,-0.401549056223436,-0.008074592375185926,0.20632238187346408,-0.38848517573586583,-0.07662326640468484,0.20580766682165938,-0.37784067098723556,thumbs_up
0.0,0.0,0.0,0.04395774371402544,-0.46913762791803654,-0.15225260125607126,0.03742816308676555,-0.9724235905004253,-0.22136560544928857,-0.01324384274778124,-1.35520259766828,-0.2725021874647341,-0.10380671319177014,-1.7221655696163325,-0.3209147174545734,-0.13677531667043946,-0.7752506668329182,-0.25106025212667066,0.3680011083566512,-0.770936588254738,-0.392262644400559,0.2741949064733637,-0.6855012060033489,-0.49487691160118613,0.09864374182114201,-0.6837270471019352,-0.5844616713460743,-0.19819382538963476,-0.41304649596100035,-0.2542853350744118,0.39009192119196734,-0.4363471161995663,-0.36487689656585237,0.2431472946661393,-0.3875405117242201,-0.41088341363410313,0.05985893856109549,-0.39358954874046853,-0.48623401202919236,-0.20139761843055895,-0.06919354889524758,-0.26991341505536065,0.34890338607177696,-0.09566467557439685,-0.3704211008908914,0.19782682794831374,-0.04773399869380579,-0.3515913822048272,0.013784707761440772,-0.07435584439581802,-0.3657011623430734,-0.17487056350413652,0.2223693594178692,-0.3085322922162464,0.24609104670237059,0.17551399179904922,-0.41153229113135587,0.13955567712022626,0.18439897957732876,-0.43419053912197425,-0.03455993952948015,0.2038255126452649,-0.46302649289107206,thumbs_up
0.0,0.0,0.0,0.04448423518683319,-0.5015050419121825,-0.08148454691044192,0.22833206982438106,-1.076828663288346,-0.17456623106625135,0.28713493152466024,-1.4838061013029775,-0.25271853546674367,0.23164240727856908,-1.8278030368260518,-0.3087548162675701,0.26976923794183155,-0.9115889351099928,-0.3694343888929539,0.807256708938213,-1.0414563582450262,-0.5476352345134873,0.6691690233511339,-0.9425641509757281,-0.597545106865843,0.47291178008069507,-0.9020949583540818,-0.6118927929477916,0.2430587992736564,-0.5520664915472409,-0.4088009675813224,0.8498916219490035,-0.6967460885687776,-0.5446311434580766,0.6707723332267223,-0.6584947289831393,-0.49863310355861273,0.4787580407530467,-0.6081390227850497,-0.47574131214767923,0.2521088033497928,-0.21496602188834776,-0.4487799967680194,0.7862783230312431,-0.32702039482267,-0.5285655588963561,0.6102492465892221,-0.3288666714544154,-0.4277943776933436,0.43026789963391826,-0.3125114217906469,-0.3741436886602311,0.2618692652317118,0.08031912456952163,-0.49614662813605287,0.6700187302100623,-0.04029458141527152,-0.5076166132509262,0.5319696215174149,-0.05468037910016204,-0.42816872584654525,0.36504824529627233,-0.033670860962598234,-0.38909007799194445,thumbs_up
0.0,0.0,0.0,0.058504297975650946,-0.5121783549954261,-0.044547634567398034,0.25124292748534927,-1.0614776674984694,-0.1439211240156746,0.3335747929159409,-1.4572492618953041,-0.2313252601149831,0.32305056604117305,-1.7929635897837808,-0.29670505091408145,0.433301724457535,-0.8211511549198994,-0.35401710842387035,0.966566791265112,-0.9715804846367249,-0.49001038869882013,0.8420139798633824,-0.9072829209283673,-0.5075883386427729,0.651208154539442,-0.8380938151514555,-0.49279812333537504,0.46447552617788973,-0.4589416604033639,-0.3921170991896582,1.0446914707337525,-0.6267157889112533,-0.5037904967947237,0.900346030776855,-0.6085248521613612,-0.44790314466040987,0.7077096515152227,-0.5682698216140293,-0.4005327578197023,0.4879148514996536,-0.1254150760775347,-0.4178810736075538,1.002940429845589,-0.28609619408871045,-0.4723758665748342,0.8507563760730267,-0.2878365070356595,-0.33854939944262563,0.6639235561932353,-0.26683128661248734,-0.24865077975902292,0.5025905070702292,0.17245156267445289,-0.44319504399746756,0.9054678074643765,0.014037792445895344,-0.4334231970939975,0.788150058917412,-6.0389408253753924e-05,-0.30744201320428866,0.6229774786673633,0.01806260925735292,-0.2219767609772579,thumbs_up
0.0,0.0,0.0,0.07501301726655824,-0.5617725204811553,-0.031863687340580246,0.30699768585412734,-1.1109548313127102,-0.10388115708488348,0.4257350738449802,-1.5193190110099575,-0.17492429383740507,0.44086788647810027,-1.866404429847776,-0.22378319286191914,0.5661402945129738,-0.8571010361956722,-0.24046611054088587,1.096108386326271,-1.0114327302120107,-0.3475285885806892,0.9378316175701384,-0.905138897463757,-0.362406291067407,0.741590935052094,-0.8365437902899975,-0.3518194980833528,0.6261137599586313,-0.5005514247040913,-0.2820564060237366,1.1581278943239757,-0.6411709316658101,-0.34652127392046406,0.9704394418608165,-0.5811216473155623,-0.2934348925344213,0.7669617915060171,-0.5417769751925874,-0.25611256955580897,0.6506459810171781,-0.16621924395860746,-0.31835748751281817,1.118908875127388,-0.29383919037739714,-0.3430791445961854,0.9497305581459609,-0.2709461526786583,-0.22405550019530743,0.7665026065908916,-0.24105641831968358,-0.15298400921922348,0.6502718698964054,0.13262185837796928,-0.35609685896134036,1.009119897664703,0.0019705796047550794,-0.3412736846832937,0.8786337830780144,-0.0047406393020462696,-0.22831023553750615,0.7240386806607513,0.010482230527606138,-0.15524984427945754,thumbs_up
0.0,0.0,0.0,0.07971286751614527,-0.5650249712983109,-0.020573068721723722,0.30034471606915364,-1.0947192045958856,-0.0875797344140518,0.42496206189259333,-1.4959793361618334,-0.1538550321714001,0.4494505235132531,-1.839231855820248,-0.19782310471763162,0.6164326212856094,-0.8499987955975767,-0.21274090049320318,1.1222520466245358,-0.9779869898239354,-0.3007719778779584,0.9586284109355079,-0.9053026508858659,-0.3034181381111055,0.7684700936294233,-0.8442550822559101,-0.2867864517174435,0.6840675885687867,-0.49347238807599314,-0.25172321398301234,1.181071847202379,-0.6244028640474298,-0.30238222154318745,0.988204818749214,-0.5950451632482123,-0.24405475505065005,0.7951116514898059,-0.5571366551932123,-0.20198550529768486,0.7058579558877295,-0.16045804629647056,-0.28415575226535705,1.1397185267217607,-0.2800737962691539,-0.30037674369087336,0.965800443873414,-0.27817904326661025,-0.18678689396224807,0.789923553055497,-0.25030911639766795,-0.11844954494377621,0.69667367685859,0.14138311412667184,-0.3162941818127043,1.03717112514517,0.032684312346455136,-0.3009979618552066,0.9025612044655812,0.005085468929128159,-0.19477135887317007,0.7527139873202623,0.011761341293712264,-0.12323226789183513,thumbs_up
0.0,0.0,0.0,0.07835103373963899,-0.5680866280367707,-0.015711275251711846,0.29452826859692777,-1.084941243499334,-0.0830928860170172,0.4263636436864121,-1.4808057057650486,-0.1533624015682158,0.45247065238210443,-1.82059060344267,-0.2048767229790268,0.6428083151665347,-0.8322866359942608,-0.1941727432463672,1.1222740974701595,-0.9596545560023122,-0.28001178307116814,0.9633967384051544,-0.8971389641313755,-0.2916357342573752,0.7706925071853323,-0.8338308894594431,-0.282784112878704,0.7120035052077779,-0.47620003719146103,-0.23509254266303084,1.1693085483526442,-0.610324768043078,-0.27604851358486615,0.9838303704497852,-0.5825050418678199,-0.22382534912395052,0.7997760644351634,-0.5346970603859575,-0.1905530482206497,0.7281788583221686,-0.14366751533304997,-0.26978880319624315,1.1379738907106134,-0.27465039231641436,-0.27960580234483867,0.966920444039343,-0.26683646978259223,-0.17101689285785418,0.7946249262286907,-0.226627619216213,-0.110081221442645,0.7122119794255775,0.15920410905956983,-0.3043055442641281,1.0427759290825778,0.049362062014550324,-0.29038793797375456,0.9045778787498461,0.023336477592476715,-0.18620604052241732,0.7506428327068173,0.041652025622931355,-0.1164216103006563,thumbs_up
0.0,0.0,0.0,0.07680104793280676,-0.5650680551940369,-0.050048225670063035,0.25949679554285304,-1.074126049672599,-0.13655918508230305,0.4310208638965765,-1.46124583932714,-0.21459970884951518,0.6185628681045373,-1.7011229314097747,-0.26388762882482286,0.634704797514402,-0.8202916265034007,-0.2429529675775502,1.1237833671157136,-0.9567868148638001,-0.3296344236016574,0.9755178978420216,-0.9281898378704401,-0.3205597109237245,0.7814536224494869,-0.8679401782924939,-0.2916390459512847,0.7074217639256937,-0.4581456801150714,-0.2610599452808099,1.1754956850979987,-0.6326424414253213,-0.31515611817949646,0.9880832786741685,-0.628364313491892,-0.25222737467893547,0.802526572413373,-0.5659997581826501,-0.20333566928048188,0.7284018938549999,-0.12808674402030581,-0.27321772794695603,1.138594992784694,-0.2861301909744966,-0.2912217279514742,0.9711304874527851,-0.2969176303140868,-0.17225847091029098,0.8049728181549048,-0.2457075913113774,-0.096797851545254,0.715557702654832,0.1754550843842521,-0.28712643797295323,1.0503150838207471,0.044353265429366406,-0.2741345009205731,0.9166727980326239,0.006487595020712043,-0.16730856892234855,0.7662948848776061,0.03508176989982058,-0.090016849987168,thumbs_up
0.0,0.0,0.0,0.06916097083733205,-0.5573562757677485,-0.05429323335477085,0.24293029765794225,-1.0670838439698043,-0.14278746580537952,0.4177204350830582,-1.448105787026858,-0.2237920430799302,0.6270399296981093,-1.6315079176961722,-0.2763974435134787,0.6129776497315036,-0.8312786990931057,-0.22757169519639414,1.0905033790807017,-0.9726690360796639,-0.3257634803985795,0.9474127434687005,-0.9428803093052927,-0.3317673420125929,0.7588311390620917,-0.8794911279116842,-0.3124268178668261,0.6862143209153821,-0.4717246486046237,-0.24662919434015138,1.1462985714824405,-0.6505180474107086,-0.30465605061241063,0.9687006787039005,-0.6385728093678804,-0.2499206508008909,0.7893144380003535,-0.5746244623029378,-0.20582531602347465,0.711109821874547,-0.1413314035908342,-0.2630490732312355,1.1153381926740318,-0.30859139653611484,-0.2897687908041739,0.9537642200340549,-0.3120642573555674,-0.17754783182122483,0.7916945754407562,-0.2573039073192211,-0.10369661335976262,0.7017345008381136,0.16328619826217367,-0.2820040966712672,1.0381238680728024,0.021354235305389664,-0.2796784419274324,0.9062975793066034,-0.005638663112311224,-0.1784821059253873,0.7555950642076018,0.03299428254893272,-0.10250051536730531,thumbs_up
0.0,0.0,0.0,0.06640242404475964,-0.5553862105558931,-0.045494257754636586,0.24159372005347557,-1.0668904568785529,-0.1229482559210374,0.4146289335404156,-1.4456808835067407,-0.19528242456821632,0.6033548614518425,-1.6776100735182118,-0.23959210890863883,0.6180658871342283,-0.8390802145510311,-0.20788682736205483,1.0870853330189045,-0.9923350624244928,-0.29682581993097007,0.9297087473191166,-0.9538659744025119,-0.30009837356527874,0.742847332051076,-0.8815322308160857,-0.2817724350597395,0.6941272609362386,-0.48154579008592246,-0.23225952755010634,1.1393617893609416,-0.6501275875714783,-0.28538558224592003,0.957326274101606,-0.6400070436347435,-0.23241897982735066,0.7783930483976241,-0.5760744187452663,-0.19130893485365216,0.7200072265534923,-0.15288027125935832,-0.25394930966084966,1.1093053293732145,-0.30488304274117084,-0.276588306927421,0.9486004525855413,-0.3108699907464775,-0.1674597242300793,0.7888417828314458,-0.2566233451185276,-0.09778518251075731,0.7137778849291894,0.1538770496235181,-0.27770863628370934,1.0398457812028277,0.010135889719807894,-0.27165738421580926,0.9065481242159825,-0.02189703737417999,-0.1700335542798455,0.7565082178963431,0.016648082027572432,-0.09543123965807956,thumbs_up
0.0,0.0,0.0,0.08386171279643996,-0.5547088265321957,-0.02077509480430317,0.3045118368568136,-1.077864889904048,-0.08623474026674693,0.44748313846963356,-1.4663151136012549,-0.15455190699957963,0.5209515103490017,-1.7866195381429848,-0.20252062653514,0.6387528144422157,-0.8430060199439676,-0.19402688505701324,1.1190881668580117,-0.9967597832469228,-0.293537138534772,0.9497504041215314,-0.9434476234493726,-0.31196957870116515,0.7617599376014829,-0.8708080282814642,-0.30379205230714956,0.7017746963513171,-0.49141719139573103,-0.23653741465343986,1.1810139584569612,-0.6601300606739912,-0.3013628574049549,0.9835999034166603,-0.6404283165617879,-0.25692582710700296,0.7938020205696015,-0.5779884603499691,-0.21837257125692372,0.7178002685743372,-0.16075480055266225,-0.27448148215487017,1.1469448925814205,-0.30566456140397635,-0.30685572492305846,0.969743161082376,-0.31007192485776947,-0.20097305244401614,0.7970693803971604,-0.26091619527925575,-0.13039222070345263,0.7053362056929516,0.1477592471393271,-0.3121405487497419,1.058065386385804,0.01847565644571239,-0.30912924102066935,0.9173817594298477,-0.01655810831011461,-0.205482074353244,0.7577610376909323,0.01059217065377822,-0.1301651391954373,thumbs_up
0.0,0.0,0.0,0.09952122611738504,-0.5754266833660574,-0.010769576420976737,0.3320177948969107,-1.0704349244900575,-0.07389648207855068,0.48262504346488677,-1.4593150021969188,-0.14293804755094153,0.559843002890277,-1.7873904332369155,-0.19277499679094906,0.6780024884484958,-0.8244215303928765,-0.16799330159090808,1.1579199533973346,-0.9657866927420338,-0.2576173323251798,0.9844162467024609,-0.9274637751154982,-0.2751018762114333,0.7901029596437497,-0.8603793431025583,-0.26762994061478307,0.7458341988995346,-0.47073109380462214,-0.21048514320193848,1.215211764610545,-0.6478430480184063,-0.26231454838814655,1.0129855440814883,-0.6342304624162789,-0.21850963740369395,0.8245247773904982,-0.5602965584194587,-0.18325999376138466,0.7598869335910176,-0.13800623978909077,-0.24725210855170887,1.1875008275996042,-0.29922546897266167,-0.2636169753117718,1.0087835827988507,-0.30776867922444195,-0.15675478755045325,0.8364808841808657,-0.2523259120495846,-0.08983413282858699,0.7428572728197078,0.1667775043135504,-0.28339837314849164,1.093044624092363,0.03772746276672702,-0.2658331512225704,0.9545557524695326,-0.003136758700091163,-0.15829145718811793,0.7998715533175571,0.025877562837319568,-0.08257246178838147,thumbs_up
0.0,0.0,0.0,0.08296397463326174,-0.5699800062349828,-0.014481781040556864,0.30180521389962023,-1.0775846900538377,-0.08304037923442613,0.41837930379086796,-1.477423276759214,-0.15863425725863756,0.4369247884439193,-1.814114548256986,-0.2147652139196508,0.6520204853743243,-0.8312667229064189,-0.1838442495579788,1.1542508845176616,-1.0055993640504983,-0.2819512106518974,0.964054956914154,-0.9377310974995956,-0.3019153777349613,0.7607386833870801,-0.8591184994354882,-0.29475223990934174,0.7224243915605415,-0.4773931379244413,-0.22906831389525378,1.2197975222436954,-0.6666034150791798,-0.29632613314990036,1.001526978471859,-0.6306418295549344,-0.25633835889378387,0.7972077499915409,-0.5617345864292274,-0.21933797337131045,0.7420678293648733,-0.14571522858027994,-0.26851126112527257,1.196209010572219,-0.3125991634307584,-0.2927632813541758,1.0056609892756183,-0.3039349039860777,-0.18501425698841553,0.8198501643673337,-0.25268108065007877,-0.11452034089244195,0.7311645789330206,0.15784533306409393,-0.30791500835535823,1.0987676990267146,0.0326242882326405,-0.293836138559553,0.9594466614265189,-0.0015171459433581248,-0.18616095631078391,0.7968305824246166,0.020092295461223732,-0.11024840171053948,thumbs_up
0.0,0.0,0.0,0.08847388340278874,-0.5840433733541623,8.310791978568874e-05,0.3170643667259865,-1.0867452502081194,-0.06413800988958404,0.4428835598712192,-1.4917280455282242,-0.1403271531492149,0.46128924927502396,-1.8271644272102396,-0.19845655120306602,0.7022684577871043,-0.8604265770523836,-0.15421024705050207,1.2201526503583007,-0.9683021497627742,-0.24524689262297408,1.060756214028942,-0.9135724931459681,-0.2676991137028497,0.8668399971369942,-0.8537916693628156,-0.26415032160923585,0.7658048503953797,-0.51130448320324,-0.21013455460629205,1.2828357255167562,-0.6513540813873531,-0.2621872011122018,1.083876673280592,-0.6229106292723632,-0.21696946942188833,0.8813293829804173,-0.56713116306717,-0.18069480967188328,0.7807035370009416,-0.17968615901232257,-0.26122110029927764,1.2633371787768923,-0.32094942595338055,-0.2737080715574438,1.0823349390272763,-0.30878704859903117,-0.16062217001082377,0.8936306240369343,-0.26563098723938383,-0.09063860692907492,0.7601836477316352,0.12522659229623248,-0.31274623831657816,1.1570654818265376,0.026279261316707807,-0.2904890773433411,1.0213387106909018,-0.0032431617641243407,-0.17708830235205603,0.8481919905729071,0.009831550113466208,-0.09863432465625178,thumbs_up
0.0,0.0,0.0,0.09705631221239061,-0.5762694393812652,-0.0006000068194432046,0.32866715225066984,-1.070902990869878,-0.06816323897317879,0.4473103025981092,-1.4702136670498176,-0.1473170566315831,0.4615486465657583,-1.80657909125478,-0.20710365233002687,0.7138409762103619,-0.8382284189877253,-0.16376070608675425,1.2536337899199674,-0.8829086682555837,-0.2635506010622586,1.1003387582589954,-0.8459853384223502,-0.2900790600869033,0.900359981070905,-0.8019948116178023,-0.28550040827749346,0.7736347162781352,-0.4868885722595646,-0.220636602314546,1.329497290781339,-0.5752875330638434,-0.2791851369728063,1.14702180142108,-0.5772288700176015,-0.2309980668862089,0.9401577398054607,-0.5416182604327665,-0.18891070788560685,0.785870617534075,-0.1566210812791055,-0.2734831620361761,1.2806762484559986,-0.2534491248554718,-0.2798545347479477,1.1133542847025877,-0.2638911858147771,-0.16287016209601055,0.9323161853842483,-0.23590264157805424,-0.08983145816930638,0.7629173282255327,0.1469790140934363,-0.32794909019023327,1.1668277930126216,0.07805874277489204,-0.2906684540948997,1.0439163703540437,0.0339698848655952,-0.170615262044049,0.8779018591112769,0.03686854536058768,-0.08847515836544372,thumbs_up
0.0,0.0,0.0,0.10195800536599539,-0.5642915899343239,0.009898942302837454,0.3334399926858575,-1.0483775145474332,-0.05089856539427506,0.46018863470053895,-1.4377376244792612,-0.12189160904438832,0.46631499554556494,-1.7648246547378776,-0.17437859760716176,0.7065638521786007,-0.7914332039574594,-0.1640080125109781,1.2435947776257013,-0.8164398533293785,-0.24875097081580044,1.1095489999245494,-0.7856460395618239,-0.2584927210792513,0.9176520500610742,-0.7477492191891357,-0.24373264582275048,0.7658900523971184,-0.4389759735018747,-0.21967749367085665,1.3179038603417994,-0.5160522780319388,-0.2712428102997375,1.1469675568332167,-0.5263008816786618,-0.21402209438917855,0.9459751300661594,-0.49496633017909253,-0.16485372041173624,0.7777774584522908,-0.10999565525727449,-0.2682794078130071,1.2719460945880718,-0.2000150750830176,-0.27149358977662813,1.1099909083060653,-0.218891481028284,-0.15238017689166358,0.932736232642916,-0.19728244354172644,-0.07704669927948575,0.7509078758234699,0.1958769489928474,-0.31649496096305135,1.1532386320843302,0.13162022307033902,-0.2824290794694407,1.031586054935725,0.08301241887537984,-0.1643760194808488,0.867854764040469,0.08224719733294646,-0.08217095146757086,thumbs_up
0.0,0.0,0.0,0.10153834974485522,-0.5500518144762535,0.013838073118939576,0.33125578446429566,-1.0290220751143415,-0.04339444690297026,0.45327273443837546,-1.4172819132180432,-0.11428350265892499,0.47035170569726137,-1.7477009686583183,-0.1666876002719433,0.7146315990586148,-0.7911183310229721,-0.1388054439079423,1.242888397125895,-0.8293752266428764,-0.22728339934465294,1.0948102021197375,-0.796086695131164,-0.24538908561185654,0.9004202328882246,-0.7538468147324899,-0.23670305819198242,0.7707367224823782,-0.4422054907787851,-0.1999908913884473,1.3076352691551578,-0.5256063947496976,-0.2548395155995329,1.1243244918347333,-0.5258320058515125,-0.20510808151162152,0.9199092367580866,-0.4900687806030702,-0.15970289185052458,0.778498517506967,-0.11339242090750415,-0.25610550312957686,1.2652467384510822,-0.21329175168216505,-0.26669011649796,1.0958943302335988,-0.22076081454505314,-0.15099411003993005,0.9139361652665787,-0.19591618265079977,-0.07510666854661736,0.746726008258852,0.19330794963262177,-0.3116488610596565,1.142380759782322,0.11716103999763362,-0.2834711062714172,1.016902682484605,0.074479074293534,-0.1652319122856712,0.8491436087462944,0.07699874968296222,-0.08066206738258949,thumbs_up
0.0,0.0,0.0,0.09850745288155335,-0.5548582042468292,0.0033108818573096116,0.30233097457839964,-1.042190242053654,-0.0634335634722032,0.39631644919056097,-1.423353041204695,-0.14659379450093563,0.3752130527310483,-1.737537555007454,-0.21236167853454366,0.724547807732462,-0.8161041528488785,-0.1264720331736582,1.2600000494612984,-0.8509605046452761,-0.2231975366461942,1.108093782763622,-0.8145004072865023,-0.2600070061640751,0.904022681509723,-0.7791944937620464,-0.2633845969125579,0.7924633331017592,-0.4766565497985422,-0.19159287070663075,1.3450356121433977,-0.5524764532850239,-0.23966124322497148,1.1811016099574787,-0.5506190722627606,-0.20863887906015235,0.9758706251960061,-0.5214652435588815,-0.17969302163706713,0.8116655323008538,-0.14827201253788921,-0.2546587756517169,1.2935362144398004,-0.2374775986658295,-0.2523090185589301,1.137652644498248,-0.23892745305029658,-0.15389186987552478,0.958434968476659,-0.21240972322726662,-0.09525445519982485,0.79236857603388,0.1625240455142431,-0.32060392842932256,1.1857315257891543,0.09232971953132518,-0.2819862153066618,1.0639672686460973,0.05746339330672978,-0.16944449704295714,0.8963719388524256,0.0662437399574289,-0.09280733611036616,thumbs_up
0.0,0.0,0.0,0.08336202650375611,-0.5545108444040258,0.0004040191994239275,0.27217159141183656,-1.0479915444662338,-0.07305016488280601,0.35639253646028257,-1.441323622063109,-0.1614211867654565,0.32879053488340904,-1.7641881167058573,-0.231751008570549,0.7126471340152093,-0.8481977054375884,-0.12916172515466837,1.2383163042573724,-0.8728318874734555,-0.22029956861797592,1.09930161764482,-0.8335207214976136,-0.2539338198375079,0.911170726371596,-0.7972726524510135,-0.2587668364582808,0.7909964322573231,-0.5086248276146509,-0.1929017868347759,1.3341746001509676,-0.5899981163953127,-0.23560369907916026,1.1700497000740133,-0.5838491697276981,-0.19890557324648056,0.9657177421616896,-0.5523507495871649,-0.1689671870210622,0.8175176754004808,-0.18074973778611625,-0.25466573149060406,1.2976844269947094,-0.28540981568692725,-0.24938272474237205,1.1393654038851937,-0.2795602106644404,-0.14710547032905452,0.9568053957226035,-0.24958054053339204,-0.08899050188270287,0.8035901121112536,0.12927577327925932,-0.3196216241891018,1.181025797403797,0.04229249499726989,-0.2856407259234267,1.0535258097746727,0.013716388779481406,-0.17682588286543605,0.8848329277520558,0.020912675692400972,-0.1035671257146291,thumbs_up
0.0,0.0,0.0,0.0907409379878844,-0.5705301441459946,-0.004998814381116337,0.2948754561364644,-1.0483282878853966,-0.06775427475938171,0.4557025017222615,-1.41639384866075,-0.13788545767481877,0.6185468967239095,-1.6828324575639524,-0.1825684573080998,0.7485059030704431,-0.8516816563958622,-0.12388254747141708,1.2665117850879448,-0.8450559121971564,-0.1926660055901497,1.1787696961524663,-0.8297028849470992,-0.19815581404408764,1.0187241558871256,-0.7955162899334248,-0.18251731533350687,0.8208111305487609,-0.5061646554938227,-0.1747498740084803,1.368464837816541,-0.5572573419671158,-0.21382710489552958,1.2363787160796014,-0.572887448376244,-0.1638963081363116,1.046342553912055,-0.5528183917469235,-0.12046386132782282,0.8374973348295784,-0.1777270981406669,-0.2233283446364011,1.3239218763880547,-0.24175653950504247,-0.22560172585212424,1.1860206446075372,-0.2611527910993882,-0.11694377930927047,1.0190420864606748,-0.25053355471315014,-0.04713522265986217,0.8089990328597534,0.1352124982484562,-0.2734837131659718,1.1957237436203858,0.07179831470909448,-0.24092151692420635,1.0855354009626348,0.03416101847591397,-0.1297214357024441,0.9302062453062485,0.039802065970844756,-0.04907443264459525,thumbs_up
0.0,0.0,0.0,0.09750862950623766,-0.5673157651877991,-0.014621431214903172,0.29857352726166564,-1.0428030708997917,-0.08506514839493194,0.4612313121964604,-1.4166116046040336,-0.16057712317625683,0.6358628410624826,-1.6698194164011209,-0.21042516149827561,0.7475120251326116,-0.8384632202771594,-0.14559454990822845,1.276048906714524,-0.8463732980069897,-0.21443341610661998,1.203780896432756,-0.8103470239374352,-0.21636652560077158,1.0523533138586818,-0.7655352003370967,-0.19665346485789229,0.8182391763642157,-0.4914687888991017,-0.1903551407517877,1.3765621755179747,-0.5617409959393012,-0.22772832209250654,1.2666596329770214,-0.5648614326942161,-0.17704120033472506,1.0901513248816816,-0.5372112942337877,-0.13408873480980246,0.8358737309985804,-0.16315682537170212,-0.2318089501119146,1.3236197929602929,-0.24345859797434408,-0.23168401074965728,1.1941926518314006,-0.2562307349034111,-0.12371176567093974,1.0327824679888742,-0.24037114377704083,-0.05497884921688714,0.8125676104792485,0.15092818363110602,-0.2754884323185952,1.2107398575827624,0.07400282111093062,-0.24192451231573875,1.1072395162790876,0.034287519673720596,-0.1308190811103121,0.9529575084473577,0.04161610057261433,-0.049958873699438605,thumbs_up
0.0,0.0,0.0,0.09199568300006747,-0.5653568630775686,-0.001526962213406177,0.29025975020597233,-1.0366197533839527,-0.06600066009399147,0.4579536061939675,-1.4060799142503009,-0.13644649159563127,0.6535897527137651,-1.6161545378721824,-0.17939544990197467,0.7367560055874587,-0.8489919670800918,-0.14321999665565402,1.2745933599159014,-0.8619210670705549,-0.21201119191329337,1.1872440167592024,-0.8434784098605027,-0.20565313606986949,1.0244442770077817,-0.8024824211806222,-0.17860951196849326,0.8098312276163635,-0.5050676838951986,-0.1889138084454177,1.3691945998301964,-0.5749335271691263,-0.23115757579025967,1.2404694388521698,-0.5900038695719356,-0.1713959087329845,1.0579476921469806,-0.5639717291430568,-0.11853044796626797,0.8317225204424541,-0.1765275458804414,-0.22974288972862128,1.3222107999746766,-0.2686293680518105,-0.2295989229471463,1.1841567512982982,-0.28685548715318715,-0.1107058456279035,1.022779773415028,-0.26838443150265284,-0.03199585994959829,0.8090421059514686,0.1401250049485317,-0.2713696565814276,1.206608203362897,0.050781381308981244,-0.23125062505540162,1.102744102124371,0.004629655759585425,-0.11332606767428634,0.9552344377089893,0.013314608820006908,-0.02648829579933359,thumbs_up
0.0,0.0,0.0,0.07636926025764207,-0.5609661212642959,-0.007103146506502751,0.27042750809002886,-1.0237891028399695,-0.06759141586445572,0.45719910285330123,-1.378196040749585,-0.1297848444720548,0.6846871491676667,-1.4920939315070163,-0.16248815429980035,0.7134173505259691,-0.8331023129151272,-0.15629715780081263,1.2600669703181853,-0.861071784249823,-0.22041224456173472,1.1838429696831556,-0.8618794994846943,-0.1987147385156679,1.0224017837775883,-0.8188145047018351,-0.15940885204989558,0.7925637595685173,-0.4869776841545561,-0.19142001546751947,1.3595529545180682,-0.5856781903951279,-0.23905066813869869,1.232029352493869,-0.6134891314750223,-0.16931845005454113,1.053343518056946,-0.5826381396265803,-0.10431390589611568,0.8189554603356293,-0.15718310630148546,-0.2205291247580774,1.3163875333294524,-0.2780656535792915,-0.2286993508649829,1.1772327601899593,-0.3073083882726877,-0.10362653422358913,1.0178047650540778,-0.2821580296138749,-0.013960104715411403,0.7957042367428216,0.1591034026458465,-0.24987432576859714,1.2022077313044326,0.04818172015616038,-0.21636553115851884,1.1014273224674938,-0.007841150295185046,-0.09879850114192569,0.9566902758308704,0.00847240198851254,-0.00805618160862151,thumbs_up
0.0,0.0,0.0,0.0821976373277997,-0.562823583243739,-0.01577777949513414,0.26460096703790065,-1.0223283852584544,-0.0853344640361034,0.4509076952763606,-1.3572278148114945,-0.15562746217343357,0.6837739091887839,-1.4634652752220825,-0.19429892049529748,0.7130157294385164,-0.8236699457428146,-0.179663223741453,1.2726179771132202,-0.8492733728178107,-0.2648928893217679,1.1747433905669515,-0.8779764936601794,-0.25340746859861757,0.9959509398145443,-0.8400734875087159,-0.21767998624668503,0.7905710666986897,-0.47657375339804625,-0.21310911905998298,1.3636049586695025,-0.582743876382714,-0.2827779675920363,1.212731111544573,-0.6281133721695769,-0.2122067839765544,1.0231501914780219,-0.5928126317036861,-0.14150807558537096,0.8167189856477957,-0.14741031404008345,-0.24201975049815702,1.3223644055849153,-0.28035901079081144,-0.26230745799267535,1.168576585657652,-0.31708324995949455,-0.12758455809256397,1.0021369322699394,-0.2850118097044147,-0.027113057104415614,0.789969012186293,0.16904010892742713,-0.27242603757839107,1.1992600060687577,0.048847872067745254,-0.23952220175047412,1.0890843923293354,-0.02000211173176009,-0.11394444156066232,0.9392702045897245,-0.0019129621428166574,-0.015365971312421432,thumbs_up
0.0,0.0,0.0,0.07906451734695272,-0.5532436402381674,-0.03198899654226472,0.2579409351950668,-1.0121257105850836,-0.11506284441438018,0.4346947214812967,-1.3655267737589474,-0.1968342207634042,0.6496040604983401,-1.557805744206739,-0.24934776217707755,0.6980532428427861,-0.793193482796746,-0.20484570209973016,1.240142902210419,-0.8198064392837691,-0.2910754278376611,1.1806743150598804,-0.8281811005774276,-0.2791523123742247,1.0227385085654548,-0.7836961548692379,-0.24315739814862888,0.7712079278838591,-0.4428308161152621,-0.23856687905204696,1.3416859402678143,-0.5445969481832301,-0.3109910211657568,1.2104749970947475,-0.5771686737268393,-0.2448859044549398,1.0255394178852897,-0.5455555327705939,-0.17870420037990864,0.7960634792940485,-0.11469407015160468,-0.2681905251946532,1.294137410033793,-0.23319081369632536,-0.2961004180219702,1.1470281399750293,-0.2624125307908515,-0.1686778900159405,0.9819004302720297,-0.2352065760305642,-0.07435357929827946,0.7752009508440605,0.19926037366251878,-0.3001534874547753,1.1795178244953957,0.09303308104119608,-0.2812345531253237,1.0701621781193653,0.03431113916797736,-0.1641512855542424,0.9193358739812215,0.04611209266917275,-0.07168834239702142,thumbs_up
0.0,0.0,0.0,0.07312300607321821,-0.5524686768913124,-0.004099626855135518,0.2727808069794392,-1.035293574563199,-0.07049738382228637,0.4398475775500325,-1.4048018130273536,-0.14226622401100805,0.5831364788429942,-1.6902340295838718,-0.18897845347604472,0.6925035428521499,-0.8249575557174639,-0.17011326572054233,1.2233491942183385,-0.845718715117661,-0.25290848854366715,1.1222246395347744,-0.8435859979488987,-0.2521668018877133,0.9548887811554048,-0.7975405771744593,-0.22817815013387693,0.7561053371875152,-0.4776358569031778,-0.22070922364846934,1.3158961288966815,-0.5765038569250814,-0.2905809825175554,1.1588444925140027,-0.5976054802106533,-0.23174012862647572,0.9641462582902265,-0.5534929235905004,-0.1722153134813912,0.773328384470726,-0.15146574462808257,-0.2656998844509748,1.2783055612757142,-0.2604356007709677,-0.29271211602961816,1.123928029602797,-0.28322312698579544,-0.16807312555363063,0.9522510782447083,-0.25160923513880085,-0.07664444209785824,0.7496276013558208,0.1635018924248827,-0.3104156581384805,1.1652447853025876,0.06673092153344218,-0.2886574195582505,1.0478771768675095,0.010725683030452184,-0.16716158614039633,0.8845230329211855,0.019265830595459197,-0.0740107652439824,thumbs_up
0.0,0.0,0.0,0.1053259995505761,-0.5412139715195857,0.01946588965427952,0.3317558335988065,-1.001328999510178,-0.03106057855570089,0.5025612417920299,-1.375283055393158,-0.08996640297492256,0.6046537035332091,-1.684314075533174,-0.12773246364405125,0.732386129738711,-0.8016600944646808,-0.13999558163886933,1.256512270774778,-0.7949028616239585,-0.20425009666119062,1.1813261739837766,-0.7893091163627917,-0.19236305297826084,1.027925911068496,-0.7541893724150466,-0.16202573298013664,0.795630756034141,-0.4561857560542314,-0.194447955005561,1.3532482586776482,-0.519903138512976,-0.24213578130045124,1.220427718330473,-0.5442348941232592,-0.17711632054165594,1.0360949803425177,-0.5114106797243665,-0.11710244036437108,0.810955130987836,-0.1279093077632045,-0.24075887450809202,1.3093884217605098,-0.2038418804613593,-0.24668713138179305,1.1736412956404358,-0.23864073624987817,-0.12749056918048082,1.0118761430599799,-0.22132349574606644,-0.04484266692729065,0.7836581972647916,0.18649962640393306,-0.28460381496071163,1.1919415688012982,0.10590095394722983,-0.2439048425463081,1.0890157983882753,0.046733894227446525,-0.12383099695255664,0.9380772264851436,0.050029965920879715,-0.03574196840723443,thumbs_up
0.0,0.0,0.0,0.07947567440920897,-0.5428227998414733,-0.013656891126895034,0.27597266801201237,-1.0275430764395168,-0.0940627303391996,0.3916202422861905,-1.410363376996528,-0.18257025654915887,0.39746391394604014,-1.7404137493640548,-0.252779529882829,0.6815010808266789,-0.7962377788521781,-0.1795523899686832,1.2206096948662368,-0.797701415259725,-0.2816744328727198,1.1264606848824072,-0.7858466127968147,-0.3101187910249234,0.9516199281398592,-0.7523801567520364,-0.3050625307422023,0.7435827522826027,-0.4480235264314082,-0.23336174512494062,1.3150707877987782,-0.5317146766751322,-0.29604042020654675,1.1858912823698322,-0.5545355157586288,-0.2522137436136598,0.9974671243462478,-0.5233757912883005,-0.2109507414526769,0.7619420013362588,-0.11959120085023345,-0.28378044907800704,1.272787716603635,-0.2156924509754815,-0.2993859104516762,1.1359054530526531,-0.2449122591374414,-0.19182476421964012,0.9633627287082842,-0.22533766266563152,-0.12060630714920058,0.7443185576088336,0.1893651189235328,-0.33652656780327134,1.1535945030677865,0.10867735928727154,-0.31165691412928836,1.0449011952906853,0.054404648397021985,-0.19969998804206393,0.8796570798374423,0.053536180632662744,-0.11893412837925768,thumbs_up
0.0,0.0,0.0,0.10319049667828076,-0.5549984690108472,0.016619491592296358,0.32009439278698987,-1.0487073147486037,-0.04231135183381905,0.42407799458569384,-1.4395043223639041,-0.1183934880207365,0.4217851469379655,-1.7700449595519607,-0.17732392556177326,0.7325893468553529,-0.8455946556400162,-0.1150803644962498,1.274456349318982,-0.8595326697673257,-0.2066442802578522,1.1724193610041203,-0.8195526148558036,-0.23779618143715084,0.9963594703229051,-0.7806479567177366,-0.2357523826030048,0.7981801939125435,-0.5100497903581852,-0.18164544927652093,1.376437751246567,-0.5777067797973487,-0.22873332962531515,1.2414202331003819,-0.5773282110683148,-0.18995808922184085,1.0453477897607184,-0.5479844115418179,-0.15372228158563325,0.8179645880663533,-0.18158437829512053,-0.24491555331148587,1.3283642456856322,-0.2654180963609282,-0.2438341619276381,1.1843726141269073,-0.2724336070688404,-0.14041756171532693,1.0053328571160032,-0.25174675156865806,-0.0752444640698687,0.7967385809405602,0.13324166023110104,-0.3094108626125765,1.2131725390014236,0.06411617290061801,-0.2707908122270114,1.1026631679983945,0.02205362666968865,-0.1572253479735058,0.9342858246724105,0.02099203566562239,-0.07783343184687552,thumbs_up
0.0,0.0,0.0,0.09498386523105855,-0.5537362152233932,0.0020077387519728297,0.3021288278492137,-1.0522489431899902,-0.06684548166851706,0.3903688922939644,-1.4484917936190576,-0.14874453359932555,0.37768920748844464,-1.7743378750477936,-0.2091931410895749,0.7274779239121226,-0.8271339530855184,-0.1428101797255059,1.2724127428394247,-0.850114216637302,-0.23608150848379753,1.1161953392851114,-0.8201197666075487,-0.2627463171357881,0.9148235252232771,-0.7824767498219188,-0.2608117633172505,0.7922027139691251,-0.4851381771359012,-0.20366693099699373,1.3536479816956641,-0.5715327062205209,-0.2559660403835861,1.1763440945338295,-0.5717825699622163,-0.21122519667259082,0.966435149285997,-0.5335742994669872,-0.17173641950544868,0.810019726916219,-0.15503793148256356,-0.2617075284315708,1.3093817755840549,-0.2586564971705129,-0.26191508815359876,1.146564944961618,-0.25741365907781444,-0.14891296210316116,0.9607412082558621,-0.22367629340156836,-0.08001205086209519,0.7901728410935069,0.15455908598334892,-0.3226660231205727,1.1870144284136974,0.08247375653841856,-0.2924152962397594,1.0617189230139321,0.04564729734092309,-0.18009426490596792,0.8893694666150245,0.048019922784400156,-0.10218571964739745,thumbs_up
0.0,0.0,0.0,0.09196539464975194,-0.5691763743647056,0.007893710979063382,0.2955392222685913,-1.0795383418312279,-0.054014284917269464,0.3903974108020075,-1.4761651172070047,-0.1302853205816303,0.3884774846507181,-1.8058346472879045,-0.1863159286568991,0.719077583866933,-0.882668483383676,-0.12202852465636423,1.2615803912332066,-0.9036758306895327,-0.2139032394482775,1.128385335256156,-0.8592078174483523,-0.24621735124933197,0.9345839174088725,-0.8171400703589707,-0.2474804617385444,0.7933592972442032,-0.5459343706684197,-0.18620569017870386,1.3684090827345394,-0.6118786004099838,-0.23173070906606097,1.2171044918129135,-0.6065131309117573,-0.19347169523724775,1.0111346995945187,-0.5812630192431929,-0.16025332770249193,0.8192947895702106,-0.21699323676739662,-0.24829090106589627,1.3149268083046965,-0.30229947008172947,-0.24406227357540508,1.1660303697139822,-0.29751829476322705,-0.140607040815056,0.986145190299365,-0.27464479070912295,-0.07944652363570044,0.8038070507179678,0.09533530236974305,-0.3126315479774018,1.1954407993272564,0.01961866285662304,-0.2755849445715159,1.0780507216803967,-0.007734907858947779,-0.16419185806161207,0.9111264776377312,0.000605801940940854,-0.08811313762879844,thumbs_up
0.0,0.0,0.0,0.10336066416240028,-0.5182643761380825,-0.015907530775785113,0.3161001574361039,-0.9939432133573516,-0.09466066762501155,0.40885097216300026,-1.373185270217374,-0.18109011901638664,0.3868809631037999,-1.6924060764409479,-0.24642014839857238,0.6530044024940793,-0.801745466471073,-0.19974005004807233,1.2010273995308838,-0.7838756085257812,-0.3116651886665077,1.0524898638757227,-0.7216337248857992,-0.3362798629181391,0.8495240073527253,-0.6966785149590874,-0.33078306107298505,0.6992616493694582,-0.4639732853996779,-0.25874976314280235,1.2784615496037102,-0.4861126043588267,-0.3289038102940314,1.0985029480532813,-0.4659522507986539,-0.27694739168782323,0.8823148794490495,-0.4561921588399436,-0.2336172679287498,0.7044806715906048,-0.13203819679471474,-0.31594033047306036,1.2164256893788234,-0.16794686614335216,-0.3415350194363536,1.0456126739607656,-0.15907288873468767,-0.22481609377706313,0.8545291644370948,-0.1496877736491263,-0.15180917481170342,0.678301083755845,0.18225230514236165,-0.3761159650051193,1.0776589389392115,0.16010657022910954,-0.36982708243724605,0.943714490892025,0.13120982583159874,-0.2644170556016808,0.7687920568707983,0.11039718360425622,-0.192266577398639,thumbs_up
0.0,0.0,0.0,0.20337658704466488,-0.45104804025504824,-0.045371248745651474,0.4903949993341758,-0.9057405857371499,-0.14739076848116706,0.5931787241304799,-1.2674738651710817,-0.2449918573209216,0.5538504106900582,-1.5882441106480494,-0.3236444951107918,0.5228771362397558,-0.7118338317352321,-0.33351433537140135,1.046274198943426,-0.5802558622273901,-0.4930683153181956,0.9343071385144907,-0.4991028711798067,-0.5418242401867948,0.7421573773906289,-0.517483885244074,-0.5499728325137423,0.47502023594125997,-0.3777541859220021,-0.3880453658485547,1.0483144621018219,-0.22985482828694473,-0.5018324378286725,0.9169308375204914,-0.20518377971923682,-0.4602772255578085,0.704313543647177,-0.24263354506003895,-0.43010217269335554,0.42653225248656446,-0.04189244733245817,-0.43685906530439395,0.9332314285891502,0.06215021664646938,-0.5001182044201486,0.8036173468350047,0.058766750361298574,-0.38760768637268184,0.61229552378368,0.02335939959874281,-0.3169536914282915,0.3773310733513682,0.2652392305710932,-0.4888995807875263,0.7801389020045243,0.3361507459894854,-0.5006990877798325,0.6834128583677873,0.31203691516310383,-0.40100650509648794,0.5161826348043871,0.2691031806229161,-0.33690750545652365,thumbs_up
0.0,0.0,0.0,0.21639660612919184,-0.40462036318148425,-0.11433693949864455,0.4735249265265745,-0.8509964779976219,-0.2600459100045824,0.5454702011138556,-1.220518071270158,-0.3838078863166747,0.5242886605363442,-1.5703561295643909,-0.49427730255575475,0.39501835047257594,-0.62832302522573,-0.4584163691938184,0.8863726837154494,-0.45872810377178014,-0.669262458213909,0.8580635179761313,-0.4099585089049271,-0.7709317842236075,0.6796209432296932,-0.4440856993500238,-0.8144051627469217,0.29025770242732235,-0.2988844414538855,-0.48816780401082066,0.8355557529593701,-0.06979487000207968,-0.6421157706791061,0.8125802998813023,-0.07651686997327452,-0.6343807236414675,0.6289189026687689,-0.13234759406904703,-0.6357510016362551,0.20605205550304334,0.044521982442759955,-0.5136911134062843,0.6751428115715913,0.20569999648059067,-0.6081313617787921,0.6589222370093126,0.16048276211731036,-0.5257524597219324,0.5100755243035594,0.0965085027739549,-0.47936780613690155,0.1344396300020475,0.3331195030789991,-0.5463196979416673,0.48403867235973597,0.4512221906362154,-0.5939016015627856,0.516217162549389,0.3810771087209299,-0.529682230822371,0.43186005266686694,0.30744616223495885,-0.49073431613160984,thumbs_up
0.0,0.0,0.0,0.29005210245075175,-0.5505788159163206,-0.10405140671462819,0.5181920483303283,-1.0501832042047397,-0.18326071181980758,0.5700449297361511,-1.4504447163264018,-0.2516386455862847,0.5622680522725239,-1.8046032263159058,-0.3115376946120345,0.28154217565100353,-0.7840350646122776,-0.2855223537840848,0.5679844056515766,-0.6994496092018812,-0.4620758831983004,0.5530431575180184,-0.6748167406573663,-0.5651675382606082,0.5533874571548193,-0.7274501350253898,-0.6405221659632391,0.12835294578307338,-0.44345115168159016,-0.33016389530666845,0.5357449259846095,-0.31517806533287324,-0.4811895513423301,0.49589356145895935,-0.3732230664648817,-0.5124226420408416,0.4606853449893358,-0.44726104941310507,-0.5604230591298557,0.033821600536292955,-0.12160407018906297,-0.3826074587138382,0.39190979740884657,0.02180915948821314,-0.5152150382882713,0.3687633690906079,-0.050841077440344315,-0.4840101055742793,0.36474704225519045,-0.1153034621746949,-0.4776377841645546,-0.028676694147422997,0.15265130877235933,-0.447950463224919,0.20772267606092518,0.26195627267963845,-0.5295190589895501,0.22535239958600228,0.20255968829069151,-0.5082830416210226,0.23987174882107357,0.16848381832897116,-0.5079228266016671,thumbs_up
0.0,0.0,0.0,0.28236847974058016,-0.6164146808923766,-0.09914280395747267,0.3818844916150456,-1.134848585895569,-0.16313650060471171,0.35743067660117495,-1.513214716628948,-0.21442587522295165,0.3047882124370417,-1.8914950243374449,-0.27374464754899464,0.09783863150422299,-0.8296795337856125,-0.237276064028588,0.08892223224056771,-0.813564728309962,-0.3823557688530462,0.10388225826534789,-0.8020935615020451,-0.5080761316197205,0.10671863261000412,-0.8222849606596008,-0.5973424701291379,-0.023748073889616087,-0.47571626064508044,-0.26344408860139223,0.024569522842060095,-0.4175581345782495,-0.3623932231131243,0.03343419840768369,-0.45455245596452915,-0.43018479215373134,-0.007792270893099914,-0.5027091345245511,-0.5114847712123218,-0.09582907005106589,-0.14097811135517122,-0.29107608539774527,-0.06055427427046196,-0.07128215238073816,-0.39060553106600504,-0.05842134221903668,-0.15040868249111186,-0.3920068122518469,-0.10542668957472372,-0.24655269239241517,-0.41478741352670545,-0.13190424216639723,0.13936969591563766,-0.32761875832635096,-0.16444955924494375,0.21044188839621755,-0.4000742005369311,-0.1799467454522456,0.1430493581074624,-0.37911568625602127,-0.23781560194860307,0.07030438291868728,-0.37672530907610585,thumbs_up
0.0,0.0,0.0,0.1156944974307295,-0.5067045929088098,-0.13330253675744136,-0.0032302029891464125,-0.9878734326540525,-0.2095310074337621,-0.10820548969618239,-1.4090819542153352,-0.2900912705207031,-0.13744918329396952,-1.742386043478323,-0.34436848048082586,-0.42777175059496436,-0.7554027540979976,-0.15610864172237224,-0.713179598569793,-0.7446549607921202,-0.3697449182289247,-0.4611922132152607,-0.656864858822561,-0.47690995089328786,-0.3220303022044535,-0.6955990833125,-0.5226863018693761,-0.5528042147454096,-0.3855723520181853,-0.16223981440214907,-0.8210710510643185,-0.41615423014549124,-0.34802763100406164,-0.5081318660061744,-0.320034347082339,-0.3430060285966282,-0.40078496738260705,-0.3781215781273387,-0.31177046310275286,-0.6439436756636093,-0.06914460712414164,-0.19964530842282902,-0.9368216000523177,-0.12011069197932463,-0.3455637752995731,-0.6665445173202025,-0.05351327549084407,-0.22996783209702312,-0.5415872216488772,-0.11947073910029815,-0.12748185165669626,-0.7096609713422454,0.19863781010710505,-0.2578193544211827,-0.9559162497606252,0.2326139626693403,-0.3245538837836136,-0.7908327207267684,0.2613665555368768,-0.24195393329581086,-0.6806982779355389,0.20082716166191839,-0.1669449551924726,thumbs_up
0.0,0.0,0.0,0.09202598921814442,-0.5409152007221912,-0.18045936491672782,-0.029655888862339892,-1.0483135008565658,-0.28053416948905213,-0.173303662736341,-1.4474159212834308,-0.3801526858316003,-0.21995919452911325,-1.7940078104273753,-0.4408911903591107,-0.6397146509903674,-0.8567833929633767,-0.12927846834080522,-0.971564846189963,-0.8488877108141258,-0.3624189007541161,-0.691953309933398,-0.6935179748050567,-0.4633119754651118,-0.5493995858586699,-0.7307349633912612,-0.495459866648018,-0.7600784595507751,-0.49380429723166164,-0.11677187038022903,-1.069434643559921,-0.5352176517851659,-0.3306651906970811,-0.7208584143567659,-0.38388914663958423,-0.324383232001758,-0.6274088097208019,-0.45672546378765805,-0.27274000532051434,-0.8323486493423998,-0.172544967178891,-0.14519989576855236,-1.166677147120807,-0.228093367957359,-0.33898177811632996,-0.8601099218063161,-0.11269523339770803,-0.22436657897409965,-0.7496278720413526,-0.18753981691453558,-0.09813040505371393,-0.8698668392930956,0.11409067751558148,-0.1958630723501761,-1.1390148601149204,0.1191236925004558,-0.2852306242689208,-0.934874622321927,0.17704156974013588,-0.19405756457131634,-0.8123400800328029,0.13173671671189824,-0.0967653934167539,thumbs_up
0.0,0.0,0.0,0.08432156151055017,-0.5549899576622983,-0.22048010084889175,-0.08134321609609656,-1.0756637941617917,-0.32551754176944364,-0.23757759454745223,-1.5171250533311327,-0.42267158070635896,-0.28319531453442714,-1.8644157027121762,-0.4817208154776426,-0.8374487812681319,-0.9540049759703064,-0.13547247616143435,-1.240485683825298,-0.9850775301751497,-0.36829747797757784,-0.9551926904696504,-0.7920371091227343,-0.4811630985182379,-0.7618725917576199,-0.7782941614104288,-0.5198468942274783,-0.9645309559782868,-0.597605816952619,-0.10952538610935081,-1.392356628190943,-0.6531388906032183,-0.349273421929095,-1.038438138697202,-0.47696779330649663,-0.375594853107767,-0.8453040420124137,-0.503705825657843,-0.32905165256762753,-1.0162102218229976,-0.2632724735605238,-0.12685932943672076,-1.4331469691392829,-0.3114017027858064,-0.33854558635320847,-1.1142041851992515,-0.18394347630865715,-0.2597796548237061,-0.9265325729207288,-0.21898664373753252,-0.1407550782962762,-1.0011828000075393,0.031946089114130306,-0.16851288121809455,-1.3160370088161062,0.03041875226038125,-0.28193071334727526,-1.1147319298112612,0.08823242278800705,-0.2202614520927747,-0.9517606157576545,0.05313451486614018,-0.13312412828692,thumbs_up
0.0,0.0,0.0,0.07088126348748708,-0.5625916704010979,-0.21671793629294347,-0.11324084736262421,-1.0756993047080152,-0.3120543599182851,-0.2891129237805887,-1.522317698478011,-0.40538248942007193,-0.34459197976197087,-1.8793299687833755,-0.4633497327624795,-0.9066159501551259,-0.9666215907369723,-0.057582193681964454,-1.2987035721889502,-0.9951047691619406,-0.27350321724597554,-1.0446124834863608,-0.809030840617515,-0.39459440858924044,-0.8446132529837915,-0.7761762373772305,-0.44023780686264546,-1.029502114980609,-0.6130359261085775,-0.03137896533658147,-1.4717762272723927,-0.6808157264465332,-0.26909933111704815,-1.1403572362671273,-0.4994335525964393,-0.3235948983300074,-0.923100041026656,-0.5049438425345056,-0.2897327912056707,-1.078211314678733,-0.276741144733296,-0.0512366084520315,-1.497984563040914,-0.32610428709909794,-0.2607971275759992,-1.1922268059314767,-0.19584013973566308,-0.21665472215591117,-0.9786010426848457,-0.21140539977032943,-0.11442150864516248,-1.0564423583212563,0.021352758521880774,-0.09577555203890874,-1.3671525231635995,0.013829626507500133,-0.20782387324886958,-1.187287103590407,0.06445329774817837,-0.16870679921691242,-1.0199168593700654,0.026126135733461696,-0.0956760505327692,thumbs_up
0.0,0.0,0.0,0.06200536850001772,-0.6054865433865875,-0.18850349261422422,-0.1380274440897049,-1.135164603922342,-0.264970788346557,-0.330762082905072,-1.5553383207265983,-0.34504830273407694,-0.37216811595153765,-1.895016586211748,-0.3902868602785617,-0.9297259674478927,-1.0121897040879435,-0.02130011033237309,-1.334207335311451,-1.0608179754774492,-0.22343814757134034,-1.0774445249295619,-0.8883292803006658,-0.3394229475703549,-0.8696633777521467,-0.8556770448350035,-0.38420192538742604,-1.0526757501780868,-0.6596452506506708,-0.01080370412513591,-1.537486484943028,-0.7410005246997495,-0.23388048629118413,-1.2141080518491,-0.5707922289372408,-0.2848805229953356,-0.9922360145068072,-0.5788678647045264,-0.25040257584867953,-1.0986040302187414,-0.32825835544023624,-0.04409049025015291,-1.5388037699701178,-0.3915090650138281,-0.2455905573015284,-1.2367116932769129,-0.28015579088291476,-0.20012242893785026,-1.0320143034358433,-0.30254856545915143,-0.09823760336645007,-1.077316018815028,-0.026285341609209412,-0.10010217111029483,-1.416841050493908,-0.05976001620788881,-0.2056119886723977,-1.2287145241219866,-0.015920739353346928,-0.15569751223842726,-1.0553091519948612,-0.052663363385870555,-0.07671793413609611,thumbs_up
0.0,0.0,0.0,0.02579169025788078,-0.614241568419896,-0.15804723900523207,-0.19874597829677126,-1.1302517779429282,-0.2185581259468529,-0.3883528384310021,-1.535369499248586,-0.28419446622626343,-0.4247736757246434,-1.8677443324115948,-0.3095319642444087,-0.9223984342693916,-1.0270199433010514,0.0059719918271926575,-1.3050107806424573,-1.039246725872936,-0.20230412971492914,-1.0235547735497152,-0.8593142731478604,-0.3150740013912513,-0.8237031318914819,-0.8416150351510473,-0.3549581708907557,-1.0296054432835096,-0.6761767491080128,0.011492234153436517,-1.4695262758495118,-0.7238435607018218,-0.2171312106354819,-1.1097367342643631,-0.5473647134419048,-0.2537613811094177,-0.9027671764615643,-0.5647174148630991,-0.2079025427568862,-1.0716937608282897,-0.34131500640232904,-0.026096883926238167,-1.4792081314429844,-0.37780091730632404,-0.22877340874086066,-1.154483661600824,-0.2637543190352982,-0.15754035821163148,-0.9575597443939573,-0.3044903991167339,-0.03875228010487301,-1.056763483353968,-0.04020843502398917,-0.08430026701487332,-1.3569060048753054,-0.03478772487958318,-0.18369062709313125,-1.1561038376947517,0.00515884766418736,-0.12025870436566596,-0.9989275481084354,-0.05493388742957686,-0.030800583827044026,thumbs_up
0.0,0.0,0.0,0.054718293750124145,-0.5175883629582763,-0.16968980769717149,-0.10633347504439593,-1.0460021436252371,-0.2456142372408511,-0.2619208849529121,-1.4385380949778366,-0.3102986860838283,-0.27450848021240604,-1.7622876422264055,-0.3309411618649032,-0.6409080857855456,-0.9834451980111675,-0.11467607889353974,-0.8482389978282404,-0.9464559116687813,-0.2947963490721892,-0.5764467016338062,-0.7476222340736762,-0.36024770705742987,-0.49600293899968984,-0.7831638897708741,-0.38777670479353155,-0.763520435514833,-0.6344017902746717,-0.10159714930387684,-0.9887208287537987,-0.6586211871281697,-0.28444114324344183,-0.6589914946216057,-0.4938000383413453,-0.2632348287300536,-0.6103110717007458,-0.5694528584192193,-0.21127679577665057,-0.8335850438626148,-0.3088972142686027,-0.12362194480126329,-1.0714290610286383,-0.32461383635969626,-0.29502765721571206,-0.763189267664767,-0.20817286117472958,-0.17890282624487164,-0.6974720192483684,-0.29443806492066293,-0.06309667507578447,-0.8656102081308343,-0.010359316384900433,-0.1657918611251902,-1.0322052406175126,0.02820699376157728,-0.24032200789375424,-0.826406761780641,0.06578677043133409,-0.15152576270657744,-0.7505745069906966,-0.0033677965281392547,-0.0642173601269553,thumbs_up
0.0,0.0,0.0,0.06530151431174819,-0.5175476242587195,-0.17462023129244816,-0.0791485986868573,-1.048594920103085,-0.25352973921746796,-0.20110275569140215,-1.4588520873628723,-0.31692548369111173,-0.20869516528630577,-1.7962663580806835,-0.34552501034846644,-0.695565564611792,-1.0025934841545896,-0.11466438904200646,-0.753727870557061,-0.8201537648486272,-0.279261287955871,-0.49469945499141105,-0.6850048558766192,-0.3575316870281151,-0.44599570226346347,-0.7688981104998182,-0.3992952292220331,-0.8234490302733503,-0.6707115043052192,-0.10057196883124722,-0.8315492243752685,-0.4987204824461177,-0.25687838779983485,-0.5152889077401224,-0.4173725510030382,-0.25605826070434057,-0.49669450049323555,-0.5298567758657347,-0.23068150327677356,-0.8680985077514889,-0.3308905910499609,-0.11797140009487879,-0.8875514904130724,-0.19255629439319308,-0.27443177902374055,-0.5917778606145037,-0.1449148709472526,-0.18819964424763064,-0.5628828597353019,-0.270342622459341,-0.10294608586860636,-0.8670656925549736,-0.018261040317386634,-0.1556198053498922,-0.8902125585911141,0.10012457927809304,-0.23349420895881406,-0.6673972147410528,0.10816734537028938,-0.16093336306365683,-0.6117347162777955,0.01659971733645369,-0.0860819863325971,thumbs_up
0.0,0.0,0.0,0.03945435026483343,-0.5523260395049365,-0.16912188370993075,-0.11827589028767148,-1.1070463322585093,-0.24759496520125743,-0.2555243292144261,-1.5155894637657847,-0.31536030961773875,-0.25732222110054953,-1.8487716026150314,-0.34554298390563337,-0.711186797704962,-0.9882063758698026,-0.10734286052430476,-0.8657394414221944,-0.8418097536421003,-0.27980217163000587,-0.5835810632705312,-0.6991263525011091,-0.3480726799944866,-0.5151738275952067,-0.7926857250017771,-0.3787282459058784,-0.823682203179747,-0.6463691069445535,-0.09566861664511761,-0.932736144853323,-0.5179484676452243,-0.2698906457850417,-0.596381180059704,-0.4318573743612561,-0.2556786893440706,-0.557778250324735,-0.552396501893615,-0.21254341325400378,-0.8719511413741287,-0.3143187702134544,-0.11767102506039841,-0.9812390401976135,-0.2034241821314578,-0.2835069289727643,-0.6676063607947548,-0.15168350332823194,-0.17791059873113607,-0.6209165874883072,-0.28333073284246163,-0.07353215881088045,-0.8834284369133459,-0.004568311532652573,-0.1601536180446581,-0.9657624536134829,0.1132308566566163,-0.2314069883225754,-0.7385251035373759,0.12126063303309753,-0.14631605038597997,-0.6672355157751737,0.02321882503597871,-0.06162290268091225,thumbs_up
0.0,0.0,0.0,0.024317137316056007,-0.5338632478647287,-0.17505982817932156,-0.14765562928114126,-1.061566108337299,-0.2554677691644758,-0.2860333220106402,-1.4818397334995654,-0.3243887804833575,-0.2865561171611051,-1.8149191789360148,-0.35129223962858636,-0.723864014973118,-1.013249173806926,-0.1013473213314328,-0.9095549408254897,-0.8787731322940079,-0.28264833421997315,-0.6128189158749996,-0.7255874437313623,-0.355607203660532,-0.5357950330669148,-0.8256884800751081,-0.3865743614785796,-0.8293389792683126,-0.6623616898840902,-0.08298695239796942,-0.984604061514753,-0.5748926029615664,-0.27221838509756785,-0.6291193168723245,-0.46459606382915,-0.257551242935293,-0.5785258751206764,-0.5831006500273458,-0.20712234202639662,-0.8768029036052112,-0.32809774985074996,-0.10095952039353269,-1.031223317169423,-0.2499929159875416,-0.27684157703690254,-0.7060782809624536,-0.1760102393773223,-0.167632245093044,-0.6447018038909154,-0.30463996953020317,-0.05359296279999267,-0.8879863314648955,-0.027548747574964977,-0.13953809188536523,-1.005291372078518,0.06974518889739817,-0.2117334070404149,-0.7776741973331937,0.09318265945143367,-0.12490118770135615,-0.6977630636108869,-0.006581815047267831,-0.03567383827763477,thumbs_up
0.0,0.0,0.0,0.03353887981314049,-0.5410955207046977,-0.2115912207450022,-0.1206012958829535,-1.0882765027146142,-0.30964302163498325,-0.24667814146686315,-1.537560603468173,-0.3912983276338738,-0.22127672655288538,-1.8810386956195482,-0.42313887577564496,-0.7164716578085419,-1.1298741430376857,-0.11965553320098601,-0.9998819911509139,-0.9480757277725372,-0.3404553633086384,-0.701191627349757,-0.7580230237437279,-0.4314881787537759,-0.5580619112334778,-0.8656587671586996,-0.46028872244919106,-0.8319470221629455,-0.7638407004764284,-0.08238963311253521,-1.0899249329584737,-0.6643538009084601,-0.3107095846397791,-0.7165232423720865,-0.49969208109144114,-0.2970134326019989,-0.610709647804676,-0.652409698658314,-0.23021839241727723,-0.8998437815600625,-0.439185663843178,-0.08933982926176046,-1.1665715342977152,-0.3529059297356761,-0.3013883535730611,-0.8406642444545931,-0.226570782035782,-0.19260768650311116,-0.7206847132465698,-0.3769830247701243,-0.06053577113089235,-0.9259919399260877,-0.15207053473299706,-0.12081956400588002,-1.1269934675672413,-0.04959324767248661,-0.2227567896075708,-0.8971818663618559,0.015491299590360979,-0.14547291977696622,-0.7648169193765971,-0.08601043234193811,-0.04812420155322918,thumbs_up
0.0,0.0,0.0,0.037398953121863324,-0.5675741145943499,-0.19626675031914834,-0.1257690248689888,-1.1476392992495543,-0.2903607211001125,-0.2525544184377728,-1.6166770739710488,-0.37311247186694807,-0.19800863638779637,-1.9671346617828205,-0.40760241952701,-0.7484397937457007,-1.1341435748380526,-0.12425927897990549,-1.0732948773016535,-0.9989155108545996,-0.3572911761456957,-0.7565017478130641,-0.7938468943481635,-0.4548212484630425,-0.5832443398849603,-0.8697169613613557,-0.4860296147939137,-0.8600098361577346,-0.7618305853855983,-0.09981414993804173,-1.1586015474724671,-0.6842244121190346,-0.3392991767813933,-0.7748307332636583,-0.5145617209929998,-0.3300103183705455,-0.6418589720550583,-0.6504719969030979,-0.26659543381467427,-0.92504482512817,-0.4387750442618772,-0.11906732804450061,-1.2342133031595344,-0.36511918778592195,-0.3376399087165001,-0.8991129292581762,-0.23815152688632885,-0.23138765962833344,-0.7583478498194512,-0.37724016383302017,-0.10075071463426709,-0.9482064759729846,-0.15501935759462365,-0.16179645893985997,-1.1835516220452376,-0.05538067761212503,-0.26713382232328575,-0.9453215693099598,0.00727798614176438,-0.1912710147319702,-0.7949281883389986,-0.09521740664648788,-0.09643544747155681,thumbs_up
0.0,0.0,0.0,0.014484977117875287,-0.5912959548345095,-0.19311305631832612,-0.15414153199280314,-1.1603465655809122,-0.29451855965435564,-0.2900376114864665,-1.6214072206700232,-0.3866466231602701,-0.2496595046088734,-1.9834796531894687,-0.43237326538229626,-0.7869844034653829,-1.1217363032361651,-0.12061310603748637,-1.1108187462338057,-0.914597591598263,-0.36423432037075537,-0.78996227846829,-0.7505506341269101,-0.47106750133085956,-0.6339891432911262,-0.8683663416610139,-0.5081437008649803,-0.8859580949935405,-0.7425476877290558,-0.1033650872102228,-1.1929052916666392,-0.6090677151506142,-0.348554313364784,-0.8039385702827642,-0.48566022560275274,-0.34311639234495245,-0.6837495581529824,-0.6418631884772363,-0.2818925426306188,-0.9386652469122153,-0.4188957243591512,-0.13030346963045272,-1.244613755746165,-0.30377428939199297,-0.355223690727104,-0.8948279613507473,-0.2078812775141458,-0.24512114899098658,-0.759514408575495,-0.36142555404578497,-0.11074489781830904,-0.9490230128393394,-0.13678949141984673,-0.180806685138781,-1.188283530811505,-0.005652673997219624,-0.29288898242973577,-0.9381853271399626,0.038690924452709476,-0.2136702665443078,-0.7852996923060619,-0.07613633106187938,-0.11394370396251069,thumbs_up
0.0,0.0,0.0,0.02719732575552191,-0.5607960181172675,-0.21250504747641732,-0.16580621637433393,-1.135819871613133,-0.3069957294997319,-0.31485562696532093,-1.5978640322151316,-0.3872586256621962,-0.27402150966639627,-1.96401014213078,-0.41834866534987936,-0.7974787692513907,-1.105233749283766,-0.11797747473115067,-1.112301516432314,-0.9293538404113795,-0.35075812831994496,-0.7923660618130616,-0.7378136467582065,-0.45090445512500327,-0.6289348156484821,-0.8402012953722826,-0.48600748735373583,-0.9049893259597989,-0.7343347278837538,-0.08700648808810289,-1.1983841591920246,-0.6154453889218974,-0.33585301394872974,-0.8090823620788826,-0.4628625899341122,-0.33469169897345213,-0.6764785877454076,-0.6142125950779783,-0.27250691541206506,-0.964835980515636,-0.40972806606365536,-0.10169462806883002,-1.2596560335589027,-0.2987457210364469,-0.33106492010470534,-0.9151810687680981,-0.1816802197537048,-0.23063116753377993,-0.7790142944247681,-0.33907455923899665,-0.09976781823360927,-0.9804227809590039,-0.12238648036742099,-0.14127413895602367,-1.2016662945375676,0.0010069929149235924,-0.25683482064847907,-0.9514761912522334,0.0680849222218402,-0.18576489432548984,-0.7980779339971901,-0.043477374665103895,-0.09127163118958231,thumbs_up
0.0,0.0,0.0,0.009415360119766923,-0.5159666865663842,-0.19047749725572916,-0.19946158950605625,-1.0465716401114549,-0.2688490917014813,-0.38167928449003335,-1.3917721389939883,-0.3235306990232411,-0.44895497825941055,-1.6978940506116962,-0.3409654823434789,-0.8265051659995732,-0.8094886630930404,-0.15490840327593525,-0.8099019368859066,-0.6355495522100386,-0.3204444358793342,-0.5456717872675485,-0.5676932724823132,-0.39380422080662003,-0.5057395256349915,-0.660829528325561,-0.42794336698146596,-0.9322915141717294,-0.4641155723357767,-0.1305209938691137,-0.8604180129125105,-0.27456964091547703,-0.286977929214166,-0.5609729308452771,-0.27458347739488576,-0.2852251112585413,-0.5499490799942444,-0.40122149106547966,-0.2588993203219193,-0.9479548640097696,-0.12363331293162275,-0.13585979262176495,-0.906167057664925,0.03546144025307838,-0.2893320423325171,-0.6291388928292428,0.007765177891335347,-0.20982440010373174,-0.6152436083830178,-0.13758194064714718,-0.12848708828944785,-0.9237422994570555,0.18574526899744692,-0.16228134656061058,-0.9157078563940686,0.31350039632135684,-0.2369013207103616,-0.7134019600748187,0.2796672912239594,-0.1675509060227995,-0.6750292153187781,0.1784913126084765,-0.09375542560636874,thumbs_up
0.0,0.0,0.0,0.049320910552509305,-0.5236086090846029,-0.2045973178608434,-0.13360648067050584,-1.0395653862569567,-0.30876234310248574,-0.30569476466255535,-1.3371018349636727,-0.3869841180037702,-0.43361554786472456,-1.6424547011031712,-0.439388653353855,-0.713486948965054,-0.6827202662675749,-0.24089568241839543,-0.4411770669595625,-0.5731969711079787,-0.4231089398574019,-0.24500280787150946,-0.5522039484847081,-0.5157328413443211,-0.3059282180650914,-0.6180221165837186,-0.566566578763003,-0.8147192485277878,-0.3012640317882847,-0.21651752007745156,-0.46827875789101475,-0.2196275214149727,-0.3650168327864955,-0.2594497203740795,-0.26828625420584507,-0.3757901668314218,-0.32311729271485096,-0.3458102187546462,-0.37804567714154735,-0.8096355783925033,0.029752319817752053,-0.21652941940136725,-0.5272898153139874,0.11449224360789866,-0.35816336705190716,-0.32040616470182975,0.04043294374557711,-0.29650386010598917,-0.36297209494974136,-0.06395751484145663,-0.24526029340848995,-0.7634311574369558,0.3160300030859563,-0.23903141141767306,-0.5743818473765635,0.3988039667812587,-0.3168867263708952,-0.4058152402163478,0.3277051140997153,-0.270206463220522,-0.4094607048867182,0.23189541926116078,-0.22348313585026347,thumbs_up
0.0,0.0,0.0,0.06144679632865004,-0.4020037313495353,-0.12890585103307414,0.04062315090494831,-0.8555876308133612,-0.2110218716847276,-0.03083973406091329,-1.1910747530753614,-0.27539022722656353,-0.14854957839073013,-1.4823996808437665,-0.3443602515582763,-0.20640388382748664,-0.6349763656341652,-0.3212732968672152,0.24648296038800566,-0.5659288507138377,-0.4473680069376182,0.18023998869134525,-0.530607544273487,-0.5368801982307235,0.03760865899307792,-0.5233361506820553,-0.6093629825595911,-0.30232355066290967,-0.25676340514786344,-0.31145675549691637,0.2677895518033214,-0.206614472603154,-0.36919952569306486,0.14668020295201742,-0.21232213251994947,-0.38205412219500384,-0.029129580378879166,-0.20993460627910085,-0.43656465072511075,-0.31552311430249674,0.06912688576586776,-0.30021011871283176,0.2038414536870906,0.10305728214687153,-0.3411870579607919,0.10689812697481044,0.10504091319791439,-0.2859979567078754,-0.061839810031567216,0.11008800285182627,-0.2802478509911212,-0.28775323971909283,0.36166733962847447,-0.3121296074380161,0.09514148050102313,0.33800522634551183,-0.3708331089122139,0.03846541606368807,0.3110428220979874,-0.35849638317414534,-0.08777967455529655,0.33945950506379813,-0.3578276117906288,thumbs_up
0.0,0.0,0.0,0.05270646974720458,-0.586526102484945,-0.09303258903642453,0.07515660895245042,-1.1000396007937925,-0.15946314733986433,0.06855764007108321,-1.4932559480666805,-0.22193896968549967,0.05797439428030587,-1.853048584376459,-0.29439343232903975,-0.15197489130763994,-0.9142864251025218,-0.20803883468796433,0.2865617447966255,-0.8555223587501483,-0.3564148754783785,0.4454614779673976,-0.8526516588644846,-0.47942753902758356,0.5155148209039546,-0.8899405809167922,-0.5704208040820272,-0.2384101166813073,-0.5595326018233153,-0.24161133692571216,0.3301273708036933,-0.5664666278268495,-0.3356300587316565,0.4954464901104715,-0.5979275567840391,-0.3924916960007519,0.5589915575521314,-0.6254491455187856,-0.4725767852970696,-0.25822735963629917,-0.21078979843723894,-0.2825115531854777,0.25651779750146375,-0.24967282485932782,-0.3974857773474908,0.41635431299324316,-0.2961813118552182,-0.4048312446409107,0.48032217889841083,-0.34586751143021166,-0.42835010618418945,-0.22429917696110654,0.07526665463476763,-0.33275411076576306,0.16165153123873097,0.0807423703444649,-0.4247489801321766,0.3014807248696979,0.03609039172984243,-0.42030156014249254,0.36233680720364847,-0.007685157486414688,-0.4251242588692293,thumbs_up
0.0,0.0,0.0,0.12287550545659372,-0.5667886744959895,-0.06193327437466818,0.3669985404266357,-1.0791649955487153,-0.14032953922916824,0.49751658197680526,-1.4205547139048378,-0.20586304749936934,0.4925902554353316,-1.718262990935702,-0.24589695875409967,0.5059451767316436,-0.7431646245893307,-0.3264302206961481,1.0656700912031374,-0.8077519959261108,-0.4717557179898351,0.8925585054389517,-0.743351044323209,-0.5012240005977413,0.6658048095001794,-0.7093237224292949,-0.4985903171101403,0.5145924950009599,-0.36112800129804623,-0.3648345366124815,1.0732214364160617,-0.4582930623743231,-0.45655830345733195,0.8879282968863097,-0.46827762256138644,-0.4019533891968991,0.6838865141932182,-0.4362739979229657,-0.3759496449961101,0.5161067347165769,-0.025689581522012794,-0.400828477337053,1.0019034377922218,-0.12755080470298957,-0.4449476601267677,0.8365531718148591,-0.14981955045856649,-0.3316109815720597,0.658222169999799,-0.12646391708489121,-0.2722782113284348,0.5015707064420836,0.25006894958669773,-0.44248163662545686,0.8776634341029999,0.1560447581783249,-0.43590466260731775,0.7545944424605218,0.11750903990444739,-0.3402638099914523,0.6022626000648895,0.12805824325657855,-0.2881953944724279,thumbs_up
0.0,0.0,0.0,0.13881887097466736,-0.5976211617667674,-0.024933592594714185,0.37685616864583726,-1.0597947289333987,-0.09752204197263635,0.5263501484820138,-1.4358276872969598,-0.17170802199883695,0.5434803341242557,-1.7632084862243564,-0.22970334154665709,0.7431440874571915,-0.6654043251929612,-0.17340135079789612,1.1749401877826626,-0.8347517767843814,-0.23147681461598593,0.988684903675944,-0.8543577097834162,-0.2365891825365047,0.7973208945700824,-0.7964142119165265,-0.22959304198277583,0.7994994515015431,-0.28267198944479266,-0.1954545286670327,1.1939499409575138,-0.4852695087924486,-0.22756762267211664,1.0143961930036254,-0.531082888015694,-0.194052723526721,0.848270343189959,-0.46049188672110736,-0.17461317309102112,0.7985877317221342,0.04807648791009725,-0.20724486618728327,1.151574759923705,-0.14900393944961185,-0.19757949867479735,1.0105244421961195,-0.19033427666360875,-0.11394618672660883,0.8603515297538874,-0.12885183809022083,-0.07121392631466308,0.7749945538156763,0.3330209407040403,-0.21958074242715847,1.0954507438738916,0.1970710726974105,-0.18227590079503164,0.9902460528956974,0.13295421730285745,-0.08591008954216743,0.8515944864582934,0.17128890381308198,-0.022789507087862516,thumbs_up
0.0,0.0,0.0,0.11364647121714976,-0.6003933323975801,-0.03579477169493408,0.3267601483926518,-1.0639206593666743,-0.10378641458345457,0.49769312904895924,-1.4415207938795016,-0.17456539547145497,0.5314783191633335,-1.7745680200380247,-0.23157233559438245,0.7927019365945693,-0.6794636312979411,-0.11148650508655844,1.1212986479365339,-0.8468314975593432,-0.14609884196932507,0.9460639438208339,-0.8602939926012754,-0.1539699851290966,0.7783812276999477,-0.7952762107665707,-0.1576939021514955,0.8628715732478804,-0.30285029576127986,-0.1255244989217506,1.1417936470744345,-0.512048004847819,-0.12438277783342441,0.9798502360934094,-0.5460841196460062,-0.10229768587396051,0.8341504326820816,-0.4608248350596833,-0.10301922062888315,0.8675384784579466,0.027301193416550285,-0.13359289395709814,1.113751435960592,-0.1802667910764398,-0.11608707414988821,0.9817801151037595,-0.20171846353300632,-0.05676875328798871,0.8427424906327875,-0.12587160998517008,-0.03626473022981549,0.8452598199643921,0.3186221796208517,-0.14408072141798914,1.0963399080836602,0.15708326069967712,-0.12106601641986246,0.9841949437226499,0.1172615501171774,-0.04556084339522148,0.8494814532611622,0.16999394186886124,0.004612717673970021,thumbs_up
0.0,0.0,0.0,0.08718350437428335,-0.6183549496885294,-0.050548250782526186,0.2927331550872402,-1.112602923889223,-0.1212709657111566,0.47930594515255126,-1.498676140746392,-0.192201586099644,0.5457476335054833,-1.8288218145389565,-0.24780911289814875,0.8364180206206281,-0.7739514501736138,-0.08517167584625691,1.110085500389383,-0.951263326646359,-0.11825649893707672,0.9525350771458279,-0.959395727017108,-0.1459445198131605,0.7923425119284879,-0.8938565468938139,-0.16585016696738805,0.9148077387774849,-0.40601154355849933,-0.09225201801801866,1.133859865001444,-0.6042919969143141,-0.07802140983690134,0.9861497293521443,-0.6252053953210321,-0.06764277778437337,0.8421078285759038,-0.5407883734597092,-0.08065898116206731,0.9192068994948154,-0.07522338065773357,-0.09806874119308726,1.0954533778522553,-0.26666170294597524,-0.07383190252773693,0.9707753429276595,-0.2788402729593134,-0.025852126888504395,0.8341485223295998,-0.1989917265920704,-0.015253533847494529,0.8976049039380135,0.2238961161650264,-0.10875980129017036,1.102371473808504,0.06771684026532657,-0.08659247437045917,0.9982515786072679,0.038558416926539704,-0.01960079644416849,0.874772730706391,0.09676717426002783,0.025251261905202164,thumbs_up
0.0,0.0,0.0,0.09017677598779626,-0.6233819828316686,-0.030558650674201333,0.3082954077993756,-1.1178210673864548,-0.0855398106023904,0.4998520049319872,-1.5035508846970518,-0.14244937398322505,0.5640902122948457,-1.8265539162304247,-0.1853482257336403,0.843308889397806,-0.7797871472020488,-0.06507497214971303,1.1121276616842308,-0.9316137792377035,-0.07791315677497428,0.9567927311070751,-0.935484030327278,-0.09005584753313194,0.8010898960386093,-0.8786370204748729,-0.10143067367688283,0.9189376281296352,-0.41090356122963645,-0.07350061623219195,1.1305496699942952,-0.5920360737763141,-0.0379677301703649,0.9877792915895222,-0.6113560815221948,-0.017356862766609634,0.8489159919230999,-0.5325397051907342,-0.027935997217589482,0.9214017326295719,-0.07896889487689744,-0.07785861860760254,1.0976629516335756,-0.2615380577223002,-0.03740773891722845,0.974585321419873,-0.27593655240444864,0.01219098036651317,0.8370857607475279,-0.20120692909779256,0.01974967436549688,0.8991991243749337,0.21844970865411312,-0.08506149872653108,1.104476066657178,0.07315012637025338,-0.05068249334769142,1.0011309882549402,0.04148876432336102,0.01692143183832954,0.875369031641548,0.09539625820980897,0.058991104949712346,thumbs_up
0.0,0.0,0.0,0.10187686013990019,-0.5979152128840837,-0.03860613231854745,0.3161373748434144,-1.080457954569248,-0.10284100853135933,0.48885489421974104,-1.4668836428876562,-0.16918653042824794,0.5333200246013766,-1.8027076431194424,-0.22251271677272197,0.8349867554923508,-0.7375427386665385,-0.08889309144718821,1.1134979369774771,-0.891883184811881,-0.11875499613944508,0.9691219417315442,-0.9061271113894072,-0.138194876525319,0.8153282845492298,-0.8493203317508071,-0.15173600702460358,0.9013330761790102,-0.36678944456890605,-0.0999998522369973,1.1428267189577828,-0.5431296260519071,-0.08664646627548177,0.9989582446328176,-0.5751227076406799,-0.06950997723001788,0.8539595175123249,-0.5018841046659874,-0.07565276317988279,0.89638345061328,-0.03556054616462659,-0.10751663762908169,1.0988605890728942,-0.2099158392574485,-0.08313264216922892,0.9765050745453309,-0.23670701663291516,-0.030569123511641913,0.8390372910761914,-0.16858733634868453,-0.014873630953330696,0.8652127751884111,0.2615666508828884,-0.11833482114340207,1.0932337750082377,0.12969345204765795,-0.09115055237578394,0.9948247275261326,0.08427218188717721,-0.019268139593840324,0.868226041736697,0.1282331254268879,0.028729321637485213,thumbs_up
0.0,0.0,0.0,0.10392476700018903,-0.5983794851685399,-0.03666073354126438,0.318109154649214,-1.075637104008962,-0.10224703095811863,0.4820177759343928,-1.4676142143248925,-0.17114325873048397,0.5088151327228142,-1.8064115724228982,-0.2267874947180412,0.81772672090769,-0.735469183573167,-0.0989597008446297,1.1303346629178401,-0.8902326663076344,-0.1353324606371503,0.9741467026152584,-0.8872364668182409,-0.15321337705659824,0.811747335950016,-0.8231732746580792,-0.16295989119901036,0.8885739363594855,-0.3657029171762527,-0.11354478155821843,1.1590480554432738,-0.5416614065245706,-0.10547897014424523,1.0088108492519172,-0.5649661718754302,-0.08736883265828238,0.8631028942370689,-0.48640312922030826,-0.09135054213578327,0.8897284659467982,-0.0342447233276448,-0.1240637243323355,1.1183256960639134,-0.21141835041874477,-0.1016436451649425,0.9929077154517982,-0.23351764558536336,-0.04903953098803524,0.8548215148590877,-0.16151441322955645,-0.03266919092504306,0.867430985830087,0.26254783656760555,-0.13757981940810615,1.117339233263546,0.12310594680409231,-0.10908344730439395,1.0165251891385452,0.08164922480478257,-0.0361179675232192,0.8856115733249859,0.1313858388653748,0.012135825921593527,thumbs_up
0.0,0.0,0.0,0.10384817894885641,-0.6059513539721518,-0.0287281777138979,0.2976808195763262,-1.1159760105375944,-0.10492895998344551,0.41684566215437713,-1.5445224641389044,-0.1866185121010886,0.4105679292665132,-1.8979655356688394,-0.2541265383610406,0.8114619197596875,-0.7748432481996013,-0.11010685024444221,1.138672861967366,-0.9718471804154947,-0.15382742501964983,0.9734553176394115,-0.9628183708175314,-0.17577701041175478,0.8115991174808889,-0.8902617683031009,-0.18774204101486403,0.8902445248736602,-0.41094466071407415,-0.13136570274458723,1.1726941482536715,-0.6213444884623437,-0.12669034365177825,1.012498565321711,-0.6411751820333581,-0.10466728625596987,0.8704366975895127,-0.5557182451543877,-0.10673233921720378,0.8963307057518688,-0.07882196511595665,-0.14699491524667893,1.1388055614026265,-0.2833755205695391,-0.12142174967192382,1.0061147478570711,-0.30361330901821637,-0.05849167235701357,0.8670663568481988,-0.22529290278468414,-0.03666715454264135,0.8776298316663755,0.22146111287725326,-0.16487387986217164,1.137146818461873,0.056980537729303504,-0.12932957235623976,1.0333383743721622,0.012947566366920668,-0.045659995424505856,0.9028798352248413,0.0679128719946444,0.008802008820705602,thumbs_up
0.0,0.0,0.0,0.10675320486874389,-0.6257486114826191,-0.01750372350912089,0.2967765223335408,-1.1491857754322274,-0.083361746591789,0.4187035918578824,-1.5824051239011494,-0.15617786316431045,0.40511062128293035,-1.9322475068901341,-0.2144044726895383,0.8308415837233245,-0.805191228010723,-0.09002054787948108,1.1604045730960022,-1.0047372895901518,-0.11390122939707041,0.9909302356754037,-1.0038673636379647,-0.12198226191982627,0.8285429252177189,-0.935584972687775,-0.12788483363222022,0.9167550780864184,-0.4403554597954571,-0.10943596820260285,1.1913205483091254,-0.6641899747830001,-0.0862018197870927,1.035808824478753,-0.6898595866690225,-0.05729104112048459,0.8940237317211949,-0.6008326333642032,-0.059517636464835565,0.9287037224800446,-0.1086440855842618,-0.12113781028039373,1.169834056919753,-0.3208403203850788,-0.07736701190721983,1.039641180561522,-0.34600851661810444,-0.011391121456667413,0.8977201618739346,-0.2672515224710501,0.006749713780636153,0.9132995388874529,0.19040202220873947,-0.134683348369346,1.1704668676384447,0.03596826651790462,-0.08730445399926264,1.0671978974427836,-0.01726561368993662,-0.0022712666067858916,0.9353584294710595,0.03118216349276386,0.05010545209072408,thumbs_up
0.0,0.0,0.0,0.10869544584058084,-0.6278854815504902,-0.01979713396672018,0.29471141100935583,-1.1518055469932265,-0.09056149204988419,0.4140690150332634,-1.5767095734564938,-0.1683128028667383,0.39698391516754866,-1.9203508267183251,-0.23300871957605523,0.8065287495621842,-0.7974766387568012,-0.10702791391592559,1.150850542179155,-0.9870032871113438,-0.14761686054515044,0.9814509858601587,-0.9807880692872186,-0.1678590630942106,0.8156262296579099,-0.9135245343025745,-0.17956910893369177,0.890505806175109,-0.4330195051424037,-0.1296072910850526,1.1813278316578208,-0.6488655912350401,-0.11833190929375054,1.0273463349990577,-0.6696447262119566,-0.09534890713897477,0.8839763778939003,-0.5807111683673046,-0.10009545823011344,0.9048593747999483,-0.10107602973271118,-0.1450435828258058,1.1492386200371476,-0.30563603616160673,-0.10943006082807658,1.0216069322943109,-0.32725356562782976,-0.04736958491341168,0.8812350978798933,-0.24725813293348517,-0.03089073394749143,0.8941975915694343,0.19713069139708958,-0.16243940140053534,1.1417841831668876,0.03632317878223342,-0.1204021526629664,1.0360939841204888,-0.0111203505205058,-0.03818411686740055,0.9065702844845213,0.045152567616843664,0.01240480516658282,thumbs_up
0.0,0.0,0.0,0.10332871739707165,-0.611649112978471,-0.029702823167328585,0.29142751486317364,-1.1186777747112344,-0.10773095030335336,0.4125345010157362,-1.5305325521291635,-0.19213641203729845,0.4150750465914267,-1.8729171357304983,-0.2622069836547457,0.7912759716882362,-0.7854319028239112,-0.12194410440260649,1.1499424700823335,-0.9526424278112949,-0.18027702521904032,0.9851189330804988,-0.9351213217670048,-0.2093251954053335,0.8168368351267299,-0.869884137182263,-0.22256442667741433,0.86759594408001,-0.4235162738297353,-0.14686787728808626,1.1852818068573803,-0.6086268035898548,-0.1554857420073438,1.0220245572749889,-0.623356491658175,-0.13610847390300368,0.8700465752113524,-0.542901194862976,-0.13570936292549432,0.8747513577623144,-0.09177415627093029,-0.16711380957930816,1.14218984688078,-0.26968635022716353,-0.14791881017176026,1.0053922351620719,-0.2903563119150781,-0.08232946646152486,0.8608949128572084,-0.21743088731115526,-0.05643170715197928,0.8583347563121746,0.20998019903383172,-0.19019267127335293,1.1236160388028693,0.06056311355180822,-0.1557327176525119,1.0186744116818776,0.01409103650064738,-0.07066339685492193,0.889570590256693,0.06483090450287347,-0.014746761956568771,thumbs_up
0.0,0.0,0.0,0.10073612000088558,-0.5974996626085347,-0.02690778179452613,0.29242908462053496,-1.10117218451217,-0.09736802627502339,0.46114425872231485,-1.4965489528187377,-0.1685641151690813,0.5599662360217774,-1.8016265073483309,-0.22093920455548594,0.7704932926391429,-0.7689052114606171,-0.1409288635104854,1.1522977500551097,-0.9095236494468795,-0.18489771368341865,0.9975665027979483,-0.9082531845040589,-0.19041027162692628,0.8339688055482178,-0.8541071436375233,-0.18723323720217555,0.8470061258545152,-0.4007090492024175,-0.1582849958258485,1.179606136970559,-0.5768476307461062,-0.1521174691419489,1.0202916690728523,-0.6065353855313468,-0.11436833201996682,0.8694059649793212,-0.5391779780050754,-0.10360631666288231,0.8557095450856357,-0.07044030453780951,-0.1681530385200879,1.1342002339751098,-0.23566170004683273,-0.13962295360552268,1.0032916731414336,-0.2696066139497213,-0.06362118074831344,0.8621088696588951,-0.20803532970927857,-0.03298933809396181,0.8396473432189464,0.22796400436437858,-0.17926271055019968,1.1072366350889404,0.08562493090931346,-0.14094234613609788,1.004284545166112,0.03333758759785236,-0.05450782085112347,0.8789149911712938,0.07824228115776685,0.00203936824214528,thumbs_up
0.0,0.0,0.0,0.08774972401106822,-0.5988319319762543,-0.0343361783118159,0.2842307375740912,-1.1093174744777483,-0.0986661247860651,0.4673379473475251,-1.507197650614734,-0.16191286020894996,0.5940992480196633,-1.7999560861658768,-0.20367363533905636,0.7538906926239717,-0.7754353034692958,-0.13559440611179385,1.1504016785390117,-0.9401593057242245,-0.18129614046604775,0.9991564045267298,-0.941810757502988,-0.1829908989815433,0.8314073268434977,-0.8791139633732928,-0.17419609853733772,0.8320438931555357,-0.4106580533674817,-0.14667246794844493,1.1791203141360205,-0.5981041109462398,-0.14647319461440228,1.0185201384481073,-0.6303373462683892,-0.10652223930031687,0.867749241188383,-0.5612475495481515,-0.08937601580745838,0.8450072354403806,-0.08176718292526985,-0.15255148157269288,1.133951075999189,-0.25763091091471296,-0.13224622155680926,1.0013243506201939,-0.2907693043706365,-0.056080841804626816,0.8629182829201252,-0.22675652115012346,-0.019885338808321735,0.8317542425527279,0.2212354259864002,-0.1597754862932694,1.1073619634564964,0.07103089910180906,-0.12450328644543235,1.007110712534958,0.013818254905887145,-0.03859769224635506,0.8831542937206214,0.05480824863077798,0.019898628395908956,thumbs_up
0.0,0.0,0.0,0.09698692735832265,-0.5826666799899194,-0.04255179589482858,0.32299637154883576,-1.070978858081733,-0.10516389353816752,0.5576606509553458,-1.432753092739022,-0.16736344241221673,0.7099091165442711,-1.717721840605714,-0.20772814196335088,0.742732274430538,-0.7673031645978522,-0.1245168456223458,1.1363419127245282,-0.9232944099979323,-0.18626400927159167,0.9899475104835282,-0.9258766975062445,-0.20103083694803758,0.8217094298824621,-0.8557179660622979,-0.19784968454156582,0.8184874260243016,-0.4030915667311869,-0.13999163170133497,1.178675178772785,-0.591296263244738,-0.1602039167162064,1.0169381972785294,-0.6215927611313752,-0.13099481997122978,0.8582852487820839,-0.5462987323069531,-0.1141230674946144,0.8343650540781737,-0.07542797400980228,-0.15419576837147211,1.13591885088218,-0.2583568404893642,-0.1576930963751962,0.9975915353114925,-0.2914932690824218,-0.08682268964130474,0.8559821967285396,-0.2182794163063622,-0.04609245708736801,0.824979009899364,0.2282316167741967,-0.17084149978433513,1.1143342796020297,0.07071427458986743,-0.15573355333702743,1.0051942054783967,0.015635721585193847,-0.075206392937429,0.8720160941653553,0.0659273810795609,-0.015605573080156086,thumbs_up
0.0,0.0,0.0,0.11390462202844566,-0.6003196743768819,-0.025208206263153673,0.3863808514172284,-1.0685081735394246,-0.06685369346982792,0.6732775467365575,-1.3938321901998216,-0.10995700563544132,0.8204461300593433,-1.689061321439948,-0.13192963590662915,0.7360989847829493,-0.7704321886350117,-0.10927007675641107,1.1430641491310105,-0.9794767275339616,-0.15944960072272915,0.9980355375313268,-0.9870859288293408,-0.1587609994100841,0.8387629946604356,-0.9042855988206701,-0.14628735073425395,0.8161022624838626,-0.41358465659539917,-0.1320006214222791,1.1933954812902376,-0.6451252858728437,-0.14620807273526398,1.0323940137135683,-0.6741408941337034,-0.10718517920137374,0.8807585460316361,-0.5935035782668275,-0.08387089132627126,0.8386537289976026,-0.08408401572100045,-0.15225188778132223,1.175694815563217,-0.2933136372733203,-0.15762763528300588,1.0325686901133353,-0.32632153039864054,-0.08005874730613163,0.8908823441798303,-0.2486856753924407,-0.03432524002467257,0.8294118608422743,0.22315021565800136,-0.17319748121531658,1.1433640722259295,0.05607855736347376,-0.16202670478189699,1.0377833381242498,-0.010972651120678635,-0.08172576293285685,0.9024808571243547,0.03138600417088846,-0.022784945771832446,thumbs_up
0.0,0.0,0.0,0.12737079528229112,-0.6047555487769831,-0.036324702523744035,0.38865767655808553,-1.1049140258055588,-0.09581874085804024,0.6063768732541195,-1.4879589580027475,-0.1553854534245623,0.6660875578679435,-1.8231357088922961,-0.19573526455874637,0.7480107675198179,-0.722262464137249,-0.13452559047480653,1.1360294068191163,-0.9557020533396995,-0.19345395992394904,0.9749555662816555,-0.9632657028911177,-0.20348565594726334,0.8068010562243729,-0.8806837115137558,-0.19933018137804556,0.818403968021172,-0.3601519824605368,-0.1513420856590622,1.1883176907586872,-0.6220562580220041,-0.1807092745044008,1.0266032941573084,-0.6563531560833196,-0.1523502637586258,0.8761045140443731,-0.5655810080380815,-0.13531561832179287,0.836281443514617,-0.029533925171104983,-0.16372800082911768,1.167225284504607,-0.26430322826557684,-0.17285924712616993,1.0277898606657514,-0.3035726943251539,-0.10024965904369539,0.8816238518897253,-0.21973389170204927,-0.05749759655050839,0.8284493451563286,0.27357781179684904,-0.17732489018069464,1.1351215410521767,0.09082074980942378,-0.16607540908410034,1.030487638279347,0.019361727807525975,-0.08611412782561077,0.8922342245335421,0.07254572707299013,-0.028067676900284694,thumbs_up
0.0,0.0,0.0,0.12675490970627099,-0.598866392305934,-0.031678118836530274,0.33758783520076097,-1.1056084973387197,-0.1077647706148507,0.47192081614819026,-1.5217803571024457,-0.18814529966565124,0.4802644978508605,-1.86241885552677,-0.2538282703368931,0.7586110151004141,-0.7260843491086386,-0.14175950846964866,1.1439387114779278,-0.9049736504243507,-0.19881918168237747,0.9791579914072903,-0.9163319233192245,-0.21590269328925757,0.8069615242366132,-0.8501191331848261,-0.2189273607249149,0.8277677246921072,-0.35573059464687967,-0.16364014014492811,1.179742779176099,-0.5722923476524143,-0.18177506634699192,1.0205292986392926,-0.6115556495415901,-0.15886389722478064,0.8666887103653186,-0.5278435072143052,-0.15241542348606116,0.8360918980512871,-0.024814612919852614,-0.17879171611051956,1.1399564328322074,-0.23252914811149178,-0.16545451961258914,1.0098508731109634,-0.26698235504343737,-0.09817970952174625,0.8662411227108963,-0.1882341659295904,-0.06845735640416195,0.8240412630034787,0.2703061350758669,-0.1958417207571475,1.121500067562431,0.10358930393429039,-0.16375184151499636,1.0168223452941545,0.04564289829250569,-0.07850527480144327,0.8775721575412739,0.10075801755450656,-0.022421549318864045,thumbs_up
0.0,0.0,0.0,0.12245147455354674,-0.595753402338712,-0.02471591716996084,0.3266043068701538,-1.1087128932072732,-0.10115218008895256,0.4508798967161859,-1.5304526217978667,-0.18415758735795243,0.44287029192624194,-1.8753408112725851,-0.25356144229678385,0.7631255577662507,-0.7489923478425674,-0.13792601930836884,1.138196740567092,-0.9238083081631887,-0.20032919409023586,0.9733566870217312,-0.9109599355052949,-0.223289812512209,0.80128684534115,-0.8456424630368964,-0.22955205888044128,0.8365450932108641,-0.38607297024847087,-0.1643524498793272,1.183794465848917,-0.5830781585555088,-0.17787058033749542,1.0260331731225567,-0.606788710483356,-0.1541073415173969,0.8731854252036406,-0.5282913419799964,-0.1496571927192313,0.8464941097566513,-0.05377014488583954,-0.18406203265124982,1.1498398415696927,-0.24030877181955757,-0.1674793139089463,1.01825047766625,-0.26793350975264507,-0.098179980923718,0.8734672200741478,-0.19567025417538056,-0.06904722027358182,0.83552179105365,0.24609938013899826,-0.20538888545307032,1.1304114665956304,0.09429482577992027,-0.17019466303555236,1.026307232447599,0.03903503585312537,-0.08207165716940078,0.892227022904458,0.08878343381583173,-0.025259146425794982,thumbs_up
0.0,0.0,0.0,0.12053119096612128,-0.5934983181161456,-0.03337396518304173,0.3114554934549289,-1.0994907394443807,-0.1199400120183034,0.426306383956791,-1.513962826184992,-0.21332612477086396,0.41256661116791,-1.8522210509109545,-0.2935696538287157,0.7528095680438868,-0.751255770493309,-0.16425904590777607,1.1447646768522586,-0.9103292506891112,-0.24307183246720956,0.9808429059363619,-0.8788367418526091,-0.2752778578568528,0.8021513953617587,-0.815139520889518,-0.2858437503198896,0.8191653863817742,-0.3933699308722194,-0.19269995764055267,1.167587990671694,-0.5671460591124445,-0.22180047302213546,1.0031047882802266,-0.5800202763500191,-0.20116005583569974,0.8486009105605719,-0.5045370493876228,-0.19772223267564107,0.8216886946222735,-0.06019076252866745,-0.21541101050854677,1.1415446480018916,-0.22181667314919093,-0.21011086513895744,1.0019059864689623,-0.24596523066834788,-0.1358262211106497,0.8496128143034748,-0.17718158061798006,-0.10201424780335079,0.8020068903463787,0.2446130765958641,-0.2405798351826894,1.1008841806641159,0.1122914560075178,-0.21013729167796266,0.9957025925944375,0.05225773209250305,-0.1180418169916575,0.8620122293476582,0.09344829691016746,-0.05802314952236195,thumbs_up
0.0,0.0,0.0,0.12639894650912076,-0.5819368494359929,-0.030842507253882545,0.3231845154981929,-1.0833579217309945,-0.11561626034326324,0.4428597643948318,-1.5031180899863368,-0.20688454824925187,0.43904157996501375,-1.8512454253222905,-0.28394973198627427,0.7684181009496973,-0.760213912633615,-0.15632639056270417,1.1792803631597126,-0.8779058075805206,-0.22692616201157498,1.016080804127893,-0.8411303747123813,-0.25461682569144645,0.8404749738487711,-0.7942619145136572,-0.26454077985242,0.8355204206610009,-0.4004287621590809,-0.1838783608735746,1.1977877741835732,-0.5272502889577677,-0.2023451172468439,1.0303985395865483,-0.5341049937584655,-0.17805428852780492,0.8704154077328244,-0.47711504227182866,-0.17386047337265184,0.8359251197466043,-0.06598894107273193,-0.2051534926135933,1.1554709926996651,-0.19027206675378378,-0.19073248407899052,1.0145422907420465,-0.20817589591327265,-0.11438011948488434,0.8582890320659169,-0.15548400198320625,-0.08191258567779237,0.812340906487474,0.23619537760019685,-0.2287094927996345,1.1022437574183093,0.12900960228766592,-0.19361865636757228,0.9937730898781773,0.07913053121768146,-0.10059559286148484,0.860146852665382,0.11104227660798319,-0.04086474246463359,thumbs_up
0.0,0.0,0.0,0.1252468367764278,-0.579700347162427,-0.03267675420172107,0.325027022552609,-1.0763835491629716,-0.11241629550514734,0.47775428239054235,-1.4721392078737237,-0.1953628667383877,0.5522213801716608,-1.792600720623474,-0.2598484630954462,0.7722256604803901,-0.7473181144151056,-0.17002696286250574,1.187745295370093,-0.8496231006242108,-0.2371150581548865,1.0210521330368263,-0.8226100762699983,-0.25379268764209,0.8431617867188734,-0.7812554831697308,-0.25554088257337915,0.8332495851615588,-0.38529888669696494,-0.19517394155997247,1.2107544892091053,-0.5069048185899457,-0.21797400723906257,1.0334563996643347,-0.5237275318756505,-0.184476246716606,0.8659660386013388,-0.47478462611788086,-0.1711527899327475,0.8270947741468296,-0.053071594338858934,-0.21350412033178187,1.1616816291378593,-0.16541910043643984,-0.20755850573029064,1.010304146875193,-0.19328028599625427,-0.12104710930972813,0.8502881609343544,-0.14662850754666457,-0.07835317001597376,0.7950051591602886,0.2503990289548056,-0.23360051291027842,1.1004749675789172,0.1572716566150731,-0.20769009812334865,0.9866306207614068,0.10132432256623307,-0.11299034001853649,0.8502080770436967,0.12891031075633286,-0.04907294682858126,thumbs_up
0.0,0.0,0.0,0.10716769447198507,-0.5691788742293641,-0.05197518818985705,0.30627902358701875,-1.0629487729071927,-0.13282973801466508,0.49501290774125956,-1.4422367778087066,-0.2142065305613471,0.6366172665105363,-1.7277493452368526,-0.2734137377882844,0.7395217182075378,-0.7613576898705373,-0.16292749330300324,1.1491504936271053,-0.8559189085895869,-0.24531376761242535,1.004285901722572,-0.8260801850587696,-0.26983260933923686,0.8289988527491462,-0.7700395967340476,-0.2717959555283879,0.7957968842822355,-0.4041387886023378,-0.18565002157210828,1.1707844175824986,-0.5202233291327242,-0.2240200085028656,1.0007169946297203,-0.526818253055772,-0.19609158911989133,0.8351719704561359,-0.47184248145127916,-0.18023215431061793,0.7948553202780955,-0.07542993935661814,-0.2082531939531165,1.1380291950307961,-0.18337835484547174,-0.22462384741434985,0.9887184692241795,-0.20477155648733056,-0.14367568335650066,0.8306228247532158,-0.15617745630590754,-0.09604556805911475,0.7673432176665295,0.23568521719600294,-0.23456132355209494,1.082334870934852,0.142456284434443,-0.22867668406806274,0.9737889870011448,0.09456411027837122,-0.14327355329801464,0.8369376288669705,0.1210038058264886,-0.08002224057109766,thumbs_up
0.0,0.0,0.0,0.10731907183912974,-0.566851315416791,-0.03593974722972119,0.3636987121531086,-1.0017748474487747,-0.08918863256270133,0.6326905322422922,-1.296869370305615,-0.1451156267746514,0.7756845270527147,-1.5743401349345838,-0.18158210345197118,0.714556264212082,-0.7607056319872142,-0.11868408307063942,1.1120365973436084,-0.86051576487074,-0.198638634935038,0.9629816480176902,-0.8415855545164549,-0.22312001568795126,0.7981839505684891,-0.7843875351561161,-0.2232110634604708,0.7704962966055356,-0.4062145977508554,-0.1479514312516674,1.1455994227105328,-0.5317372537481546,-0.1897919214876913,0.9813608305799475,-0.5377736244870781,-0.1631557507684157,0.8226637728855661,-0.47713949555554847,-0.14245051492130906,0.776934436493012,-0.0753036196090274,-0.17929982904424108,1.1134336582465312,-0.19903446949101442,-0.20640537429764347,0.965026667031697,-0.22062956122573643,-0.12787998491941502,0.8172247879173495,-0.16278253016388894,-0.07524785879981769,0.7573710182935862,0.2338949670641479,-0.21321738513722338,1.0729891314234046,0.12551914402921754,-0.21137028747442393,0.9595371097231031,0.07838782997842614,-0.12835970878448272,0.8225110022740098,0.11525998286878984,-0.06494255367126578,thumbs_up
0.0,0.0,0.0,0.13661235659811014,-0.5924359558343849,-0.0164181242911486,0.4346503174683795,-1.006338030579544,-0.044257148826042106,0.7491737473010502,-1.2480646917949765,-0.07396235472560034,0.9298229898054192,-1.4940767081086486,-0.08428773955150737,0.7042387069096429,-0.7792914239782236,-0.09222946161800909,1.1107056942015077,-0.9379486291256405,-0.14936822387960783,0.9760091091329521,-0.9350953678780111,-0.15327543262983212,0.83141170025082,-0.8592060486795088,-0.13927584567652068,0.77508073297952,-0.4130621946791605,-0.11500688335367665,1.1726025969318674,-0.5898871784268139,-0.1363852182339558,1.0149488044391888,-0.622088165588598,-0.09866441435264242,0.8633431682240356,-0.5525944638918029,-0.0702708523800108,0.7963752983822711,-0.08147710756474319,-0.13705769592556824,1.1570575314084983,-0.2439214215266675,-0.14676946932858226,1.0174338442008144,-0.28669994419440703,-0.07068408288760214,0.8722693523773293,-0.22424215017972907,-0.021169568038939372,0.7889973927027676,0.21487235201065635,-0.15897039129504098,1.1094684554399303,0.08218295646669696,-0.14282712520103066,1.0136853421889938,0.01740875429080845,-0.06375819093507547,0.8847659373489166,0.04446702396260938,-0.004627053527738125,thumbs_up
0.0,0.0,0.0,0.11769579919693153,-0.5776861248078992,-0.03869644357378882,0.36601495886611074,-1.0708274870965202,-0.10579415383309836,0.5731815330508678,-1.4499093918660455,-0.17558789833020844,0.6425482533203257,-1.7762697870189885,-0.22717290371151594,0.695420762950681,-0.7597972231495775,-0.1468673259238587,1.0937475468794366,-0.947961389351067,-0.23129064867845417,0.9300112627137811,-0.9281825654315955,-0.25769838681434803,0.7583699826347792,-0.8537940057617726,-0.25972549847761245,0.7650009159319145,-0.40694576308030356,-0.17302276971582656,1.144062856757311,-0.6033082136834297,-0.22339250402775185,0.9772180050004214,-0.6136807530910792,-0.20313186846577513,0.8176520072728428,-0.537534640376329,-0.18650885635759235,0.7864962760656489,-0.07563358382184694,-0.19702040606938767,1.121122833030266,-0.25833488894812906,-0.22181306112527258,0.9781766372993996,-0.27545887127929053,-0.14777509553790913,0.8313991791998413,-0.20177449436600592,-0.10015760644397166,0.7841797325851191,0.23335817993915797,-0.22278959291506617,1.0918023327597,0.07517913185731807,-0.21688698059782474,0.9768477645820353,0.02933538248346208,-0.1319890377578704,0.8426301682050232,0.08499122890615554,-0.06942888244970472,thumbs_up
0.0,0.0,0.0,0.11783829128264972,-0.5882617708157113,-0.023658740603570715,0.32651144969320667,-1.0993277306662033,-0.1007262986212969,0.4586320588892664,-1.51394110189645,-0.18235557070101494,0.45987420686514763,-1.852978918954345,-0.24907070081662974,0.7278040949772002,-0.7645506975421102,-0.1659647047648471,1.1340532297486563,-0.940773611089986,-0.23889658012541443,0.9715636245128046,-0.9182132405897464,-0.25938691029036814,0.7950788586901196,-0.8510756375922034,-0.2607835703622306,0.8009665007346422,-0.4024970190521643,-0.1940227696708492,1.1787507529268246,-0.5903228489451628,-0.22222204089153647,1.0117326436442704,-0.6055667588257299,-0.19169574782479434,0.8554820172586377,-0.5316554702319285,-0.1782343312918134,0.8129625622318597,-0.0698639472705579,-0.21426958455502784,1.153171746468664,-0.23705992539524456,-0.20750749710749622,1.0125108656710846,-0.26687881161400845,-0.125888688574999,0.8614683123310646,-0.20465698997717172,-0.08468119389857706,0.8023439757264963,0.23025103277044046,-0.23534282483908836,1.1181557894007081,0.09219400512572709,-0.20277721736268903,1.0137654828029092,0.03330584900432014,-0.10786736589303172,0.8805571231207368,0.07469977933727484,-0.04507421509488296,thumbs_up
0.0,0.0,0.0,0.05476002257444153,-0.544186438856526,-0.06680990862269484,0.20306958489645147,-1.0412858928671889,-0.16011469334128148,0.37914641150798223,-1.4103729508486356,-0.24946368886311657,0.576206922561139,-1.6248099990466847,-0.3125758610791257,0.5963199529783543,-0.8139025670200978,-0.20464689269811004,1.0332367780131517,-0.9592492802150278,-0.3118062556078231,0.8896327920260074,-0.9097334048022877,-0.33818407457415783,0.7112093860675114,-0.8332953742630858,-0.3352351731187709,0.6737975174586823,-0.4605036018061309,-0.2274424218239399,1.0873638556896517,-0.6311390181599649,-0.295250657574884,0.9118405010740789,-0.6056090579771818,-0.26523730813253577,0.7373350382254312,-0.5357679878821092,-0.2387018959981212,0.7030407070707577,-0.13350312206091194,-0.25231799450380976,1.075720720759298,-0.28715688225158503,-0.29588524337537775,0.9157002586664035,-0.28024912599434065,-0.20664116583226363,0.7559182152794602,-0.22261069425117685,-0.1451433091121573,0.7049569264618916,0.1772458588081214,-0.2809542053921128,1.0249109271611356,0.03840953736051728,-0.29647641178131684,0.9018687806135699,0.0178161216339898,-0.2112856296342421,0.7601710799048115,0.05949611082703293,-0.14379672682455563,thumbs_up
0.0,0.0,0.0,0.06439290456183804,-0.5428497079350494,-0.06658729173961128,0.21988999864373318,-1.0440250558890596,-0.15903741717811268,0.39557621969676987,-1.4193934513854953,-0.2464903443126392,0.5597213114471646,-1.6830025107725513,-0.3083170541677756,0.6050645616848895,-0.810220085391027,-0.2074777157058631,1.035865655624936,-0.9490840538274915,-0.30990254833525166,0.891534335150191,-0.8971452677975552,-0.332671804740512,0.7128181046342049,-0.8297004815423914,-0.32764738741597293,0.6785637224194035,-0.4568156425274046,-0.22913519252997483,1.086106168799518,-0.6301114404670467,-0.2938325223789166,0.9109265368242313,-0.6025333801856856,-0.2632627290377647,0.7388390032239304,-0.5357087774950653,-0.23726021899656136,0.7036518762169485,-0.12952946495647352,-0.25153052639999995,1.0705204407667892,-0.28326231671397584,-0.2928562315635573,0.9125115679707014,-0.2744061800789912,-0.20433706627111045,0.7552756315738828,-0.21676579747900152,-0.1440251847584941,0.7032010260488673,0.18250753470719785,-0.2771993526362473,1.0207417138754766,0.043595588475069,-0.2905858190851816,0.8980762487001892,0.0251770538306877,-0.20404190140412576,0.7596969971110984,0.06690503605393991,-0.13619200484168292,thumbs_up
0.0,0.0,0.0,0.11296280568615195,-0.5701682988590601,-0.029548038350961172,0.3422724606791532,-1.0639405648570275,-0.10465072830996347,0.5202939933695008,-1.450278671161092,-0.18221328214093122,0.5526435546822158,-1.7801451425478618,-0.2424282032826598,0.6304042029524671,-0.7994663770511352,-0.19171236385390936,1.065811303531672,-0.9619301363969811,-0.29055542932465367,0.9204938716824,-0.9093439652904935,-0.3157305622056573,0.7437103331410824,-0.8381603870463572,-0.31346573746980133,0.7003606402984418,-0.44843027807095864,-0.2261133252463456,1.1180063958318764,-0.6263888619062709,-0.28029187175364834,0.951719036205172,-0.6017056752318065,-0.245037370013248,0.7865879095709573,-0.5265642781710752,-0.2200296259159466,0.7271898764445734,-0.11578175671164626,-0.2560774324619927,1.0986167013808505,-0.27763339270852705,-0.2787226725656245,0.9541581234502802,-0.27696193825481585,-0.18828786926278876,0.8010361189017025,-0.21306667974368868,-0.13269472586498543,0.7308893878905057,0.19091591827179885,-0.2868209161446714,1.0585656732520776,0.055202528115775876,-0.27435894216655976,0.9467428206821131,0.024933534994490216,-0.17928695176465986,0.8126331792293777,0.06396978416708864,-0.11278681129594352,thumbs_up
0.0,0.0,0.0,0.10859279759781053,-0.5703263271158119,-0.026512251244189936,0.35196451780743576,-1.0925383285508463,-0.09116474487511922,0.5113177571015035,-1.4914950871827373,-0.1585699329244496,0.5239017120074624,-1.8109096349631284,-0.20854618616159273,0.6124659532487141,-0.8083685099961253,-0.18189918527419444,1.046210999808788,-1.0092963098745236,-0.27929330718831724,0.8959606190509022,-0.9605807105614795,-0.3015446832889784,0.7194568174466903,-0.8838100639346246,-0.2961380666299827,0.6825783355961207,-0.4589787892514369,-0.21702520958911484,1.109358994987326,-0.6753224550665972,-0.27512400578331175,0.9424419235832184,-0.6545997275701101,-0.24093927735126494,0.7783578604245714,-0.5734394908371337,-0.21235681266681508,0.7143741534152982,-0.1271057347742521,-0.24798664137860119,1.0990883343174291,-0.32195423397410106,-0.27557651539494304,0.9485384139580674,-0.321654328634406,-0.18658271461531112,0.7937367868012001,-0.25059870741983675,-0.12759403161666852,0.7226226474715683,0.18075148528130686,-0.2794037372718589,1.0572533681210707,0.021919422949513934,-0.26901128577498845,0.9416815538256258,-0.011499541086207989,-0.17421628251518592,0.801642584146136,0.03830522664343577,-0.10676962889526051,thumbs_up
0.0,0.0,0.0,0.09465554690465436,-0.5829313458531429,-0.03650251606421564,0.28332261527488645,-1.1155462722021063,-0.1255353758721029,0.39676861640457733,-1.5365593182643578,-0.21625774441577356,0.38392012488773014,-1.868844795577753,-0.28990867763584593,0.6183601052930902,-0.8178011672372694,-0.21865400206821795,1.0607106341882921,-1.0123932696470066,-0.3167554530864689,0.8955280454576237,-0.9594926520667151,-0.3399958700855311,0.7113058566606302,-0.8814367688506268,-0.3385181307146612,0.7017555114209286,-0.46246031523400405,-0.2505189087355834,1.1204287210593804,-0.680480223044666,-0.30617981934775734,0.9429500306313243,-0.6624048210642729,-0.2709790219123347,0.7758151247839121,-0.5786432404725024,-0.24894097740712004,0.7316887097856007,-0.13036767753779535,-0.27558382680264115,1.114748048672188,-0.3270788076493629,-0.2921597535535956,0.9621714298787373,-0.32665706299040187,-0.1968546149899983,0.8027383322536085,-0.2538740920549365,-0.14206020610473918,0.7374801545483145,0.17157352917352833,-0.30200940961610806,1.0706794119561251,0.015480899497255859,-0.28330996998615815,0.9524186766438973,-0.020415238404192734,-0.18212168203750434,0.8124196906683451,0.025292167043417635,-0.11435854438601327,thumbs_up
0.0,0.0,0.0,0.03767606281540965,-0.5403590642193103,-0.059016003696094554,0.17013369869506165,-1.042893100600803,-0.15256364908404557,0.31350666659851883,-1.4325841771200156,-0.24508728215469833,0.4180264280369403,-1.7362836834724051,-0.3156202426565055,0.5888896642641773,-0.8634894401055754,-0.19604690353821938,1.005188951301455,-1.0355913258270126,-0.30414533632492824,0.8599132129924408,-0.9706980379747192,-0.33753336631004616,0.6832620279231887,-0.8839570208693844,-0.33989165326682114,0.6780653173443352,-0.5215396978800457,-0.22506328563049752,1.0712519167759982,-0.7117179024542728,-0.2908591406434705,0.9009795632868097,-0.6620773530061644,-0.2669409664533849,0.734130561112103,-0.5827405019072059,-0.24618121070752866,0.7173686186026136,-0.19539802428543504,-0.25534933678309796,1.073868581608752,-0.36749919895664607,-0.2957439001558581,0.9216590370180537,-0.34038969802904545,-0.2125730662367343,0.7684902856720878,-0.27588179939940216,-0.1570629304925047,0.7301682337260921,0.12211647691357741,-0.28889808633967734,1.0401224933940572,-0.03608224373317662,-0.2993298375486454,0.9183391435114974,-0.034813019079245784,-0.21342448222176003,0.7839214976830721,0.018327319582670754,-0.14691989900589045,thumbs_up
0.0,0.0,0.0,0.03391034593991088,-0.5483287806019503,-0.06407153275137376,0.1630956898088732,-1.0578696850155427,-0.15708377682203647,0.31961772247066983,-1.4500113552650662,-0.24622752702498044,0.47832033603533425,-1.7211571417113563,-0.3096489121733072,0.5578959403599694,-0.8686629642868826,-0.21247621539364084,0.9991933762312696,-1.0521186314848414,-0.32000539398791744,0.8662446387468496,-0.983864763855856,-0.3431222275301939,0.6926788615836047,-0.8939148154922686,-0.33666426022258245,0.6518498956897502,-0.5275908501999357,-0.23569538132781925,1.0646889757621036,-0.7326845066826913,-0.30198384398355815,0.894961895945545,-0.6839988514973001,-0.26759713470815094,0.7253284079092279,-0.6009510279846254,-0.23845394077969279,0.69662800440276,-0.20225291286944877,-0.2600125922048022,1.0652745519197064,-0.3879411564037428,-0.3007793652849187,0.908762559755407,-0.35866521723716915,-0.2088978089798387,0.7533987701977484,-0.28674083059457495,-0.14657034499855864,0.7149239423777841,0.11605165596426958,-0.2878375001884364,1.0329298064109615,-0.04942936917857449,-0.2998978633930465,0.9105103234983075,-0.054273192042567,-0.212647464146712,0.7725890296284135,-0.003398708402792497,-0.1444712983142058,thumbs_up
0.0,0.0,0.0,0.0446193705554542,-0.5634961727351178,-0.049692124668569274,0.17981372951907418,-1.0859084399409125,-0.13533031613850938,0.3719000926228696,-1.4596082872500962,-0.21626535267793462,0.608241099156304,-1.5445911548948954,-0.2689933887983868,0.5485300582728488,-0.8690803346385896,-0.20217989320906188,0.978465183796261,-1.0714025763755055,-0.2959690167989447,0.8433062844143175,-1.0202358473462163,-0.30109478074258406,0.6705728925916236,-0.9343093206298636,-0.2851547715833142,0.6461083140621184,-0.531514524722666,-0.2274574866753342,1.051773165090314,-0.7661332087175289,-0.2869869102753431,0.8864236884030468,-0.7224347017882647,-0.24430940410725852,0.7257512581724134,-0.6322624329148532,-0.2086614660176564,0.6998650398836544,-0.20317037703742252,-0.25040700482574785,1.0580795431417351,-0.4122342812824616,-0.28787095744810887,0.9056040655978249,-0.3883048529702984,-0.19031771332805753,0.7586005804385405,-0.31224332660932735,-0.12322301737626057,0.7166732434307697,0.11401702838851052,-0.2746191373665703,1.025745108474849,-0.0746619583821485,-0.283548710339002,0.9031146582311499,-0.0836267195619071,-0.19323053252364109,0.7690379997552711,-0.023039320445590487,-0.12242714425257423,thumbs_up
0.0,0.0,0.0,0.08200921912695262,-0.5571924076475678,-0.031181640414590196,0.3212590419699943,-1.0928799641448745,-0.08795270132623051,0.5026842494337405,-1.4919785912193075,-0.14268129307215507,0.5321978488589519,-1.815437587307278,-0.17923977611314906,0.5191488556945918,-0.8728554956641761,-0.20158631765042437,0.9510277797899235,-1.1064247369643505,-0.30341646234080194,0.8050270275076945,-1.01645362346392,-0.319767134623218,0.6325520048508111,-0.912206235147381,-0.3083805015387179,0.6039170068803437,-0.5271892031123957,-0.23153292975518422,1.034648555202407,-0.7813945007386279,-0.2972300448064077,0.8707071171586735,-0.7132275222242209,-0.2551878619509723,0.7038451192564879,-0.6090113698419969,-0.22052153649207,0.6602749861809883,-0.19787165329767026,-0.2575127144051412,1.050773924688256,-0.42539855735058507,-0.2960609900234948,0.8962054461902534,-0.3857078546753007,-0.19750469359690712,0.7387919552098163,-0.29320009274166153,-0.13042853247615674,0.6968094066563035,0.10780610557721773,-0.28368109508873834,1.0354701329165992,-0.09171524090253072,-0.28337636312489783,0.9092322836337622,-0.09166293887298002,-0.19031857861096413,0.7645757661526937,-0.02641615700848689,-0.12445441033254294,thumbs_up
0.0,0.0,0.0,-0.0012877479313693392,-0.5503725834903708,-0.049736592231406564,0.09198945729910239,-1.0980107884154846,-0.1404289438885996,0.23117034195918906,-1.4946124845563022,-0.23046674891569438,0.45278523152172145,-1.5934796040466053,-0.2956738831946283,0.48638856035843414,-0.8932835340486986,-0.20356444769037083,0.9160218978036156,-1.1446352439407703,-0.3128374546592601,0.779369714785663,-1.0821181652129062,-0.339560627426736,0.6083379267132144,-0.9769116984413043,-0.33630763558806226,0.5949108873668381,-0.5621168446244591,-0.2318745657386928,1.0032463250107553,-0.8284593914212546,-0.29837244060263934,0.8452088204305638,-0.7708640490124945,-0.26449981828126456,0.6830425420602748,-0.6719693608340832,-0.23529301504925265,0.6623616730283794,-0.23649871642788883,-0.25971823790778953,1.0384250592744926,-0.47979238898265386,-0.30172718266518606,0.8861838713690477,-0.43670180397776265,-0.20496888644221126,0.7323088759472964,-0.3487402771096251,-0.13790578545719132,0.6952525689250332,0.08086113869669434,-0.2896921580237066,1.0238118408476717,-0.12560802146345382,-0.30637273332760095,0.8932701124505407,-0.1228801723243278,-0.21658455415611078,0.7443056082251125,-0.0564817125075477,-0.145043400426228,thumbs_up
0.0,0.0,0.0,0.01496980164951743,-0.538251691953101,-0.05908518866026783,0.12523946262676622,-1.074404927021344,-0.1521880474357376,0.2884350051346505,-1.4624038216015796,-0.23945581135036964,0.5255766982069294,-1.5699584834959184,-0.29741992613971024,0.45787665204156075,-0.8721191097491852,-0.23481608140873206,0.8944474335679256,-1.115515832266785,-0.3528022704747081,0.7511301111699044,-1.044213280414941,-0.37096960383506944,0.5738297824994048,-0.9404321280940879,-0.3607099953676879,0.557019636303878,-0.5413647481007637,-0.26078711824750617,0.9790811485695424,-0.825953772286014,-0.3476431251513228,0.8084235533554143,-0.7553830742303522,-0.30637217151319845,0.6438499836995968,-0.6489822423210186,-0.26699825877767186,0.6210779065790738,-0.2155712841849019,-0.28591540758988393,1.0086587519908559,-0.4707319317228894,-0.34705708429898363,0.8477669424326124,-0.42563688581140313,-0.23956710667766712,0.689936423753521,-0.33761807925105486,-0.15997891000379352,0.6541266390054016,0.105294840172469,-0.31322471049534745,0.9863768384128491,-0.1026872986469497,-0.3419464019769797,0.856264300509065,-0.1027993972284137,-0.2512532052943633,0.7042704051049895,-0.04334430883027784,-0.17735441325687099,thumbs_up
0.0,0.0,0.0,0.05773118033178962,-0.5474636565173082,-0.048439274597968054,0.25644746144568836,-1.0801700854818972,-0.1209289634918132,0.4149704340462376,-1.4747518850382044,-0.19017633909733508,0.4442497228061725,-1.7975374712284966,-0.2385234293523653,0.4749669782567342,-0.856895102433407,-0.2235406992087834,0.9127036001208402,-1.0932761144741368,-0.33975550677735256,0.7692136541357038,-1.0005838970256746,-0.3633425518935322,0.5951855243208938,-0.9019830352510357,-0.3554750195538663,0.5632176441766586,-0.513073994512265,-0.2532848145669652,0.996948527372702,-0.7812571195943594,-0.33586164292464904,0.8300246505978306,-0.7100376750634944,-0.2994320297363694,0.6639813890831104,-0.608207051644642,-0.2652503407207464,0.619906037961107,-0.18487095241775095,-0.2811642522824864,1.0248229309462706,-0.43011924592656203,-0.3394670998859295,0.8629331961240811,-0.3902625057609061,-0.24044892122772218,0.6996917941875966,-0.300464919935236,-0.16736543955886457,0.6535301508077745,0.12319192605035446,-0.31040041372810345,0.9912078076388042,-0.07263475758270481,-0.3267176859138022,0.864076305928908,-0.07469084498880738,-0.23432252778824417,0.7145996864173284,-0.013804336397390258,-0.164438175908772,thumbs_up
0.0,0.0,0.0,0.07114971197454749,-0.5657076616758956,-0.0413834154843782,0.29609881464547266,-1.1281761679069182,-0.10822264630863554,0.4311153345558199,-1.55407760525318,-0.17019611583700422,0.41806110761111187,-1.8750353049999287,-0.21245597464064875,0.4867628968869445,-0.8655559249303914,-0.22867550369229114,0.9173827831706625,-1.1494659698375542,-0.33210884311135214,0.7647895399531847,-1.0474192129212077,-0.34618718204622145,0.5935455454889035,-0.9328834483248806,-0.33488820122018237,0.5817085996921313,-0.5233848744470538,-0.2573530285166201,1.0196982326330777,-0.8163399120790619,-0.329806493135283,0.8484661140824351,-0.7496766976037205,-0.28869560578100967,0.67971680372682,-0.6417699195514268,-0.2537786568531881,0.6461035146625386,-0.1936041131115778,-0.2807371199832151,1.0537969496673287,-0.4545090288119585,-0.32408529493512844,0.8904044186072336,-0.41452356983607397,-0.2229705420928141,0.7264273699227487,-0.3159972790689101,-0.15337744462279024,0.6858095185456194,0.11144431582733154,-0.30516715007031064,1.0232220388829714,-0.09902285240616937,-0.3098762745599491,0.8944997532009751,-0.10405972427805503,-0.21598824711803835,0.7478303641552507,-0.035619576224568336,-0.14962581567024766,thumbs_up
0.0,0.0,0.0,0.05388614198240736,-0.5769217791966054,-0.06148762719340753,0.24818310383016493,-1.1450423562454395,-0.14474345334167613,0.3548403454754968,-1.585186603722215,-0.22272231611727938,0.3193127516787386,-1.9141088236173716,-0.28093490141330124,0.48072434188044577,-0.8566160906657385,-0.24145095503939298,0.9146962065142475,-1.1523104217415812,-0.35311560229966793,0.7463270500799876,-1.0654711492810214,-0.37869335143907745,0.5721082960084272,-0.9574903766020463,-0.3761228903591811,0.5867427145373861,-0.5109499932158499,-0.26450217464938997,1.0074539523480357,-0.8318111458985048,-0.34047462441157067,0.8309537360615201,-0.7825795144597284,-0.3085061144624022,0.6710510829285489,-0.6723061105275394,-0.28164927775408677,0.6525142024320375,-0.18166813028876658,-0.2840151360143835,1.04425667801265,-0.47845107029354683,-0.3293568706536485,0.8831976571186391,-0.4507280281306181,-0.2333756938407709,0.7256062503026459,-0.3416355638436377,-0.16820164478322058,0.690817302236056,0.11891600573668816,-0.3062435232683381,1.0171628250049554,-0.11457497286684838,-0.31020676341908093,0.8895118867474969,-0.13079241641832529,-0.21480502700352727,0.7453951799879456,-0.04877221166507295,-0.1475459046537353,thumbs_up
0.0,0.0,0.0,0.00570621915417148,-0.5712445329096365,-0.055495161917449895,0.1246704746317618,-1.121693050711325,-0.16019438881913037,0.19366875312022333,-1.5620918956384326,-0.263666879694917,0.14363593522591042,-1.8959832663789484,-0.34879528112619823,0.4773747905308405,-0.9119425973758636,-0.25537103707332204,0.9065148204454978,-1.1719286070418042,-0.3730390036701247,0.755184795388034,-1.0717344594575757,-0.40397108661072956,0.5815864088747267,-0.963189260879791,-0.4048041052398405,0.5838929740337323,-0.5704261934295922,-0.28916269210946965,0.9988464834315212,-0.862960400339279,-0.36372591448254743,0.8291828474416216,-0.79831231998932,-0.329125959950387,0.669123252452404,-0.6899960792082984,-0.30442993035573773,0.6471661997428048,-0.24458748997330257,-0.31879848616928685,1.0352116287193727,-0.5123669276116503,-0.3584730640785595,0.8763500000087037,-0.47298692514190277,-0.2576877345380514,0.7198086000674923,-0.37344346084460484,-0.19456021553976188,0.6880732030022557,0.0608761852916684,-0.3514428595359274,1.01397136162835,-0.1553249693242142,-0.3523824635587332,0.8802954598484116,-0.15901045127856517,-0.25231329646537914,0.7339847805548295,-0.08885556662968007,-0.18287513973401304,thumbs_up
0.0,0.0,0.0,-0.023008441273826986,-0.5411630482816645,-0.069810798332413,0.05046893668808824,-1.0832265366838147,-0.17241145472427358,0.15530798518789773,-1.5000629624759698,-0.26978783120113037,0.2872608962588384,-1.7906510947897738,-0.33970336910819215,0.4489444367388585,-0.9817659687986734,-0.24015632798722536,0.8895663909494711,-1.227887000463253,-0.3614983895377436,0.7677291559637924,-1.1306401995159296,-0.39113014439904004,0.5971488278542899,-1.0179797670752502,-0.38782436700344974,0.5654083136071668,-0.6530130846139066,-0.26751918421362497,0.9889577767203418,-0.9227358963471537,-0.3464471531650335,0.8295282648020905,-0.837300966411243,-0.31096175970136986,0.6577945680667138,-0.7358096517902801,-0.28089017095398455,0.6386411818127875,-0.3319681142735257,-0.29663531356995115,1.027277726400689,-0.57009206636397,-0.3457135095109721,0.8732823340063124,-0.5144990397382069,-0.24646821648932454,0.7106610180837376,-0.42982179722075375,-0.17988148171416574,0.6844336863954587,-0.014087129462201201,-0.3303920038399027,1.0076796105750594,-0.2123494026903934,-0.35026956265515957,0.8801114036518013,-0.19320516725069983,-0.262699541865468,0.7318689451491623,-0.13154405269102903,-0.19524333103748295,thumbs_up
0.0,0.0,0.0,0.048247970056843656,-0.5877284622346808,-0.04146928268132587,0.21091315177279313,-1.1513236120522434,-0.12836595529231684,0.29242035134716154,-1.5875946828283836,-0.21434694358095252,0.23485208140948144,-1.908019585997153,-0.2805631019483568,0.4846850683517769,-0.9015786756592405,-0.2431205152820941,0.9452924155230653,-1.1533084803668046,-0.34687122836830603,0.7811180623160633,-1.0621052736949148,-0.36310011519020596,0.6038585020548722,-0.9645034783774007,-0.35649142711419857,0.5894894732205319,-0.5575517481334913,-0.2776096076361624,1.0229873247895043,-0.8467030362903927,-0.3417614050188418,0.8451587938178422,-0.7889500840565269,-0.29786794969331215,0.6853022753861062,-0.6825074166371632,-0.26826668883773747,0.6525810496485809,-0.2290232096654236,-0.305966851342847,1.0545735938704703,-0.5021955616990127,-0.3370317893511083,0.8912312437351736,-0.465107625669453,-0.23211900022570284,0.731184819669582,-0.3614169110110297,-0.16714169396569806,0.6885123894798061,0.07301256014092364,-0.33599864114216865,1.0262224362849102,-0.13325032872346926,-0.32952457060351975,0.9001799404503515,-0.14399995764811843,-0.22972176805688074,0.7560814855776008,-0.07751060006580113,-0.1626716711846169,thumbs_up
0.0,0.0,0.0,0.016499021712145047,-0.5663515469842849,-0.03664839320852661,0.1404742956410543,-1.1250204921905633,-0.1285948413676694,0.19364422549539043,-1.5507050349013538,-0.2226153351463101,0.13739132528657708,-1.8749490774480677,-0.2981265256480512,0.49138531461309304,-0.9496644630195727,-0.23873834057528615,0.9514403981074614,-1.1715522716335534,-0.3441247936326003,0.7950029137265241,-1.0667614362757172,-0.3659122008440226,0.6169386662935307,-0.9726946156544377,-0.3632201182523409,0.5933197225889391,-0.6119874519451676,-0.2797522264447009,1.0316483788339395,-0.8564118731468097,-0.3395785110563865,0.8545344350387807,-0.7900980377134426,-0.29659308532068784,0.6860442025453203,-0.6972271874599025,-0.26955524131611414,0.6502875571135229,-0.2838642287591807,-0.3152458282708631,1.0533586244424153,-0.5107698171079207,-0.3385658253540905,0.8906658325630524,-0.4671316092680592,-0.23359324534492973,0.7282937313850021,-0.38061352412286226,-0.17291135647108363,0.6822051082437113,0.025315441646283493,-0.3527646176193344,1.0180918414121645,-0.1598076788612461,-0.34226707689940844,0.8865531214245437,-0.16131036487680067,-0.24010904508231595,0.7377761729476695,-0.10622291057677155,-0.17274713809984452,thumbs_up
0.0,0.0,0.0,-0.00857764787805482,-0.533496520735865,-0.05893614464283423,0.07960161460340152,-1.066436661436511,-0.15727949849182515,0.18138796559789744,-1.4720421111745359,-0.25064705755870764,0.2924254191964549,-1.7752442740083005,-0.3162961169723534,0.4594686156277577,-0.9563842500638948,-0.2510593650757367,0.9204467240555513,-1.180570905758799,-0.36622510073228204,0.7868942292956509,-1.0805164527763065,-0.38453394002282226,0.6092992634761077,-0.9784412686104932,-0.3737507279170952,0.567502497848855,-0.6274821740729907,-0.28214427819033483,1.0140312405994751,-0.8749002652753768,-0.3549648964253523,0.8426434354235031,-0.7905881376429306,-0.30790236168756824,0.6675411696034357,-0.6950896884580664,-0.2712720672992908,0.632614743197353,-0.3047090865966986,-0.3122045813200557,1.041954838870988,-0.5236776609322761,-0.3533297043099718,0.8808402460603467,-0.4710057942472396,-0.2440914483203557,0.716973113497634,-0.39096854435241024,-0.17355031147426922,0.6704272992848076,0.016504228353419702,-0.3458456634132462,1.0088476577383745,-0.16741754183758445,-0.3575368466318565,0.8773103890822905,-0.15389413053300785,-0.26264163947149005,0.7265126822677127,-0.09950394503207835,-0.1925722305943304,thumbs_up
0.0,0.0,0.0,0.001902533629036967,-0.5582834850124432,-0.0373180777089687,0.11981966945468724,-1.1239242152703666,-0.12021772613382609,0.20185474982212015,-1.5397174239782456,-0.20428707619873887,0.21063917016902017,-1.8686259424209037,-0.2668241418246947,0.46334482123574333,-0.9835655389631978,-0.21930627077288964,0.9208295750095964,-1.209499745427146,-0.33000424255990607,0.7763575997390907,-1.0912531205372489,-0.3594771355646414,0.5980017607548311,-0.9885749455595525,-0.3605167303707989,0.5681322393332833,-0.6564998136407086,-0.2613998502219694,1.0137480566704704,-0.8970766753825001,-0.3239414284553819,0.8462862476591437,-0.8060680574744505,-0.2842821373028461,0.6704574688506133,-0.7128626014672972,-0.2576613725571772,0.6294333315554881,-0.3303738101877728,-0.3010216661166417,1.0376266679205217,-0.5477772185878672,-0.3325371210213915,0.8813271714127493,-0.4850210967938503,-0.22978323960895256,0.7146676444499609,-0.39813713954100816,-0.16782823162499524,0.6642726769049383,-0.011779508926458895,-0.3428372735277186,1.0009192405238356,-0.20000169452864858,-0.34514951526320126,0.874113230087314,-0.17826421243691626,-0.24856862887846687,0.7239878968457247,-0.11447087812697282,-0.18178083592147756,thumbs_up
0.0,0.0,0.0,-0.011533023457710845,-0.5446944693907348,-0.057435204742905525,0.0854114519047288,-1.0984611885965327,-0.15069647013603496,0.1764185696574003,-1.5131163713202957,-0.24020480672829952,0.24743338395731893,-1.8377272510389175,-0.3024961969949536,0.4613743044838165,-0.9785347921645872,-0.24379189851779443,0.9188143359269177,-1.2075764873321948,-0.3550765415477252,0.7721036784294473,-1.0892414406022868,-0.37534186023886185,0.5940715231635999,-0.9834355859372339,-0.36903536342029397,0.5666001725900224,-0.6488963740067848,-0.2775517718855921,1.0168539296800236,-0.8855353371976273,-0.3445637524333663,0.841974825943039,-0.7919955497049174,-0.29941006164694206,0.6627608322515284,-0.69918954712372,-0.26767696798596485,0.6293302587602133,-0.32415652603098816,-0.31038074829651846,1.039738383359768,-0.52765657670292,-0.348830174326073,0.8754105878125161,-0.46617429548074035,-0.24223654318925714,0.7070065800219685,-0.386926266234276,-0.1762273209521412,0.665899801039665,-0.005112776080417057,-0.34683994489041303,1.0085147235795928,-0.18300595693120525,-0.3565903666885623,0.8758868068081189,-0.1582840761851585,-0.2612388855587385,0.7222900596940763,-0.10147578249024912,-0.19350599839524732,thumbs_up
0.0,0.0,0.0,-0.0004912025895542964,-0.5630728191191883,-0.030358324432214367,0.12424442951274381,-1.1307896015513141,-0.1162261852026632,0.17545800685019458,-1.5579259702986001,-0.20378103309944096,0.10827040347073145,-1.870996555097647,-0.2721891865416665,0.45347719966659333,-0.9715773655040698,-0.23759360220935163,0.9224280173398135,-1.2124168672616407,-0.3425749459118147,0.773802412216314,-1.0885579618203087,-0.3605206173555739,0.5986080493347258,-0.9869762352905471,-0.35487784015633356,0.5566934451581477,-0.6389890262358213,-0.2829378793392701,1.0141904789103215,-0.8897821924617818,-0.3422511903819304,0.8382302229355751,-0.8087462845916533,-0.2927883507598916,0.664316153460194,-0.7162956238908028,-0.2606820800756427,0.6206046462573603,-0.31195120258596964,-0.32270271273726703,1.042241681665071,-0.5455692161978593,-0.3487955029186521,0.8782348812110901,-0.4899462303072505,-0.2400552074654656,0.7132917028071567,-0.4024753475832608,-0.17629919867616015,0.6604075211602548,-0.001355778062023178,-0.36349004103096755,1.0048734630756195,-0.20248740511767785,-0.3568828552992186,0.8711050793058878,-0.18465608832475705,-0.2532603734831322,0.7211100720605348,-0.12155165249819316,-0.1848536238713959,thumbs_up
0.0,0.0,0.0,0.005101268624328474,-0.5384584842567096,-0.05482081959352409,0.11064208930360969,-1.0815463232555658,-0.14368951681365,0.21407334908651696,-1.49469251055646,-0.22789504199027907,0.3275129789213907,-1.7906755835476,-0.28317735357112755,0.47370664396790574,-0.97956255802543,-0.23427883604537883,0.9379454472415492,-1.182884811035046,-0.34179479242247934,0.8065161536381164,-1.0850778303893571,-0.35325631415418857,0.6249727445399926,-0.9858591228323925,-0.33819368894034413,0.5786047420280668,-0.6522609001696104,-0.26423961919297617,1.027608354904247,-0.8777503314840998,-0.3307087624934866,0.8573981784971619,-0.789888215077926,-0.2787858262717318,0.6828809210973246,-0.6997603280757851,-0.2394658512031142,0.6426835666952594,-0.3279739435255638,-0.29375399115175393,1.0534774841039163,-0.5336451816440142,-0.33230094719294595,0.8891627639527359,-0.4764687818336078,-0.2219024565140376,0.7218924686910301,-0.3999902647973135,-0.15080497356069605,0.6774825620630223,-0.004913306018509689,-0.32665962824182626,1.0224100026815732,-0.17616147398083476,-0.33823429251296033,0.8876225655128227,-0.16161426321826164,-0.24486213443679394,0.7298996756989103,-0.11495355000756564,-0.1759936735651022,thumbs_up
0.0,0.0,0.0,0.0025883832422512586,-0.5652457985363623,-0.025278915478398365,0.13194483691086625,-1.1314248462679497,-0.10855021899784585,0.19045144624109708,-1.5518738967429149,-0.19519680451279134,0.14186531274343078,-1.8723959351672341,-0.26317381826281033,0.4618786750253723,-0.9711715733929838,-0.23514146083410636,0.9313358499384533,-1.2042566463082887,-0.342594984705879,0.7825183840003939,-1.0849446098673352,-0.3627267467798167,0.6066045994324283,-0.9840046720103304,-0.35740443676346,0.5581387185978622,-0.6381056329398778,-0.28287081716175894,1.023267904258936,-0.8843779227442353,-0.3441418775233699,0.8511996227977783,-0.8022815034203875,-0.29626204398481726,0.6762899110793792,-0.710239524886396,-0.26425401731896364,0.6181455352312476,-0.3111142963393291,-0.324704219538381,1.0402069304620742,-0.5352991966924224,-0.3515913870640607,0.878622763082613,-0.4770408390255854,-0.24239039557246367,0.7124564528165556,-0.3911870772896568,-0.1777156384516908,0.6560074181942167,0.0008476706128963078,-0.36740113102091126,1.0078733501429158,-0.19397049656617577,-0.36162676689832984,0.8770233288887407,-0.1745198127463227,-0.2574097134260954,0.7246853371328038,-0.11236836732991762,-0.1880080306878466,thumbs_up
0.0,0.0,0.0,0.014058289118822453,-0.5699428266444144,-0.028373716325936243,0.15719400545098458,-1.1393300706983633,-0.1092118639175998,0.2234550982873849,-1.5669339552526733,-0.1931537527891023,0.1738318374536023,-1.892753498849373,-0.257763881450426,0.46034995171606474,-0.9712366913711835,-0.22390957707923134,0.9253436662172593,-1.2123353798684322,-0.3317614527091483,0.7750117279524662,-1.0925462102182248,-0.35334101434568554,0.5993466143489021,-0.9891851566125741,-0.34882676854948924,0.5588941262221653,-0.6374969848906401,-0.2698370287729551,1.0149384958603402,-0.8944462470557953,-0.33527668835739494,0.842198059780103,-0.8086281346399964,-0.29233869555624203,0.6694407878637911,-0.7116734826572108,-0.2614872318223245,0.6226250856936852,-0.31106329927364956,-0.31090285830277803,1.0347949005247195,-0.5471961481217305,-0.34172861078703803,0.8749693806959699,-0.48708123344190984,-0.2366016472505017,0.7100173487824699,-0.39674818898659636,-0.17192575360451112,0.6635222594906564,-0.0006536696354225847,-0.35309785546324773,1.0083959435631318,-0.2055048030638123,-0.34774129174343843,0.8802591271913577,-0.1849145755444373,-0.24552509786564553,0.7305255931000898,-0.11808509024229717,-0.17643916447133687,thumbs_up
0.0,0.0,0.0,-0.00016647634016018014,-0.5530859654803096,-0.04892222006980739,0.1229269398573486,-1.1086167759738565,-0.1390943012121395,0.21322083393843108,-1.53613170061007,-0.22812256536258774,0.24323482384107098,-1.8756285216648685,-0.29297529745158896,0.4534421413742131,-0.9732074253988783,-0.23443200023913421,0.9228884783435155,-1.2041152655478673,-0.34687990823451403,0.7881188830845951,-1.0881144044000588,-0.3692990826801036,0.6165996357353151,-0.981604167883329,-0.3639987034411292,0.5560011429855481,-0.6442722758715871,-0.2716715743355268,1.0185302406970003,-0.8860511683572306,-0.33938423735670453,0.848501545888933,-0.7973759988668649,-0.2938578614562545,0.67081714929642,-0.7051414768293577,-0.2609110151449962,0.6187085815843354,-0.3193192993306054,-0.3074422111124169,1.042474473772561,-0.5430303525620502,-0.34435981278488514,0.8815113732934821,-0.48098624115049426,-0.2357062624468094,0.7145934288592929,-0.39608404428977656,-0.16787326548368098,0.656428731808151,-0.0004537585200826149,-0.3464442659865147,1.0073645399706816,-0.18741921107652565,-0.3532865080214333,0.8789773971423713,-0.16871714116357514,-0.25624670811720907,0.7252880604726362,-0.1120540459682586,-0.18796710015938792,thumbs_up
0.0,0.0,0.0,0.004934180920675527,-0.5655635381317624,-0.0426116602320691,0.13690888620827682,-1.137357970896647,-0.12691596239925385,0.21870743963757147,-1.5667213694863926,-0.21264830527567344,0.2149076979704707,-1.9121829450052554,-0.27679714943124484,0.4689572550855914,-0.9848933365042282,-0.21567603917182832,0.9324527520143575,-1.2143249690333655,-0.32804269645708584,0.7835111035338401,-1.1000029832477485,-0.3576247421571411,0.6113015946868124,-0.9982294813022936,-0.35850097329272484,0.5686093333974835,-0.6532628799319535,-0.25679693815329396,1.0242393354361805,-0.8933431254677027,-0.32516417726027036,0.8451879945526521,-0.809425000853006,-0.28698709627328267,0.6672873944665121,-0.7159726960451372,-0.2582405278492772,0.6297667979520526,-0.32658735169975356,-0.2966721352135366,1.0487053592729916,-0.5440907000329104,-0.3359464675572742,0.8840775502578232,-0.48785185583446744,-0.23576535320630587,0.7162183306712379,-0.40191604468320374,-0.17213694278366473,0.667054726977536,-0.012475126893000926,-0.33880287315417207,1.0119998399492127,-0.2039708440300636,-0.3457359614181861,0.8793030503685947,-0.18204526760075157,-0.2503678084113815,0.7277320369688677,-0.11799353804000164,-0.1830528293264536,thumbs_up
0.0,0.0,0.0,0.0028925296366443575,-0.542153631500989,-0.049624933411500594,0.11744457358551413,-1.0834422478984584,-0.13649699609766816,0.23047164933852948,-1.4976812294294697,-0.21868535602809114,0.3396855825525736,-1.8121532102229814,-0.2737530578030694,0.45569183386245227,-0.9752835897877483,-0.2410601756978947,0.9154957386886313,-1.1843674157695523,-0.3444640261163785,0.782104705536145,-1.0779568390992604,-0.3532704782685956,0.6107728680184279,-0.9799039834834267,-0.33920470901525196,0.5558101116015066,-0.6477742861986177,-0.2745455069484057,1.0058966764751245,-0.8753274121244371,-0.33474190258697195,0.8402300380410599,-0.7954340972878358,-0.28018687840399786,0.6663973826510219,-0.7064545136176017,-0.2427562018940565,0.6168918751092274,-0.32224339778782085,-0.3058820419415271,1.0222875574078867,-0.5263154793342907,-0.33927468010863715,0.8673476838969345,-0.47275891399759024,-0.22892753559114548,0.7072664580949873,-0.3917175407180871,-0.16149326100684755,0.6540651410311847,-0.00013718937368008684,-0.3397390932153943,0.9945641121598142,-0.19111923852306414,-0.34732559788777795,0.8671263757757085,-0.1691559418462174,-0.2518521507015887,0.7187167164519285,-0.10457801545765989,-0.1842825708410946,thumbs_up
0.0,0.0,0.0,0.015771285603319314,-0.5662649482801548,-0.031240335409472908,0.15395551596520762,-1.1256671783011993,-0.10973389906476964,0.23508834718313315,-1.544462720729629,-0.1901123416437908,0.20799987753634283,-1.878107671345916,-0.2505135705366532,0.4755522839420126,-0.9665760967137935,-0.21337430271132318,0.9303710875263209,-1.1879932768310255,-0.3188760984915714,0.7810597983163367,-1.05721045278181,-0.3442415813193078,0.609572699680286,-0.9541553123983182,-0.3438422546697307,0.5733505719407395,-0.6414722109088931,-0.2582389317889073,1.0245154752185306,-0.8687752591434812,-0.3140426798662856,0.8539145348206935,-0.7703610674946026,-0.27033034332518224,0.6761718801873908,-0.6745241284941409,-0.241198483108751,0.6348717342985757,-0.31253376943941796,-0.2998053257961498,1.0384208386457847,-0.5278574734673325,-0.3272831059184314,0.8835922765248033,-0.4564366888675569,-0.22346168268930822,0.7193499676611743,-0.36690957531666674,-0.16128484791739323,0.6682674798233522,0.006093476089317386,-0.34289169698495175,0.997258369622586,-0.19109913172065215,-0.341944940893519,0.8698817732115831,-0.15455648641035846,-0.2416977666228985,0.7276083942510836,-0.08480166472944342,-0.1729714808184239,thumbs_up
0.0,0.0,0.0,0.006132943750616855,-0.5484561211333328,-0.05341677318253285,0.11568359624757052,-1.1073810023558295,-0.1412780692430331,0.24333733168191385,-1.5287792661402513,-0.226864950087912,0.4091805723048039,-1.7779074228435845,-0.28327586035971875,0.4831705935195299,-0.9760884672894895,-0.21298864911819793,0.9344591536187995,-1.2026784117026474,-0.3274389794584837,0.7854297523550751,-1.1064565150321073,-0.35220224141325757,0.6084488492824133,-1.0016272470466274,-0.34753026238795715,0.5853943553667468,-0.6455192574538949,-0.24553394833782602,1.022261351361601,-0.8888361423387597,-0.3175129951146479,0.8423868613851088,-0.8062909621658445,-0.27587354932577723,0.6694036722569313,-0.7129009468866114,-0.24168048015689933,0.6474489239254083,-0.3210943101315695,-0.27914330252710556,1.0470019757910705,-0.5450239802000829,-0.32374769362870465,0.8781640096432319,-0.4888325306952646,-0.2170454442653165,0.7138553741631556,-0.4057988181214251,-0.1453899977179092,0.6799304866448598,-0.001077108058839062,-0.3161312389078109,1.0144919336043006,-0.19535600143508036,-0.33051384912543735,0.879294790544325,-0.17774473699099788,-0.23670033869035817,0.7286489969495903,-0.1162736323909888,-0.16581666745121224,thumbs_up
0.0,0.0,0.0,0.020631391749998215,-0.568473966156651,-0.03872058131795541,0.16820569492285234,-1.1367893148232895,-0.11904282329249159,0.26385167079881405,-1.567380209965564,-0.20171686256336363,0.246993374062409,-1.9020527370469253,-0.26292445200159537,0.48786774490613255,-0.9730508517336414,-0.21068090487094407,0.9399453803193142,-1.1988087534182006,-0.32039797540851656,0.7904406133486203,-1.0889490939103423,-0.34795588812753725,0.6168081990186326,-0.9846373405368019,-0.3483948194119616,0.5868561767223356,-0.6398629547106686,-0.2520868332436446,1.0287570918650852,-0.8811831592938433,-0.32199688973906077,0.852082038299109,-0.7956861085674002,-0.2840358654897683,0.6786679083186946,-0.6950477583737767,-0.25539334082750453,0.647716002872739,-0.31376466652867774,-0.2916780876597105,1.0565651838349275,-0.541648339060695,-0.3317121646771286,0.8913543205400927,-0.4837314603126041,-0.23106033384986216,0.7230845115383333,-0.39007079727308464,-0.1664759151718595,0.6835294602672571,-0.00012303973524338795,-0.33367670066068805,1.029015401188774,-0.18641186972275198,-0.34131067694475925,0.8991717909473939,-0.17310949545520327,-0.2488225279183715,0.7462033813092762,-0.1128600501600585,-0.183080500360827,thumbs_up
0.0,0.0,0.0,0.004676285676909822,-0.5483858421550779,-0.05647517852625161,0.12757415436020836,-1.101172379035066,-0.14096528452615875,0.24986097767443755,-1.522912680580779,-0.21992362080002056,0.34079905643286557,-1.843272743945743,-0.27168528222685795,0.4705753832611714,-0.9689558859628961,-0.2348483537491335,0.9218944419107042,-1.1796409710236153,-0.3395038580742391,0.7867906317122869,-1.086109417147363,-0.349019091968436,0.6080638764919244,-0.9832201816214928,-0.3335740214006801,0.5800999728604839,-0.6381890702250731,-0.2621753183252034,1.0085219861629557,-0.879844007910235,-0.3260775824851624,0.8434846183238397,-0.8012418181886635,-0.27386655723535014,0.6803891628882176,-0.6992753560755811,-0.23560511098992645,0.6486053131472727,-0.31470223587358126,-0.2888388570002677,1.038747195685307,-0.5396260651139038,-0.3275928764447496,0.879650911733271,-0.4895458963292129,-0.21831191563487454,0.7235919685912865,-0.40130568873135325,-0.14788711174399316,0.6908868055220674,0.0028624956895111097,-0.31870484010455713,1.026531398599719,-0.1944781469563716,-0.32822618810265597,0.8947912581002109,-0.18473573303733928,-0.23375650711239931,0.7443317390690527,-0.12688718459641596,-0.16477793974636154,thumbs_up
0.0,0.0,0.0,0.00038514840904174685,-0.5636093592175043,-0.045473005700752286,0.10823149885003885,-1.125612457732932,-0.1291485064285259,0.2472962675572531,-1.5541911458034439,-0.2111017540443072,0.4322457141106219,-1.7746517183697825,-0.26494909394887317,0.47032523401607124,-0.9937160977767622,-0.20258534891887314,0.9192979730446642,-1.2287407401631678,-0.30828214052786984,0.7824179254852902,-1.1391317571560584,-0.3269388733391313,0.6141206138814678,-1.0326492895390338,-0.3191128024669725,0.5825554144806728,-0.6656803281033783,-0.23303517660397213,1.0144871809896716,-0.9141615541758058,-0.2928625542704772,0.8520253842653724,-0.8358915764371898,-0.2473797874586861,0.684610888890321,-0.7408218973087816,-0.21360540316112886,0.6564371352024769,-0.34292448566199196,-0.26316282524695306,1.045679406212745,-0.5692345919196772,-0.29491633325985556,0.8923899704980293,-0.5112232729302169,-0.18849745755567443,0.7358293557191629,-0.42572696661276016,-0.12043302495229764,0.6988894176485123,-0.024690816781940645,-0.2961183310874271,1.030917228446648,-0.22939719618762908,-0.29922418962398967,0.903833010106896,-0.20647348752763287,-0.20435485499547154,0.7581923119062247,-0.13728327285734587,-0.13503586554881375,thumbs_up
0.0,0.0,0.0,0.02056174230613467,-0.5879977143819884,-0.021314376337964687,0.18028722122248186,-1.156285500516443,-0.09362718473309693,0.2673203807147086,-1.5903863457091698,-0.1695803259916799,0.2260029661888376,-1.9222111402005826,-0.2270409744374284,0.49392803884367165,-0.9763591736284158,-0.2019445735789259,0.9373275463508627,-1.225562437119305,-0.2905536214012161,0.7900542148392977,-1.1160234341108763,-0.30439929375659286,0.6243176473819235,-1.0096552775374121,-0.2986959304320415,0.6027001875651727,-0.6481374122365654,-0.24417948437818282,1.0311489915997694,-0.9099738243849318,-0.2888074441374948,0.8629877461369075,-0.829268690321104,-0.2429122678272686,0.6994087874897181,-0.7255557113075796,-0.21417834204885605,0.6741343635879082,-0.32213347027569433,-0.2798575555378855,1.0605088723481202,-0.5743989794499311,-0.29259593426038594,0.906275488584971,-0.5181770352404185,-0.18984654450506963,0.7510706083022555,-0.4175780165538688,-0.13090400602011829,0.7208515256890716,-0.009162357289475502,-0.31612009451815226,1.0516387027951377,-0.22272314961194467,-0.2986794002155964,0.928916159564915,-0.21687126829522677,-0.1970669361222169,0.7868017331454649,-0.14663022297903078,-0.12981640550823034,thumbs_up
0.0,0.0,0.0,0.03132791967108223,-0.6026098489778838,-0.025740305458177386,0.19499963296347034,-1.1697043383805308,-0.1034465058375398,0.2902411288679649,-1.6158830204232104,-0.1834779634019436,0.22590918487413747,-1.9505418631352447,-0.24759987699806263,0.5256884967115657,-0.95489882950741,-0.20186051419143197,0.9538356035263551,-1.2428434504530963,-0.28964484931602785,0.7881171990319363,-1.15942272493033,-0.30727367032851843,0.6214108145565373,-1.0448057602366119,-0.30441237063255455,0.6504881263653867,-0.6187403340138878,-0.23757043170561185,1.0557973196975172,-0.9254746336382166,-0.28275798267357,0.8809120712440035,-0.8742847797874281,-0.24382650172369386,0.728812816533097,-0.7523012316864013,-0.21927831720246319,0.7270422781513404,-0.29273252393043675,-0.2652609832474602,1.0913578268727988,-0.57256035884807,-0.27522310688421925,0.9373292647199782,-0.5427591805185026,-0.18145078913118232,0.7912925802350869,-0.43406257111065844,-0.1283992904526094,0.7784913544723859,0.008298881348233797,-0.2931889594339192,1.0905504372919976,-0.23078550190897557,-0.26902128452931606,0.9632654322557109,-0.2330248228711973,-0.16768607360908805,0.8351609982786112,-0.14627069954512356,-0.10119034858280133,thumbs_up
0.0,0.0,0.0,0.022516203571480355,-0.5897482687578062,-0.016638384766186357,0.19683028978572925,-1.156377204655712,-0.09662153152288999,0.30091776654798885,-1.6011657981028191,-0.17627821743381542,0.24685300286995202,-1.9413239862527714,-0.23690304039716203,0.5040713789601742,-0.9460133367763187,-0.24338544164521897,0.9974490849386194,-1.2549187337392063,-0.34456975109065535,0.850735361585776,-1.175567410074373,-0.35346882932706986,0.6714896745128949,-1.062674170917634,-0.33681656708855223,0.6246071224727842,-0.6081854038808205,-0.2822182695584295,1.101630415049542,-0.9402108815390562,-0.3429099069450399,0.9209088747209918,-0.8854259523250633,-0.28058861926900747,0.7540529514248017,-0.7686955694871291,-0.2329126371889419,0.7001160676082898,-0.28346702638024573,-0.311246203549424,1.1310296960799429,-0.5921899514939399,-0.32490396906709074,0.9680367167878872,-0.5669318092541489,-0.20132972339151523,0.8132934842350841,-0.4653032154433159,-0.12483141532880608,0.7448938367813719,0.019754821181534286,-0.33980332838649285,1.1004851050616742,-0.2319478945655471,-0.3106598304489997,0.9705386002775458,-0.25421768635707154,-0.19192006050331045,0.826354430325919,-0.18642266386267456,-0.11221672835634633,thumbs_up
0.0,0.0,0.0,0.03660487773632922,-0.569553919459572,0.011914933632067155,0.18704173917330885,-1.0759589708292567,-0.06864241240326734,0.29258474534752726,-1.4894374373880697,-0.1521011120519543,0.2729065864735453,-1.8314981231940797,-0.22502528523422455,0.578228142365517,-0.9142821376661484,-0.2390043844421029,1.077202992367267,-1.1577229248424628,-0.32405589793951006,1.2010962282663888,-1.161481256186915,-0.3036635667302356,1.170174084693575,-1.097586704805622,-0.25188737207745976,0.6732206784871666,-0.5753829447189062,-0.28301397204930845,1.2203110712009946,-0.8318469227643974,-0.34091622034440344,1.2657922797412329,-0.8618792808441886,-0.2538359439366673,1.196230316455837,-0.826111290324339,-0.16599411475456272,0.724386810085122,-0.2473647448487011,-0.31187052912704477,1.2243926292559095,-0.48804971422497717,-0.32707043847400213,1.2396101865623685,-0.5585467001502323,-0.18684283040490782,1.1469480931342118,-0.5617986673026735,-0.07211966465113206,0.7404080563793339,0.06754270838425586,-0.3375825116741146,1.1683901359191262,-0.15012676809172779,-0.3178544414521359,1.2162430113269906,-0.26505392852466764,-0.1941849515822021,1.1627872963939758,-0.3219673666650908,-0.08356230289926601,thumbs_up
0.0,0.0,0.0,0.055673483945661593,-0.5653530643343422,-0.016831164665271448,0.21664639883325792,-1.063192920215733,-0.08310633126839632,0.30239404148288934,-1.457840892210142,-0.1512074743786453,0.250447268498659,-1.762510030921768,-0.20544033092601505,0.5797067731085365,-0.928440875865153,-0.17326822820652857,0.9908642905018294,-1.0991130434984475,-0.24209570406385583,0.8339056290136426,-1.0045862107386336,-0.25488816440512446,0.6701805744811217,-0.9262027274738664,-0.25305704769965925,0.6827153761285626,-0.5827848673491846,-0.20770900326408132,1.0487510463937617,-0.7776676692641636,-0.2298459526370157,0.8808767471646123,-0.7313133406175596,-0.1916437927863528,0.723291784590142,-0.6512185042677255,-0.17232179150913235,0.7256440719644429,-0.24849227258446557,-0.2338752736625884,1.0309190252782217,-0.4275207307626715,-0.22687573253936863,0.8863744415131338,-0.4028169575415534,-0.1451582683295453,0.7442340929928213,-0.3308794001765033,-0.10622041276835369,0.7408245567053432,0.05471574081254811,-0.259547582003996,0.9698671075880856,-0.11538646356582244,-0.23080783422283863,0.8468600377556906,-0.12167654585411626,-0.14161934251785288,0.7331223703323213,-0.0671510366799253,-0.08537810172989976,thumbs_up
0.0,0.0,0.0,0.06009719691001984,-0.5694340116449172,-0.02884987841470928,0.22049956368204424,-1.1029825317854922,-0.10276439059340411,0.30088210611745564,-1.5244159405229063,-0.17881783669592527,0.24108735583035776,-1.8445235582013966,-0.23902561451782228,0.5929591305392558,-0.9270333919679741,-0.17092438376547425,1.005512662857939,-1.0637661335360284,-0.24398666499075175,0.8515989198533079,-0.9665794679288582,-0.26284603187435196,0.6878725448785815,-0.8984589031036764,-0.26799175451244794,0.6819964390618116,-0.5850080157789095,-0.20664358408938638,1.0650361915035929,-0.7393901335057125,-0.23521553138542425,0.8944374159542359,-0.6900074622168544,-0.20068031609684786,0.7291879154295002,-0.6255750760178928,-0.18390509191775783,0.7147184042450022,-0.2497838762531997,-0.23701387246985714,1.0394364267468579,-0.39771621989886696,-0.2374418317181829,0.8872106481479464,-0.3724559360454118,-0.15520659948421062,0.7349144318001192,-0.3133492245943729,-0.11482064867631527,0.7188052460068388,0.06021193056289301,-0.26844068169891744,0.9598007422986621,-0.08169471781985323,-0.24606839093615773,0.8345399136932041,-0.08938550337415506,-0.15691624664414688,0.7162611361787303,-0.048610034537864166,-0.10021634360375029,thumbs_up
