0.0,0.0,0.0,-0.004960303696384653,0.5108115305618784,-0.1362293762422066,0.15317047762247518,1.0197884951384537,-0.21817407200264358,0.29659517222483,1.386793071721572,-0.29884425012965954,0.3499402355111706,1.6755774746309322,-0.3554345725778588,0.8474582254098669,0.7913634058063911,-0.08317002110377321,0.8091918296601455,0.8334684390531178,-0.24188640412499385,0.5240622588724568,0.713287625729195,-0.336783667626297,0.39540913383142473,0.6479903301709231,-0.38015500045301726,0.955930601447358,0.4619032569901848,-0.08733507554119473,0.8780515314872172,0.4743008772399168,-0.23539455608971394,0.5513362561129,0.40347686445671804,-0.2657069878476651,0.433331461264701,0.37157913313506463,-0.2551325983371295,0.9666921097128585,0.1250239280144022,-0.11489677004725145,0.8984976996380616,0.13520821067045846,-0.2602977648083463,0.583617641918172,0.1258191391259025,-0.21142480488798576,0.46221052935388296,0.11916029239749751,-0.1402093882365703,0.9270794355024392,-0.20271047317912713,-0.1571807366933409,0.9156704231016315,-0.20134745343187138,-0.22756044052697405,0.6929215018547055,-0.17025818674024326,-0.16414088298268767,0.5901561606494421,-0.15344505216086493,-0.08814296795927712,thumbs_down
0.0,0.0,0.0,0.1551769064465281,0.5125016071782115,-0.13055598721391629,0.428101247201129,0.9511809168569471,-0.22007043905896806,0.6196889603767414,1.2855156021766043,-0.3110987626671485,0.7175414745221558,1.570018480364444,-0.3786196622244143,1.0365430709397574,0.39345407814200467,-0.09967452303759296,1.055957094049552,0.6606061906625116,-0.27999204134547884,0.751389099959475,0.6045703933773982,-0.3924232894126872,0.6012522037126367,0.48926549792652413,-0.44735393822604225,1.0609943861354647,0.038770338573245196,-0.1127240370009162,1.0300484516979918,0.30393279180894617,-0.27465523402990194,0.6965977806129036,0.3002997191173963,-0.3164785632246798,0.5741308644451586,0.2126418043213482,-0.31265247831924947,0.9915085255387709,-0.28846546990343896,-0.147313537617261,0.9468026628191332,-0.0666974940327832,-0.299031931775287,0.6400463780528499,0.008359245292827097,-0.25099316498649843,0.5290557564231912,-0.03779767201240899,-0.17966877484457405,0.8684252248006594,-0.5876645620268022,-0.19529148661028792,0.8723623080638894,-0.42878370284484557,-0.264553939163075,0.6633473038638363,-0.29544224071211966,-0.1890634385364942,0.5673723790813431,-0.27823114427579265,-0.1043592901412615,thumbs_down
0.0,0.0,0.0,0.17072307869957654,0.5262355967264061,-0.14463772889510576,0.4582917992276668,0.9768972670295996,-0.2518445329560405,0.6643428732727169,1.30905370867167,-0.357000520751529,0.7872718364459087,1.6031794656456781,-0.4341719684588102,1.1320177373768368,0.37788990703791697,-0.11736744420823562,1.1276227256707283,0.7159987278210236,-0.30359537340126314,0.7973248185319618,0.6437726978689899,-0.41583837037212734,0.6671484155842953,0.499383997095717,-0.4773242620650042,1.154021941107545,0.018837936767806665,-0.13625205553572756,1.0853305058654312,0.38306592562961844,-0.30527776952095853,0.7285670673996165,0.3616547633631464,-0.3505806568237811,0.6396649142224828,0.23291238874246095,-0.35148925315901136,1.0686835278404967,-0.3060017924501204,-0.17695602032983476,0.974668715202456,0.012557779723460519,-0.3377980577845516,0.661573656862794,0.06350950313153816,-0.29161400337020515,0.5944193141337536,-0.03855276390580856,-0.22487123099495043,0.9261170356688723,-0.5938989244728285,-0.2323951277767917,0.8921658342355622,-0.3636687389339994,-0.30869580982985445,0.6767321177082641,-0.2373525966285362,-0.23246511321668173,0.6081885204380041,-0.26041025150725344,-0.1479129999626115,thumbs_down
0.0,0.0,0.0,0.17416139320618498,0.5434631499719728,-0.1468485320168421,0.475340167539377,0.9880131880091659,-0.24215898913729197,0.7058172510326908,1.305594476950509,-0.3320438469975017,0.8537918089057921,1.5681993734918143,-0.39542109486683563,1.134264638355091,0.37801011902545456,-0.11533105348227896,1.0507721179429441,0.6670869839289921,-0.26710343750844295,0.7370805843235183,0.6105785816511791,-0.3582585297177209,0.6222763003820475,0.4949191004149227,-0.40947698785124936,1.1402619162222511,0.014132750763944532,-0.12620105655630043,0.9876364411121946,0.3320611230811798,-0.2553227567700666,0.6601313927175808,0.324551207431643,-0.2865834163081438,0.5828815300476436,0.2267100181089212,-0.2916280058014616,1.0376499448222951,-0.3063939038486324,-0.1576986837378965,0.8931506601466443,-0.0120865731874639,-0.28312156232260993,0.6073145853691698,0.03411587433827629,-0.23325506456561262,0.5417929121218218,-0.045568818572076564,-0.17780574584183917,0.8864228928488274,-0.5865652550632899,-0.20571256091586293,0.838985877826745,-0.3818094712355115,-0.2659660584021672,0.6393947753493063,-0.2803989733355915,-0.19253065716773463,0.573853326421239,-0.2995063167637767,-0.11741962012948538,thumbs_down
0.0,0.0,0.0,0.1319202876755201,0.5841027482206672,-0.12266169527343201,0.4094860717114056,1.0795322046143323,-0.2056438935195541,0.5925775112377107,1.430186505138933,-0.2931232567238741,0.6750074794564852,1.7409219999688137,-0.3554371760225972,1.097560019625404,0.5629037695220603,-0.08007248866831765,0.99319828253213,0.9280962051531014,-0.24907852483704454,0.6896855993971908,0.8166772036471476,-0.34858174843888784,0.6100248963780104,0.6487838567140434,-0.40349602375112414,1.1373956459258505,0.2152285085718801,-0.10636498800674937,0.9542013479778463,0.5974138858232875,-0.25761176702579375,0.6250328936238105,0.5124345706083153,-0.2956460776083615,0.5850288797691029,0.3608955098488138,-0.2984379889052379,1.076920574510715,-0.11435097371580973,-0.15474878060372865,0.8895725816398911,0.22149577161553288,-0.30367321883018483,0.5813381491822154,0.19315310308483025,-0.2610853436025703,0.5468552183415556,0.05794398331036364,-0.20336500635260243,0.9618948333184328,-0.4182576431524056,-0.21761244469179974,0.8690974665480352,-0.1796837217565189,-0.2847384187471032,0.6439661467730352,-0.11742658253821604,-0.2128561049136398,0.5820137281649734,-0.16409468601023253,-0.13673233936044096,thumbs_down
0.0,0.0,0.0,0.27020088946056026,0.5588790588411433,-0.11033832923771048,0.6168593197345006,0.9712549046656953,-0.20770412816697892,0.8582442706707608,1.2687202870525198,-0.3172304915800897,1.0035689560076482,1.5570696998472051,-0.40301755994422284,1.2980902495655375,0.24383835829370626,-0.04371412178195367,1.2839831572602234,0.6848048752397381,-0.22785847929359038,0.9522048656462251,0.6577736790494638,-0.35630114314556144,0.7871248981931181,0.5192266430560372,-0.429406270082766,1.2752757915116153,-0.10909098118586584,-0.08186296129212325,1.231586405438348,0.36135746286349635,-0.24505361689250066,0.8623740243644399,0.3707428611908895,-0.2914543247716653,0.7166237843695519,0.24368223237095968,-0.29391645845300757,1.1621407028525486,-0.42023121010902886,-0.14482601585947324,1.116150020677997,0.023859609588194178,-0.29609369020496645,0.7873497195218733,0.0739849522711395,-0.2475042362870404,0.657538151943149,-0.047870884358485015,-0.17984330391489559,0.9891656705231806,-0.6902755275727775,-0.22259076278049242,1.0051855284191726,-0.33529870813490065,-0.2890811828662885,0.7822243285151362,-0.22587941643720202,-0.2078436378308046,0.676733611107806,-0.2923382070838274,-0.12140810323450651,thumbs_down
0.0,0.0,0.0,0.22291304982380625,0.5519094082962265,-0.08861521648577197,0.5473566810448137,0.9626856328531419,-0.17082703305970673,0.7424266392745539,1.2684301901933095,-0.2695268337934384,0.8403472504934301,1.564680938817676,-0.3435919027948783,1.2276108051418535,0.3864460145879306,-0.027420140459817173,1.2370020810864717,0.8687492817958907,-0.21761984522456573,0.9111003068274932,0.795908367882256,-0.3401272251827979,0.7305768452456899,0.6331625462951322,-0.4033045388336619,1.2347404622176832,0.04938359355418827,-0.07332581093158803,1.1957612228295786,0.5811729870875195,-0.2628365704737614,0.8142980287102346,0.515923127720037,-0.3117201749919248,0.6383277480646723,0.35037897811231405,-0.3018875487753319,1.1551083401100877,-0.272580196395646,-0.14447625264223887,1.1070213777950162,0.24957293138581604,-0.31055491386588585,0.7644054007787583,0.23391989744179578,-0.26614464175419283,0.6234255625113932,0.07196802430409632,-0.19087641476590492,1.007751507896947,-0.5681377146024581,-0.2284967263169147,0.9934150673244863,-0.12304386226762885,-0.30499370195189374,0.7653908042257008,-0.05126547822173786,-0.23572247951042655,0.6709699177718867,-0.1488276784263025,-0.15340338065226336,thumbs_down
0.0,0.0,0.0,0.16166225662904052,0.536337641161891,-0.11000896131108136,0.42826404891791603,0.9782012649155858,-0.20676372100228194,0.59845623856401,1.3129461939581861,-0.3165671970862289,0.6825568769561964,1.6279865523038215,-0.4046689762748768,1.134438548510988,0.49669043667112167,-0.05419479616515007,1.1241855236161582,0.9577948489405298,-0.2613399477120455,0.8247704807173752,0.8691489688290464,-0.4003819117798147,0.645793762797885,0.7013391735816994,-0.46990363776087696,1.1713303930846277,0.16029317339341712,-0.0902955596855823,1.1053490015074863,0.6633830987936675,-0.2875602557730426,0.7380859760093013,0.5729949494993846,-0.3434047608758614,0.5646631819675711,0.40184786232041014,-0.33766832195719076,1.1174633271335352,-0.17093547553733887,-0.1531952396286094,1.0419311967972422,0.3103566873441018,-0.3302636779302931,0.696994962921956,0.25668139444324173,-0.2886501383882633,0.5519563437449424,0.08965808913064029,-0.2125677626765194,0.9950869922029301,-0.47783672111656667,-0.22991605978675142,0.944008350487973,-0.0912786816194993,-0.31792826222449344,0.707279729563031,-0.05108922229703883,-0.251953621279149,0.6058710223154027,-0.153123947317839,-0.16947033782791898,thumbs_down
0.0,0.0,0.0,0.16404830909502552,0.5566789667466331,-0.09069335192069017,0.42216631618227596,1.0224641809541395,-0.18195534754995885,0.5725254540679755,1.3863261043127717,-0.28865651134121706,0.6349115808227683,1.7163296456145087,-0.37290902691426786,1.1374807295399378,0.58141210939935,-0.0467488336531088,1.1055883152323611,1.0604688086758933,-0.24511059904861568,0.8036077963186855,0.9236322049110903,-0.3733422396074158,0.646199166067354,0.7204731652159959,-0.43772809342980307,1.1859331965488376,0.25193603352712973,-0.0928977875670209,1.089703120870793,0.7644417387063164,-0.2823945268300082,0.7300657319928432,0.6235139976051118,-0.3350141784817418,0.5906906461775296,0.4169050016015358,-0.32959956652700023,1.1462206480126034,-0.0776808747400361,-0.16268026659805615,1.041809609764814,0.41418982300581403,-0.3314277907906567,0.7074424510581936,0.3252895923802343,-0.2879336792333857,0.5961183791628563,0.12659257781941066,-0.21403129227284315,1.0393030555553937,-0.393947571754655,-0.24432068567191856,0.97922054440364,0.009142734111624992,-0.32325079186556777,0.7423531397680054,0.034942179183215835,-0.25003719067203656,0.6602714713697618,-0.08348911761232752,-0.16414419091461627,thumbs_down
0.0,0.0,0.0,0.11112793366068696,0.5703258563527647,-0.112862293092269,0.3275673589518011,1.0768960258135163,-0.21168400355040956,0.4545700570405975,1.456985504266653,-0.3201581712139657,0.5139917936807898,1.7856666588541596,-0.4060176084686895,1.0393617169686735,0.6985354614760246,-0.08755828104091815,0.9801928600557575,1.1681418637500964,-0.2911489451931811,0.692615284598826,1.0125554243628612,-0.4155422588226496,0.5648876923988918,0.8049557494724251,-0.47684387710924775,1.1041301725872248,0.36503751050175004,-0.12257623871160174,0.9718407467568535,0.8415953973381479,-0.3138756253947878,0.634143409207711,0.6895434416514264,-0.362356095696445,0.5262479200345637,0.4971773748459727,-0.3569252483821278,1.0775257254968411,0.030417223472644677,-0.1813499189749223,0.9236652839845738,0.48028484242159314,-0.3540917560343458,0.6091203977758788,0.37930959237494705,-0.31120489572979043,0.5226392804996921,0.19640464353727616,-0.23891686144989008,0.9893531886279991,-0.2863898322897738,-0.2531520997466769,0.8997741905412253,0.07868100667685611,-0.3349633262601989,0.6688695865835163,0.0976374042889237,-0.26429190479201625,0.5914025692399106,-0.004174390226208016,-0.18057814369111544,thumbs_down
0.0,0.0,0.0,0.1252451100364601,0.5618744466488912,-0.12333578573113999,0.35678514131786404,1.0540805413949104,-0.22761885969801737,0.49388892209232327,1.426771500701076,-0.3379466145840888,0.5577445070117065,1.7526431592741607,-0.42362741571483525,1.0652231197717419,0.6290392556290276,-0.09737239183414613,1.0001631321695552,1.0793178028091932,-0.3013811355200243,0.7021649105134695,0.9295105394285988,-0.42575231733587215,0.5879229498838927,0.7349706729862923,-0.4901808327807724,1.1144915923078151,0.28771384197611494,-0.13080181319018222,0.9793159267721392,0.7654778139914733,-0.32886895453804676,0.6347130055449904,0.6258799640499915,-0.383581361182341,0.5397414878402677,0.4374074202881546,-0.3825056522626048,1.0700048949922154,-0.0440471974310062,-0.1873843083195184,0.9174321187483031,0.40307864860887993,-0.3635100254851286,0.6049402865587691,0.3111552088291725,-0.32089537319107686,0.535244337193603,0.12840810873729702,-0.24980559751665243,0.9648247876532249,-0.3529262334745523,-0.25757212066471274,0.8752780248501848,0.0073779961882264435,-0.33786225181922164,0.6453862211116118,0.03331878693979662,-0.2646013384768572,0.5787968398154276,-0.06585743069175821,-0.18022812158570017,thumbs_down
0.0,0.0,0.0,0.13657025870236822,0.5761189127801969,-0.0996156036610104,0.3718523366204955,1.076008808901566,-0.19807823169998376,0.5028369890859025,1.4513505019184163,-0.3080930504539334,0.5652194596418979,1.7858969136060994,-0.3945402129020415,1.0808663762717299,0.6781020951454133,-0.08496360572243547,1.0088963869836673,1.1616019116747196,-0.2898756299173587,0.7110310002014626,1.0049430104130146,-0.4147064972500104,0.5991481629003682,0.7863547800279246,-0.4791093279630115,1.139391914486266,0.3406761642156039,-0.13162605264449412,0.9766986588929792,0.8509192751186031,-0.3236606082616078,0.6340697605444192,0.7019315603993491,-0.37691029671824955,0.5508327421729534,0.49185385331923603,-0.37924786633841084,1.1003782363150434,0.010481249203032238,-0.19983901880412192,0.9209434340905498,0.4738428412156941,-0.36725068017167956,0.6099541007014665,0.3643173435557128,-0.323411835497964,0.5538641453855669,0.16005725279970995,-0.2567634599051845,0.9992670269374165,-0.2992147691646311,-0.28039464963153204,0.8880218512644826,0.07105575657314733,-0.35480913924831675,0.6625929844234894,0.0772691917294359,-0.28138830239093227,0.610027323001288,-0.04767064607584307,-0.2000439889419796,thumbs_down
0.0,0.0,0.0,0.1437882459295835,0.5669689920030073,-0.111085896865237,0.39398596973357275,1.065420396147655,-0.21382196529186664,0.554814009935273,1.4255704631641875,-0.32372681175007617,0.6279746083395886,1.757269581799647,-0.41045719361402677,1.1081893523409305,0.6130540852261297,-0.10557943981281152,1.027987405902406,1.0843181901760781,-0.3038355897392743,0.7262093059904172,0.9523124889546267,-0.42786453164075366,0.6048370158813386,0.7501395054433011,-0.4938249099471908,1.1551533056177965,0.26433966651252383,-0.14358532203925867,0.9907319462254213,0.7556563515929555,-0.32777494834588644,0.6464130838930443,0.6388060665245773,-0.38016365902392174,0.5516896394154854,0.44898820567445397,-0.3846866584870268,1.1026817176830257,-0.06507667698572296,-0.20149254059912475,0.929334841489483,0.3844189981432985,-0.36415139095506366,0.6143805400380685,0.30751811538448504,-0.3185667277226432,0.5409796054399231,0.12548061542938893,-0.2521019679048956,0.9878232083534079,-0.36555888749021465,-0.272398626397732,0.8964711698561934,-0.01438667529615401,-0.3470765040396623,0.6735560004456775,0.021559915144050125,-0.2732057048552565,0.6084634127014781,-0.07274901220477785,-0.19139033423398105,thumbs_down
0.0,0.0,0.0,0.14559234257763623,0.5752701961303167,-0.10485984089409024,0.404553301065478,1.0763639427612055,-0.20053307391750588,0.563593635187387,1.4356860712415125,-0.30558561607347834,0.6374039441899545,1.7682400084944052,-0.38711109596188464,1.1076767320501097,0.6354265332861297,-0.09100985934750597,1.0361074046649508,1.1169664436920368,-0.28868356605896695,0.7282458816320131,0.9660493001112651,-0.4079069881562319,0.6052970798165849,0.7543259305019524,-0.46853721137274174,1.1522710471694444,0.29358414549520273,-0.13223038657302513,0.9962031349227364,0.8112555231641941,-0.32027190654843607,0.6464855736895785,0.6671163926389648,-0.37025912228111435,0.5488921063737253,0.4608981618894501,-0.36885430509059147,1.1025125116093173,-0.035255420425590656,-0.19427326946989085,0.9313538098140535,0.4390062390473183,-0.35974469484834726,0.6139108397720003,0.3355326646475575,-0.3145403995398903,0.5403439238207326,0.13520883349273477,-0.24527587088371242,0.9911095362999376,-0.34171207372201,-0.26880814834133504,0.9004500385543629,0.0229092133156131,-0.3417880729765253,0.6778857995150465,0.045588064986818035,-0.26647458067980073,0.6118047962711155,-0.05819826317834363,-0.18236992001024907,thumbs_down
0.0,0.0,0.0,0.1516769044605741,0.5630173218156603,-0.10732414939818752,0.41398785624257145,1.0422690899045977,-0.20121666625840404,0.5852948784632819,1.3922451467044656,-0.30567777176583366,0.6699388686281962,1.722835166799092,-0.3855664107508548,1.1146132675386342,0.6192534266237917,-0.06912974024760918,1.041809017332076,1.0977246460559253,-0.2737811446004439,0.735912679689147,0.9599514241443123,-0.40157090340808516,0.6111359759524618,0.761994240641301,-0.4668514934172038,1.1640040372344251,0.2794313119471653,-0.10898903303000955,1.0124707724530613,0.7911145788069658,-0.30877216945512764,0.656216278474802,0.6504872896693299,-0.36419261368487055,0.552891894828736,0.4521104655035002,-0.36152083585174133,1.1184577037528702,-0.050986766131458514,-0.17316053851604224,0.9519837843384106,0.42818073334567563,-0.35590614699100354,0.627728380496711,0.3231973646046144,-0.3170513477652717,0.553511992643874,0.1289914111239959,-0.24572669265433958,1.0091149239476642,-0.358687218145266,-0.24941339122085035,0.9142778365469534,0.023354322242885264,-0.3374580773910038,0.6833167235514861,0.038223901834712457,-0.2697248398593731,0.6163176443802625,-0.06998976369213984,-0.18744916210531615,thumbs_down
0.0,0.0,0.0,0.1371900189575015,0.5591068102872422,-0.12357041294604894,0.3993974280992853,1.042044837075433,-0.2265251386428352,0.5678293973399181,1.3971685663926257,-0.33656250277546484,0.6553621266143023,1.7223032107001424,-0.42388185608195145,1.0873327803092774,0.5745887665486681,-0.0927788700598341,1.048290090730495,1.035541466048404,-0.30226944833560615,0.7473481222717022,0.9151697647214772,-0.4360443657217458,0.5977358339299987,0.729174370559764,-0.5045957728611844,1.128565017250262,0.2280943799133257,-0.12405369428165698,1.024676801495037,0.7091887111874668,-0.32699878262426,0.667038017193851,0.60168388535836,-0.38405474823359964,0.5290469443233488,0.43276916457968073,-0.38131542994182,1.0766736772097756,-0.10270358840769218,-0.1796724118211973,0.9402978511448005,0.34179995640232785,-0.36025854639003063,0.6118242106856326,0.27897444236840463,-0.3181237728131382,0.5044147484175974,0.12031829773272659,-0.24375887054138884,0.9635436727915964,-0.405289200821309,-0.24935289703384472,0.8887048930909557,-0.059763707966453354,-0.33338366442665773,0.6532776910883032,-0.01670939125192869,-0.26244292326457197,0.5716172379856792,-0.09661473099278736,-0.1783738117732448,thumbs_down
0.0,0.0,0.0,0.11577919443060534,0.5360101061769772,-0.12354089714765921,0.33197884053073246,1.034171282249129,-0.21293193896776888,0.4829618625253794,1.4295122710058632,-0.30316687399429987,0.5601986986699546,1.7310345999823407,-0.3704040707722351,1.0281109965264401,0.561039900150174,-0.08637811645066223,0.9386160886475645,0.8014646869522596,-0.22641235073459326,0.6593419386040095,0.7070233247141232,-0.32033388878418406,0.5798596595228036,0.5822591976108131,-0.3757024498113516,1.0708886007807517,0.21641676221726217,-0.10464238626257012,0.9068993553360715,0.44261817143130794,-0.2143356124452568,0.6050795041827011,0.39694357833107413,-0.246556093672291,0.5549484002814367,0.2953332355118668,-0.25996424864217077,1.0154633406401923,-0.11825419963121318,-0.14212930388796627,0.8815104011254301,0.0829632490392766,-0.248200219792243,0.6039530291145445,0.09398302794172753,-0.20251498326088027,0.5434457899046653,0.01247459517777628,-0.15574573425956545,0.9099370053970985,-0.42598221693475746,-0.1951082788056509,0.8728613168595767,-0.2999711044525971,-0.23891176412184642,0.6837051722685498,-0.2170465767590516,-0.16786846649432546,0.6142260392064671,-0.22018616668945226,-0.09848667390707427,thumbs_down
0.0,0.0,0.0,0.05604101926363158,0.5213380097068337,-0.14384320981441936,0.23108530755058923,1.0142425232620438,-0.24624178542538805,0.3639585700006949,1.4038684461369357,-0.34448985854569397,0.4223802784565992,1.7279047933550242,-0.4193901382777636,0.951000328327617,0.5878964190082402,-0.12664773629745915,0.8187595417365179,0.785794168333967,-0.27079060907495844,0.5373715134007843,0.6887236603318244,-0.3592470750524689,0.49362574782243634,0.5829636849115135,-0.41444431183448827,1.0180797360078582,0.23512160097774684,-0.13886133128450806,0.7867148683515528,0.41081550069492917,-0.2428245145084856,0.4919283635993004,0.37362476497829694,-0.2649777997418485,0.4949962084508712,0.2978570450869361,-0.27918549869578113,0.970915712773254,-0.09584752880688863,-0.16982255282553532,0.7778197740787669,0.05434402010951178,-0.2744282838699728,0.5052606081450435,0.07115305280196409,-0.21849132950795247,0.49213899635112784,0.01391408382912745,-0.17249883062132088,0.8774136393436613,-0.40516653822818594,-0.21835903423409558,0.78916390729419,-0.32494742051027076,-0.267669408097839,0.5914240362650797,-0.23599724792044446,-0.1929856574869064,0.546318977059765,-0.2202733397154688,-0.12401783525130472,thumbs_down
0.0,0.0,0.0,0.07931392181841478,0.4919468299267856,-0.16409983008754123,0.2232028321477555,0.9748277728582908,-0.2805047780978899,0.32441599837509066,1.374508868835296,-0.39092345910371856,0.3676603632718473,1.7040899506992397,-0.4869966729356957,0.9000048299032173,0.6387177568907774,-0.14568220779113175,0.8135950699215212,0.6614809005212435,-0.31803003095887816,0.5750730480229246,0.6045776194051835,-0.4425205983351797,0.4222782885536527,0.5433367210893112,-0.5056933481284223,0.9711192436762877,0.29176407942040866,-0.14493709709690278,0.916950530729819,0.3117766320209147,-0.3012220027450277,0.6369888139576596,0.2905364231188259,-0.3594635741985496,0.46258856251956004,0.25069596230872937,-0.3727076127833063,0.9558464057715133,-0.042686426008917984,-0.16536182108991407,0.8847026167544335,-0.0037905509672238324,-0.30997704148044697,0.6145343011376286,0.01849190685218132,-0.2898393579703949,0.45648595095080036,0.011846234765925367,-0.23961238789233752,0.8808090616848395,-0.3594179368505154,-0.2036188918703463,0.877751365831146,-0.34204801172081845,-0.2795187999402017,0.6900153258578452,-0.29267890844812633,-0.23169668952998218,0.5749643214704228,-0.27494541698673014,-0.16829634120452322,thumbs_down
0.0,0.0,0.0,0.05076035215586563,0.4291804323841447,-0.19523203406080525,0.20684136080690463,0.8462799542599995,-0.3253874138647056,0.29324202456978565,1.221556374101131,-0.43660451285126417,0.3370183129901979,1.5669412733492762,-0.5241138031652016,0.9250109637502264,0.47999011983921336,-0.21010315345203867,0.6394488007563782,0.36514586035650753,-0.3936699016474277,0.44057367308975043,0.33415195100891565,-0.5033297961828487,0.446471226097928,0.36381588654350955,-0.5647098077723339,1.0028824804991654,0.10187417944395216,-0.1970307877282994,0.6544055244526943,-0.013330738088099932,-0.3382739924918771,0.4491277712894962,0.039317020054517406,-0.3568498431586082,0.4666954853608751,0.12159242109783215,-0.3620770457004596,0.9767994181756907,-0.23822447084820927,-0.20925540383513,0.6445482938671031,-0.30877243651545494,-0.3413170447832361,0.4464103603264975,-0.21720498704983265,-0.3015644186098935,0.4704727546481319,-0.11068043583962454,-0.2624326658355729,0.8953107355817361,-0.5189098111622183,-0.24639122714126235,0.6883920639036666,-0.5880654250519564,-0.32080220816894867,0.5055293597266456,-0.5135948305377331,-0.27880125805132266,0.47823125026417834,-0.4260857292479305,-0.2299517745029504,thumbs_down
0.0,0.0,0.0,0.04132111070473003,0.41497328017933954,-0.23722462606319678,0.20645530264444262,0.8290088407689582,-0.39074863880681066,0.3155854056528664,1.2068628338694063,-0.5143392331629667,0.3862142987523541,1.5595178282334263,-0.6104398399761108,0.9353866558772315,0.3317531707729274,-0.2899684876236807,0.5273351254960518,0.24811505571538656,-0.4742738249182804,0.33983281548764693,0.2640058198555752,-0.5687535040573072,0.40405620539958526,0.29064029237643246,-0.6248710516653309,0.9748795215889374,-0.06314158358164405,-0.2674909560942321,0.5378711794564823,-0.11270087294159079,-0.42146194112482194,0.3467643893817549,-0.025595044643672765,-0.4411150932265002,0.41018104764994817,0.025378144015483415,-0.4523798639510873,0.9246171351660323,-0.3917949631389204,-0.2669357261224939,0.5435194567386921,-0.43166230027265134,-0.41865716173161494,0.3484824503966935,-0.31443656431492567,-0.371295580424077,0.4067609138546534,-0.23927491039667811,-0.328397244824999,0.8281144627790087,-0.6624711515139813,-0.29323552925711627,0.5997261917275787,-0.725652031479418,-0.38884890425283025,0.42573740726923387,-0.6239714826397037,-0.3448558080008595,0.4278569078127218,-0.5376515820176405,-0.29374922352907357,thumbs_down
0.0,0.0,0.0,0.014669509561252165,0.4246837635328202,-0.23234748285248377,0.16558739393158806,0.8600204193201951,-0.3848531883417718,0.2445883196101317,1.2588068321063368,-0.5059623399939519,0.2884688270962531,1.6228930037352796,-0.6014552143050076,0.8641119385813298,0.35747683845551304,-0.3290795115953503,0.3942672645096229,0.26736596573921595,-0.5156835436519862,0.2223275351819473,0.28481926758158105,-0.613590955073364,0.2974171266581173,0.29825690749932066,-0.6749162615014106,0.920561452605416,-0.029701682156998966,-0.30381636735255324,0.40260698569168446,-0.096879945772149,-0.4512386759136562,0.23889959260118845,-0.002532526796202261,-0.466449027265813,0.3111878127661225,0.04453723712234799,-0.4806846500591101,0.8816076593876875,-0.3582510800865838,-0.29642397914843954,0.40868990334349514,-0.4123623920278929,-0.42325687256249817,0.24999903043615096,-0.28616712060862276,-0.3712551397741596,0.326730732617509,-0.22443300619200862,-0.3347380485308214,0.7921263834567749,-0.6398721106442601,-0.318442144299464,0.452926959418851,-0.6917073203374658,-0.399270644227904,0.32042330017880094,-0.572599455280406,-0.3674726388441822,0.3661559113495148,-0.4915119751568247,-0.33122164539242094,thumbs_down
0.0,0.0,0.0,0.1155485674988931,0.44767482768413047,-0.1861218742760618,0.330089789109865,0.8671610377571726,-0.31086275276985237,0.4928624402549176,1.2425272733047286,-0.42022077815397607,0.5843865229772481,1.5477916224870478,-0.500785526427845,0.9857085640853018,0.46576937990444306,-0.17919875869229454,0.8516901666018284,0.42459542647526277,-0.346301800239358,0.6059717022860696,0.3788862322002251,-0.4311981513162274,0.5413283851016737,0.36775552997076144,-0.47067261316005116,1.0332731171233913,0.09852328496633507,-0.16414336715833244,0.8230715205574822,0.0830154299153819,-0.3162672284710252,0.5470761175839676,0.10631383380020881,-0.3329636217407318,0.5095109946743603,0.13400715727990606,-0.32037214628151534,0.9811182099832427,-0.2334713560609997,-0.17307149937684388,0.7910325893437267,-0.21439745578147218,-0.32463392838453337,0.5372273424420103,-0.13592850691551514,-0.27227481665900927,0.5038490140676697,-0.0718818269882234,-0.20487613126664017,0.8761887341578888,-0.5279636017663778,-0.20156319457363997,0.8141783440123634,-0.5351816253927356,-0.28140596372360727,0.6290052362126379,-0.4489743402514117,-0.21971539816063715,0.5769812230559682,-0.3825498133887879,-0.14461857835001532,thumbs_down
0.0,0.0,0.0,0.12424932178495895,0.5019156164007209,-0.15458644022506407,0.3645345400130417,1.0007304633924767,-0.25055069559750803,0.5637034251738592,1.396642514030183,-0.3515105616032951,0.6615233585071629,1.7114078982333747,-0.4354695828361777,0.9243860299677303,0.6614257146403296,-0.06856861463831598,1.1960931598701598,0.6619285421120538,-0.27151740945191644,0.949116453578954,0.5758020384690424,-0.3994095634607089,0.7222263208543034,0.5375671605350401,-0.44909340101979,0.9523633043634965,0.32207791032485455,-0.06630969922247038,1.2067248086148086,0.35236365487941496,-0.2910945242211455,0.8562444502063234,0.31565225192281504,-0.3602402692803943,0.608769145114792,0.301213261221014,-0.34585207068845686,0.9241015557100272,-0.002422644286548192,-0.09499808718286838,1.1380177401600484,-0.013423340716866038,-0.2962291884665204,0.8142871881678072,0.026301567248025105,-0.26635646016955444,0.5972767695282546,0.054334583221314105,-0.18082317184940572,0.8553921807072316,-0.333800940714935,-0.13758856273010114,1.0604227732754257,-0.3485862980467233,-0.2546006575761372,0.8393289957638141,-0.2552341482580504,-0.20725525127376898,0.6752380931258385,-0.19005609829750036,-0.12680169051063042,thumbs_down
0.0,0.0,0.0,0.07849697208898922,0.5088412990232358,-0.13093128276140859,0.23038029830055132,0.9910040407067916,-0.21792555915124953,0.3838023244421646,1.3508800646541383,-0.31186588448571056,0.4766331619023477,1.6367817555901192,-0.3885429464308207,0.7631572080811558,0.8073734353706122,-0.05149956366937216,1.0387309531519895,0.7878261810579206,-0.26352700132129975,0.7913504735204675,0.6577875954870018,-0.39547824157458566,0.5680169697099041,0.58986851400395,-0.44402271145003697,0.8077941876205098,0.46344875586917206,-0.06329082095639067,1.0909096034446153,0.46964437750979254,-0.2805860208259397,0.764705218273758,0.38215727266682015,-0.34472938799669195,0.5408693183724657,0.3498424256136175,-0.3319717321710189,0.8023899382967181,0.14010548599761877,-0.10658693804979091,1.0506054768616542,0.1333956513945702,-0.3009581957332577,0.7413948274553861,0.11159674589263918,-0.2588666554035904,0.5398405343605883,0.11554895234550752,-0.17160093786146835,0.7577146434460968,-0.18636961296125776,-0.16305731724246963,0.9709798144818756,-0.19050157909876322,-0.2794661260476084,0.7483689302800726,-0.15471400411406497,-0.2261500123321743,0.5834662761521032,-0.11941736643541752,-0.14451227017055154,thumbs_down
0.0,0.0,0.0,0.051913019974581656,0.5275479839712933,-0.1335611375043465,0.15631275438623932,1.0163848079172217,-0.22773491238330412,0.2773485113488524,1.3973223984589898,-0.328462895202449,0.3825069669250548,1.6675209493928942,-0.4092083432193304,0.7013109528549353,0.8560139377046232,-0.06574475604447384,0.9820407620335118,0.9066003125026322,-0.2727019620205125,0.7211479001226502,0.7864759144265773,-0.39932733097761347,0.516138686537917,0.7084862287945101,-0.44767840079416116,0.7635648062087993,0.5224774333034328,-0.07896032081354835,1.0678696976959121,0.5710958983488492,-0.29158152640561097,0.7308880482227408,0.48779516456496863,-0.35260101525447324,0.5132110205722741,0.44461879274002103,-0.34163031859243115,0.7673129930020459,0.19450066485479953,-0.12210011542828177,1.0228922007512062,0.21428065219210457,-0.31290764544871935,0.7018463017433628,0.1864715483897667,-0.26197192571804134,0.5062991377749542,0.17542206646450248,-0.17222577327282623,0.72936837217089,-0.13720009172383438,-0.17861048586453687,0.9337327844518983,-0.12525712069410136,-0.2911146318126352,0.7066134384028308,-0.08907416254725646,-0.23147590938141324,0.5474848903325706,-0.06672278802471554,-0.14902036044729117,thumbs_down
0.0,0.0,0.0,0.04270322052341683,0.6230115279377281,-0.08504326054551262,0.06950702107444352,1.1575051943111496,-0.14128454829054737,0.16496204923734756,1.6096374724989297,-0.22537101797616946,0.25749559063595046,1.9230954061469434,-0.29715480169342634,0.6002526613852794,0.8921681777597779,0.10904067475718938,0.8795714219459849,0.9957942869729184,-0.04771226233412237,0.6742936412940531,0.8918363394783747,-0.18299730249623972,0.46443299932421594,0.8078175064029876,-0.24656128006034528,0.6780001875714635,0.5656925776357703,0.0818983977946648,0.9718180978829011,0.6797488879885949,-0.07000926034767589,0.7114542892594011,0.5871258375798767,-0.166855498673897,0.5054914372080987,0.5195041818989845,-0.19842632260220816,0.7061667082228316,0.24628600616428645,0.023057973406989875,0.9808615643097739,0.3481490061928135,-0.12439494853842245,0.7071906039726875,0.27763162487736076,-0.10981121550206457,0.5016770434892324,0.22996698541764832,-0.057487952715503825,0.6948741641808167,-0.09083461672368197,-0.048287889866094294,0.9111357919471949,-0.055778958698656234,-0.13499996514115495,0.7184717956524437,-0.03148010054290614,-0.09018264686274337,0.5472511017761046,-0.013459971974758907,-0.02623743391451051,thumbs_down
0.0,0.0,0.0,0.08213673864224985,0.6112928190654412,-0.07091479509581777,0.14399829341855122,1.1245109633507173,-0.12015765741170269,0.27637833160774666,1.5496613715689673,-0.19588687120279955,0.3853567312351787,1.8622506273281436,-0.2643918128298425,0.6414058610070955,0.819099510028456,0.11224791948059039,0.9227995195745565,0.9145857139591855,-0.005364815520498113,0.765561114318749,0.8475665409854336,-0.11931147195210574,0.5792153675361509,0.8135650835532967,-0.17797428731527384,0.7134847171597326,0.4950645930412522,0.08515127885556437,1.0195096916521094,0.6031172212824253,-0.04630415792499718,0.7869588179490609,0.5372513100071156,-0.14625828682073072,0.5716519734117901,0.49214762266766005,-0.18303826613048343,0.7344226092903229,0.17251670732248903,0.03439576241814718,1.0076529668483996,0.263053899037017,-0.09056298760937455,0.7542753111479312,0.2164065274363184,-0.08629592481476951,0.5437036027997708,0.18152936405342227,-0.04588045104272102,0.7175764685856222,-0.16835951949406033,-0.026036944317180948,0.9337577015621916,-0.1340668920291484,-0.09392662867827742,0.7611953205090712,-0.10853220241280247,-0.04999156371124523,0.6024817415879676,-0.09591307764393804,0.009193457955460359,thumbs_down
0.0,0.0,0.0,0.06832883051649337,0.5211520840134807,-0.14873567700611423,0.23969306984230343,1.01644555084563,-0.23728085281204622,0.40839186815477646,1.3814981159939381,-0.33239963422055446,0.4944996129467572,1.6953034765348818,-0.40831273611451424,0.795639377961064,0.7527751462831767,-0.03867173938002194,1.0494674680353053,0.8003885399935572,-0.24854261256272597,0.798187699348906,0.6678153289463796,-0.3772094768956462,0.5734425064770761,0.5735503185826643,-0.42155850038201426,0.8476486357608053,0.4258236895004025,-0.03967209174418188,1.1240525031825501,0.49591862191922925,-0.2517218577609234,0.7873898128169193,0.3987806904109189,-0.3119506251717766,0.5567739017638154,0.34901725960204555,-0.29268817948112924,0.8501093113361906,0.09869926797269196,-0.07582134168215722,1.1009811004000045,0.15411856837832189,-0.27729152977347826,0.776429044686562,0.1273028278998983,-0.23838100651270783,0.5605380179394954,0.10466383697969388,-0.145858150578232,0.8125402828586676,-0.2432834456463882,-0.12574435767610087,1.042719903916136,-0.17797994691296518,-0.24842525055389997,0.8126923056838136,-0.12931170094646982,-0.19497897470020015,0.6375053903695759,-0.11145212149845601,-0.1086848128884175,thumbs_down
0.0,0.0,0.0,0.06231869493454782,0.48620599511316576,-0.16236008855814532,0.2839242488929244,0.9901498250726419,-0.253682659056445,0.4589013694793536,1.36990239080751,-0.3435360013654669,0.5383551389774313,1.669077569410088,-0.40468080932631356,0.8764153383273307,0.695718222696731,-0.09353471054442192,1.0705407603704342,0.9011103931438947,-0.3003014443008228,0.7802307248623782,0.7703616103513278,-0.409138810412743,0.5751291777199992,0.6372704792087693,-0.4427672293138805,0.9273061210251651,0.36917689690361405,-0.09166098047861863,1.0801951155822347,0.5805679852809689,-0.311003789036841,0.7189148690457691,0.47908761131025884,-0.35793980660287006,0.5287468305749603,0.37945363890708966,-0.32950267007300227,0.9221175514526008,0.036864622629773455,-0.12238372068642772,1.037836202760578,0.20540122883588433,-0.3266905593454554,0.7057439718460745,0.19074098155738423,-0.283062504931208,0.5333662313895827,0.13627892910646902,-0.18931170831172617,0.8733324666994333,-0.301578671076433,-0.16694725424728163,1.0041106892553422,-0.15237568586290462,-0.2827798077165538,0.7719698517820907,-0.0801040863216412,-0.2245722058879028,0.626869184360386,-0.07312459781244951,-0.137055007876181,thumbs_down
0.0,0.0,0.0,0.12488442910244896,0.5055662157876486,-0.1552940625523993,0.3446168528456219,0.9536072859986635,-0.2670500792749774,0.5205974126862168,1.2810494425360228,-0.37266408247222255,0.638353408284662,1.5930791707919134,-0.4533227507329651,1.0083770335451885,0.4957001849406755,-0.13633031606371115,0.9173209561127903,0.6468473028313118,-0.2941376723018219,0.6296388593870144,0.6122679846725706,-0.3858749736869701,0.5253068069775155,0.5434638787072796,-0.43580047746592476,1.0498085037096252,0.14457792264092645,-0.1458511688726341,0.8969755124078349,0.2902876723057952,-0.28197259463448804,0.5901795570185558,0.3044369934956693,-0.31381137184704816,0.5093180814499109,0.25949396694535126,-0.31822770378393317,0.9809865970571949,-0.18710524760737804,-0.1762209953705728,0.8478259609779043,-0.07611425481717525,-0.3067452639260101,0.5728238870577103,-0.011769962675583735,-0.25832148452263387,0.4975447811454885,-0.021342282184757828,-0.2021286554800405,0.8592324929577267,-0.4892533694150486,-0.22363668338580528,0.8161507507564147,-0.4691971868761073,-0.28909701834828977,0.6345218103779215,-0.35839532638675986,-0.2228010477433128,0.5664037725627923,-0.30963776092154316,-0.15100343637944674,thumbs_down
0.0,0.0,0.0,0.12328277970039654,0.4908054792030002,-0.17534969515437004,0.30764409303218665,0.9386869259285922,-0.3053072304250328,0.42017345323637273,1.3187956342351073,-0.4266296575996545,0.46544884328581104,1.6599937835199727,-0.5221865330793262,0.986987300754485,0.4526554373960542,-0.1820773677512451,0.8467820945278849,0.5587075422885388,-0.34649543746982353,0.5881882389472962,0.5348030533718885,-0.4348682726176073,0.5342510354418923,0.4724553377510296,-0.4837980489185914,1.0219064302976135,0.0831726609173911,-0.1851039024948492,0.7803466907279001,0.2178319698705861,-0.3126527428901874,0.5105254701404887,0.23709105798399457,-0.33862456650964473,0.5225883018846234,0.18023302749458459,-0.3510246940679938,0.9552538933218366,-0.24435381368460235,-0.20911399583995427,0.7193094895538273,-0.10104959165799068,-0.32958511216862435,0.4730176428704033,-0.03434819053266997,-0.2831686248224628,0.4758727053223167,-0.057757424760711475,-0.2403450531788205,0.8413706655156301,-0.5339903654110556,-0.25505582583873854,0.7064086192750363,-0.44251226866970966,-0.3109565506916453,0.5289476219181027,-0.34931988529850555,-0.25007772171654025,0.5032700624322936,-0.3435171756902802,-0.19065083307968744,thumbs_down
0.0,0.0,0.0,0.13638466974386337,0.4915463844174134,-0.16383634883390288,0.35686273747582736,0.9320401744193099,-0.28402920236908386,0.5071959427430917,1.2872782039462314,-0.39508797102562954,0.5977933715922523,1.6051483220101346,-0.4762106137392693,1.0054587769808279,0.4304246856986659,-0.15949972479691044,0.9180695428678038,0.5915489226412004,-0.30194942931403945,0.6312686684906006,0.5703345074893839,-0.3695606061526475,0.5526443159798798,0.48854875183145496,-0.4059626055299277,1.0248995680951645,0.06780175508101471,-0.16490880694591886,0.8674607258234738,0.23454692448403822,-0.28196141335239777,0.5699349221744072,0.2624309978672489,-0.295125122096023,0.5459438347176835,0.19204604998792804,-0.29427029361376295,0.9381215955327459,-0.25827100279441606,-0.1889439704082851,0.8236741967172808,-0.09845767306551303,-0.3078730448654096,0.5441869219619638,-0.01941702395805547,-0.23899942353027456,0.497698735637876,-0.06300004678859117,-0.17454409101667806,0.8044320841749818,-0.546541355881064,-0.23109317686885456,0.7889641217777641,-0.44497984074996116,-0.28746070160774084,0.6095837379167809,-0.32884460247671843,-0.20373063473724268,0.559656741168266,-0.3228775608028854,-0.12303627664399128,thumbs_down
0.0,0.0,0.0,0.14238815823871084,0.5420874704016199,-0.13299307038498037,0.38513878629080267,1.027736003238555,-0.23297769307142047,0.5420917562324671,1.39451740714756,-0.33279354899259367,0.6185416276440218,1.7133582864410224,-0.4076036517814598,1.0489800875064792,0.5050158128147431,-0.11229914312510646,0.9845897648571582,0.7476351385945141,-0.2721380844135485,0.7010216630576793,0.6806265629184999,-0.371578857081651,0.5995004604315921,0.573543131094634,-0.4245696732705289,1.0883224562004346,0.1507404633180596,-0.1296098330790176,0.9525991545502082,0.3914911668484228,-0.2553119368584946,0.6428025472074349,0.3624036225090161,-0.2852124010341188,0.582993388112855,0.2754674918771604,-0.288725175142309,1.0253978877008785,-0.1803290602456103,-0.16611515221126444,0.9069609003416194,0.016400705789527775,-0.28389533599318006,0.6207305183440162,0.04129904528622524,-0.22831607278304672,0.5617251473437916,-0.023415442023543502,-0.16789853269430383,0.9149594295655756,-0.48024994445332475,-0.21855285270772873,0.8842066451315131,-0.3737143197359366,-0.2644768695583213,0.6928957277712634,-0.2848176163019499,-0.18115340211497108,0.6292168530425886,-0.2844022803307512,-0.099247674122675,thumbs_down
0.0,0.0,0.0,0.07165541886585129,0.5941067981838134,-0.12669173644331294,0.2634579320606392,1.146809061694117,-0.2255212814760476,0.37574223210725083,1.563235095547546,-0.32951459089356394,0.4211209462464334,1.9078544799926687,-0.4070044741379515,1.001348362408883,0.7542066139786917,-0.09380085325554668,0.8779024523788685,1.0638559253566533,-0.2661085493841883,0.5926275246935364,0.8954710636859111,-0.37241178097048244,0.5254946949973132,0.7318961292154614,-0.4327377438495615,1.09018755064874,0.4197467381856515,-0.11897129288376256,0.8845745051269163,0.7297796975713148,-0.26483017870499836,0.5757517880560048,0.5889410812336398,-0.3032912645787552,0.5472842303392972,0.45124010067679443,-0.3101920037753772,1.0734220531171559,0.08287433726534225,-0.16568750187967057,0.8723140858600444,0.35017591295500894,-0.29935611154747577,0.5864298582786632,0.28401095873049775,-0.2539457086400222,0.5591160304108427,0.1706732185631535,-0.19972406213867253,0.9992940148821652,-0.2365962039197367,-0.22909887874288776,0.8864075784915156,-0.03903976655964759,-0.28573103562250335,0.6783083824467542,0.006259352557190276,-0.21625109795800068,0.6270324731020498,-0.027922729788757893,-0.14470922636621306,thumbs_down
0.0,0.0,0.0,0.08954739957308497,0.5388572500278984,-0.15430739808110536,0.3139679511891662,1.0408030729833475,-0.25768898912030647,0.4616455032045618,1.4231377971188641,-0.35370251306327044,0.544160178069996,1.7126700484687662,-0.4212774813475822,0.9975367376481322,0.6177227855765202,-0.13585503713950292,0.89740035158358,0.8717470083321404,-0.2823222906496691,0.6169462156730825,0.74454421369271,-0.3631549107446998,0.5545605663056857,0.6008213491230849,-0.41231470464047976,1.058902250520459,0.27465440783986445,-0.14868379377106553,0.8892256123120504,0.5279522903782592,-0.2725959990188946,0.5824442971709283,0.44430564688618857,-0.2999087462954459,0.5672514282326473,0.3195570936696799,-0.3081993455507383,1.0066190230992225,-0.059785078443510005,-0.18085892867906125,0.8553037045261567,0.17363701203375054,-0.3016885357147291,0.5798770863405258,0.15846423496995432,-0.24632840830752634,0.5583738524461197,0.0502054243259273,-0.19369411802751377,0.9038949552378114,-0.373384362690478,-0.23039517274907753,0.857270054581871,-0.21893622806566299,-0.2895973499000451,0.6646139983423774,-0.14555918607914506,-0.2138526179263285,0.6180012286295222,-0.17703670883337386,-0.14142347172107822,thumbs_down
0.0,0.0,0.0,0.11664646605130465,0.5432255714596652,-0.13163464755297563,0.3639192440939328,1.0345093514692028,-0.21941587800237994,0.5255034803539358,1.3822591940831228,-0.3036378471005451,0.6001634143471175,1.6623283109875915,-0.3606825783824796,0.993499171701149,0.5835669292315566,-0.11987460969370592,0.9450661580420175,0.8278008718638533,-0.2613703599901416,0.670350624738083,0.7083400148832228,-0.3370042260701322,0.5869817185464199,0.5648331461687318,-0.3817744618201236,1.053632246823218,0.23592385752652353,-0.13738888053014578,0.9246364469158493,0.4831624237638393,-0.26317949717298716,0.6234695487968592,0.41074693458071304,-0.29099862928696796,0.5906660668108326,0.28802655724779097,-0.2965580006559954,1.0010310322245413,-0.09655248176188347,-0.17221105875511608,0.8853703173109192,0.12794388088248834,-0.2959028304859915,0.613956411196584,0.12901760523383146,-0.24722899485388825,0.5778967924434064,0.024055034627569315,-0.19633347137151322,0.8945586307376789,-0.4062775945636378,-0.22194609477411772,0.8722686996918869,-0.2618955051593965,-0.28934205889800524,0.693381936883612,-0.16586259169357614,-0.22526788249184743,0.6438101588476534,-0.18105188134447409,-0.1593101300297467,thumbs_down
0.0,0.0,0.0,0.1266439731709322,0.5650074848187796,-0.1414013972524008,0.3741263293742997,1.0514576891250362,-0.24299522745672444,0.5468127166879054,1.4234083822595653,-0.34209627677050136,0.6444934606105568,1.7289970000249006,-0.41989667063043207,1.0567897404128948,0.5260918973974595,-0.1320323817855045,0.9246817837793812,0.8370121834835279,-0.29086159434076425,0.6405902596678107,0.7098517791439053,-0.3965014004192967,0.5850941105494543,0.5543893382981183,-0.46566765682293176,1.0822804152510157,0.17113805122534795,-0.15203390504026706,0.8741891001552338,0.49288711575108374,-0.2828450871160633,0.578842938160478,0.41165136316305384,-0.32246933126761224,0.5575790714861218,0.28214337034432657,-0.34297746019075254,0.999697767282723,-0.15544559029226648,-0.1904072828182637,0.8255794658870012,0.123296266043674,-0.31334427782736024,0.5623833940750887,0.10851833060620454,-0.2696248943968708,0.5398760331443456,-0.003146457902825984,-0.22770248846084776,0.8658457783598386,-0.4488818952323249,-0.24590295322771327,0.7965658764617216,-0.25652746525617853,-0.30829097873594996,0.6069600015450424,-0.18380583780150156,-0.2403432519192107,0.5603092441235666,-0.21612060384829518,-0.17425240104890508,thumbs_down
0.0,0.0,0.0,0.12306750483948492,0.5041981336921296,-0.14464760387371717,0.38319866872132935,0.9599078429569389,-0.24840823935964987,0.5343683281420427,1.3346253208332068,-0.3466823249049102,0.6186544217977277,1.6353380786290623,-0.4207897997049327,1.055874944645649,0.45215579522001453,-0.13476097214394955,0.861926958175994,0.6734297788056833,-0.27564271386065214,0.6096279979430085,0.6010630422500948,-0.3640185310254062,0.5980041023062463,0.47662046128325003,-0.42409360904775883,1.0762530283816099,0.09528175293355368,-0.15439369151501417,0.7916596733070347,0.31664635485462655,-0.25479059723570807,0.5343093119992376,0.29817468290592597,-0.2825216402253857,0.5756152814725182,0.20093054803677424,-0.3095806368888697,0.983106517569677,-0.22793938097887392,-0.1921148348590226,0.7742209742320783,-0.03219844601586786,-0.2894116083200634,0.5303933053621352,0.001854249132006675,-0.23489892074125412,0.5446207647698751,-0.0715785854871587,-0.2003937288371539,0.8404961026022512,-0.5175868023734197,-0.24970116882371798,0.763801007908541,-0.42988043768019557,-0.30300062252807786,0.5901164996330123,-0.32802314419022394,-0.23258881949974128,0.560770627435829,-0.313430546195709,-0.171824049800433,thumbs_down
0.0,0.0,0.0,0.15343661613525467,0.44917257382916864,-0.1447258845433806,0.38874892790421584,0.8592798928830949,-0.2528598339892112,0.562417719923649,1.1782115682738756,-0.35126901145549816,0.6746464972107344,1.4569186269733565,-0.4302407136196117,0.9770823179986738,0.304953039097039,-0.17218926962911937,0.7392470065280795,0.47227578924549896,-0.30882260561356206,0.5232090866135751,0.467912765013527,-0.3838711029826921,0.526453604103393,0.3832115101355992,-0.43357517994159717,0.9626766295097885,-0.07073341051691535,-0.18576671341473736,0.6628605503918769,0.12887417724346095,-0.2914093885504625,0.45158649792500255,0.185855582053949,-0.3129688998929332,0.48535484086102315,0.11824335265280295,-0.3330432196718107,0.8533678408783054,-0.38596345298156026,-0.21437279073472867,0.5872777078178352,-0.18992105728352848,-0.32091768830901474,0.39000002124847205,-0.09374181109569577,-0.2785649651152574,0.4226718267339662,-0.13198379557416318,-0.24979148034771703,0.6998761088008978,-0.6517857148546436,-0.26055031460472167,0.5521476542270833,-0.525016735345726,-0.3204397839487117,0.3935305249556154,-0.40856638523065564,-0.26555138777017545,0.38106468637481444,-0.3999197345575057,-0.21612264963067981,thumbs_down
0.0,0.0,0.0,0.14938534677475804,0.4248303792556839,-0.12091747326407142,0.3882150281386062,0.8044860252899083,-0.2216342588584992,0.532618641454306,1.133032516335795,-0.32045291581119206,0.649955226116123,1.425721441072461,-0.40760092172665385,0.9012610703196126,0.3178993026498997,-0.1750326249323407,0.6203918734347121,0.4619867824886593,-0.3276036815954652,0.4623750302605859,0.4566245973976731,-0.4213270250744964,0.516390586240374,0.38953179618435724,-0.48487911185573157,0.8807443584924913,-0.055153792419572925,-0.20040831755794955,0.5377539588713351,0.1303740695813522,-0.3147322788208361,0.38237143140271096,0.1647916888328454,-0.3495815605988727,0.4440767100700453,0.10847471232549237,-0.3840557505912302,0.7660732740961704,-0.37052870493794987,-0.2396892663922733,0.4492217726620726,-0.18936512210819967,-0.3482639642132468,0.2990821493424572,-0.11912190072147946,-0.32415057628661803,0.36539806520491985,-0.15095042187946214,-0.3149207017794255,0.6092203946238242,-0.6308051776307434,-0.2961608744639096,0.3669358538196291,-0.49042242351928345,-0.36294402274165893,0.2337469878918091,-0.3822205760937395,-0.33731533319162915,0.2542562933859317,-0.3634576059592867,-0.31557889089880103,thumbs_down
0.0,0.0,0.0,-0.10046574626568962,-0.3210143390704707,-0.24059550755720677,-0.09190178109070081,-0.6223272351440998,-0.41571680223859386,-0.04715521139285762,-0.653715443247105,-0.5582328000069379,0.03371250707457986,-0.5230978091008908,-0.6654690100552768,0.6095088365123884,-0.4258824364334883,-0.331483136271372,0.2354463150605891,-0.0644759856582376,-0.4687274224396971,0.10419547473940544,-0.18399259160177403,-0.5260119724054538,0.16036730471747102,-0.32423970653467266,-0.5857917319117654,0.7429191048532973,-0.04664534055718942,-0.3209382031670516,0.29249251206607235,0.3047866295475581,-0.4680460582649747,0.14241417194268374,0.12920881398182427,-0.5082208497112436,0.21658363713755252,0.04120926130674863,-0.5491079981043531,0.7569055866297316,0.3005991616702499,-0.3269825089479255,0.32870732788029067,0.6157841046694152,-0.48108818762601147,0.1952720534052966,0.42305462411796196,-0.4756680021048621,0.24502663124466548,0.31778049495064664,-0.4807773592601693,0.6881391417283775,0.5705908152202883,-0.3607804713069955,0.4014014311641362,0.9107929119569025,-0.5262421136055934,0.30566777789947347,0.9858545451559954,-0.5701488586476788,0.3411061320587091,1.0947236239726352,-0.5893731718911924,thumbs_down
0.0,0.0,0.0,0.06492967137582376,0.4175317647443057,-0.1255772536432401,0.2046799653572256,0.7741928053784414,-0.23244658351837125,0.27565126920286626,1.1106739354350028,-0.33290445568281984,0.34704305595763385,1.4118868060931902,-0.42706813491290124,0.6696874787392226,0.4241900237543291,-0.24072657748020776,0.33947885855156146,0.596663204888282,-0.3834635924168968,0.21421867531616615,0.5656806838289978,-0.4783085132114857,0.2797706940881029,0.48827668614907527,-0.5529314598138664,0.6723015012559231,0.0492475794384438,-0.26076987708347943,0.264838034274473,0.25475788616723977,-0.3497038001312947,0.15886612536036931,0.26854187984135974,-0.37139937997059447,0.2326941794661716,0.2217477303216701,-0.4182061460207207,0.5764567331939989,-0.2695724511696572,-0.29002411224969216,0.20391173613549712,-0.06664143318955815,-0.3533773813488547,0.1129149848217573,-0.05153673906616881,-0.31037401397420217,0.19423000477889438,-0.11007090217110288,-0.31111430294431597,0.43195036479148113,-0.5419636497709543,-0.3408671975371992,0.14482183274250415,-0.3904181768080669,-0.3911395508294281,0.06696956513905175,-0.3295588944097099,-0.3677383386648652,0.11601201102999147,-0.36499796222014885,-0.3627246469512102,thumbs_down
0.0,0.0,0.0,0.05207093376490989,0.42841598299684364,-0.1264855234480955,0.1822646505637191,0.7889934670242496,-0.2211436033213666,0.2546786537252542,1.1003035254576912,-0.3081956302276228,0.33231381984230407,1.3809203154159897,-0.39436674248147785,0.6099305129912433,0.4209486984804737,-0.25325818837884434,0.24754788270169817,0.5369282857861412,-0.39451428032726765,0.16829028211585828,0.507752219038049,-0.49045890756188243,0.24871854877005536,0.4391743926010087,-0.5638692007421623,0.615823161060712,0.03970550840869311,-0.2665960770180961,0.17586164297021192,0.21718881491185818,-0.3509466242930736,0.11362360738805166,0.2311180836132594,-0.3740431151229898,0.1979080950985034,0.18245584265127432,-0.42178447322777857,0.5263028626138442,-0.2786555291891838,-0.2880643754521903,0.11130655973020014,-0.10642769228627622,-0.3542615038413437,0.0500321939441851,-0.08409984857751032,-0.32356563345775097,0.14805167452513518,-0.13613107914681902,-0.3308807304215647,0.38480684097792556,-0.5502878329040614,-0.33083996718918773,0.051936790929286485,-0.38884770116712164,-0.38955523555630445,-0.02488542334773526,-0.32169302228502855,-0.377944700934898,0.018772673096827012,-0.34785164616743086,-0.380781865273474,thumbs_down
0.0,0.0,0.0,0.08022275627409567,0.4290829036159673,-0.1579142307431676,0.30502228816901655,0.8411718249440865,-0.2680891096149153,0.4341077932380749,1.20531199632652,-0.3692045719170837,0.5039041455119226,1.5369117887877293,-0.4477343315312227,0.8778681212849518,0.418867325317141,-0.1707299926928609,0.5925574049841846,0.5269632592061385,-0.33483198719947255,0.3840608857129715,0.5206039817612603,-0.42787705427551376,0.45758982076448396,0.49336664772888966,-0.48991735623134197,0.9007824764137206,0.05073956042837698,-0.18054238261808517,0.5345083786202905,0.1959231437566873,-0.30845983808151883,0.32861709271734374,0.2361769660053743,-0.3302595206956103,0.4345172411572032,0.19484334585279914,-0.34894742016481606,0.8202062399216724,-0.27604448487301325,-0.21319728755188933,0.4840835839098046,-0.1391087732969272,-0.3318533903509939,0.3036790633407972,-0.06532819399501523,-0.2922309405808907,0.40058061537506673,-0.09145627343866841,-0.2683301810195099,0.6997090417195092,-0.5604016462048753,-0.2671230618555691,0.4268151596938889,-0.4645201370852687,-0.3335081196212839,0.2815600387024216,-0.3743616410182257,-0.30346374762895423,0.3242057437592536,-0.380690620158708,-0.2772015087662701,thumbs_down
0.0,0.0,0.0,0.12897300860187533,0.49147669241491365,-0.14587920050962785,0.3388566509031465,0.9568451584177406,-0.24975227022560526,0.494331912116982,1.322020911161904,-0.3560142156687541,0.5843286723656995,1.6071673382741924,-0.44242856154029014,0.9622980945590602,0.6200107272653308,-0.09099799717138789,0.9982330319451775,0.7542056331919688,-0.2649803799322166,0.7202013401711165,0.6396532273784273,-0.37972683209725494,0.5717996473791037,0.5376987381258731,-0.4357122368885686,1.0118151738646974,0.27824046685011333,-0.09835649815189117,1.0010802703063102,0.3844687541383956,-0.26147867161436433,0.6836182338869131,0.32434657308221876,-0.3111001647124387,0.5361738819365972,0.2625449498649607,-0.3072471986301869,0.9653940147009235,-0.058055433824431,-0.13009083480007136,0.9684244038329995,0.03060298157055836,-0.27706076954411635,0.6765723901230772,0.05160483006616089,-0.23675111216649317,0.5355227725444822,0.03289236620734998,-0.16629010159585855,0.8672365433808389,-0.37174229598128755,-0.17695869963933494,0.9145974004221363,-0.32688295921743854,-0.24676724871568942,0.7256450347597739,-0.2574402522307787,-0.17848791406083223,0.6237812807515403,-0.23879331938175485,-0.09423304600059644,thumbs_down
0.0,0.0,0.0,0.08155687198118008,0.5092552707832211,-0.1440793968717713,0.2785546823866886,1.0037444024396989,-0.23922877888267344,0.44250867020113904,1.380287007542366,-0.33709644656485155,0.5293458387687812,1.6898056710180542,-0.4170813767617241,0.7840150104167256,0.6461129087104405,-0.0999797437285984,1.0226979154081153,0.7442414489608831,-0.2986183782289268,0.7599568646125933,0.6580260262302409,-0.41586252019808917,0.5489531151051215,0.5717924313874525,-0.4604639142814219,0.8280192126479227,0.3139509281619973,-0.10549212685151005,1.0976275911573354,0.4216449221106947,-0.3039758251665092,0.7512619416200056,0.36925472279339433,-0.3498209543003435,0.5347559361562869,0.3145211863479164,-0.331905279861773,0.8192676099722125,-0.01390339646913872,-0.1389727764612893,1.0656152522652387,0.06672107309121005,-0.320424966887953,0.746734057010261,0.08370853659314956,-0.2675765437011345,0.5529310769877772,0.0628642586228618,-0.17800151117472562,0.7689918657039158,-0.350125546074232,-0.18532168143325808,0.9815848096855005,-0.29293617847300535,-0.2857015760150552,0.7703578028002334,-0.2102539335467755,-0.21841403059462314,0.6219236640972539,-0.18878834240882472,-0.13349077483837196,thumbs_down
0.0,0.0,0.0,0.11105039167589706,0.4842003367628358,-0.15949827632194885,0.3398262817469049,0.9630495338334408,-0.26046141785309845,0.5236111021983463,1.3199313509969863,-0.35954131301363745,0.6149014773212385,1.6253859351323374,-0.4348147270471731,0.8412250097134931,0.6011745667775102,-0.10635294735411488,1.051151163708301,0.6677513158960882,-0.3100389394815406,0.76436774591526,0.5839068735103672,-0.4216798867773732,0.5867559110979755,0.5188998373858872,-0.4651610323762424,0.8686503446767339,0.2627194454872591,-0.10955416856792982,1.1163716331813827,0.34862169147304334,-0.32031833810035903,0.7561331301867421,0.3151662266627575,-0.36202529241610026,0.5717828389113164,0.2719353444201047,-0.3397899060728023,0.8445710663937614,-0.06319582882359782,-0.14281899955813748,1.0617207912904445,-0.005488893486945787,-0.3375255514992977,0.7303616910921473,0.03169272643717373,-0.27650787483599937,0.5631277339760914,0.019193695396954348,-0.18072035914405343,0.7811384200897431,-0.39348521128268854,-0.19026675823541903,0.9751778200928223,-0.36165388071873367,-0.2968232645197031,0.7535936134712093,-0.2631012445849568,-0.22671593666250414,0.6152981572300936,-0.22799528523428958,-0.13927966505652287,thumbs_down
0.0,0.0,0.0,0.15288377309695866,0.45064051226906915,-0.12256774881163247,0.3858751955436963,0.8859386919137322,-0.22076639528009007,0.5364332504730337,1.2463896549587246,-0.32159794115894724,0.6251766962544851,1.5439864641808358,-0.4055092402833641,0.9833204593365931,0.42973514259442436,-0.10035418239590171,0.9085641502874484,0.5621748176619993,-0.25363413065066087,0.6462605140838661,0.5330473650842328,-0.3624709333507575,0.5196717499765284,0.4776779329213186,-0.42192731225566027,1.0082670063267465,0.06893401713259133,-0.118584348820988,0.8802792760252044,0.19998735205464607,-0.24861753846576518,0.6072216132890379,0.22337836984691156,-0.2987128859634312,0.5038290049559403,0.1831391526905097,-0.31450915134230084,0.9433362883636112,-0.25744765787965634,-0.15414088017165387,0.8348153999232993,-0.14271980390621394,-0.26841284172265995,0.5841517180016395,-0.07106781936021352,-0.23580746512203865,0.5021733091051581,-0.08042456317175128,-0.19057181800223366,0.8276299156171467,-0.5525386173062522,-0.20475109426081844,0.794171728340715,-0.46905013298714604,-0.2527238451490695,0.6174886952107033,-0.37654412469781634,-0.18641866341745753,0.5497032276400805,-0.3625435201802464,-0.11705328259242566,thumbs_down
0.0,0.0,0.0,0.05645636075811892,0.4338313544038874,-0.16101244083281274,0.21894346277495752,0.8654534178851072,-0.2767132577304831,0.33795632537590375,1.204998012654003,-0.37523636198474636,0.4511738978127429,1.4901276939307782,-0.4587492177814446,0.7098494671280425,0.44262089733615406,-0.30790248808457327,0.30490166403239466,0.5325843166426181,-0.4702677326791645,0.15572027031447716,0.5501727705251981,-0.5422913486345387,0.24245679773795653,0.5367015605741196,-0.5925718922871661,0.7049207186332503,0.0588982907956116,-0.31588730850828084,0.21421222332731546,0.23241428239195083,-0.4496293546295123,0.09583872795805289,0.27399032715114136,-0.4697730330178366,0.205291918476481,0.2385839029438385,-0.5001652255656716,0.618192778559647,-0.260971904738984,-0.334375018935698,0.14479130626080747,-0.07956726127919739,-0.45592197921002287,0.04160024547247768,-0.017213733160714097,-0.4264024273015853,0.15967591593467392,-0.03967277575938003,-0.42034961422471673,0.4966731904630522,-0.5322127185934344,-0.37313512041605945,0.10897815393664605,-0.3801346556286766,-0.4603387069684531,-0.007718075868181403,-0.28984803969960327,-0.45266473885190794,0.04364520574524369,-0.2849126555253613,-0.44899676945256034,thumbs_down
0.0,0.0,0.0,-0.032452784987541734,0.4309917576072326,-0.15802352488210436,-0.17216765955581323,0.9570753972872639,-0.33703138753513917,-0.20821887306511747,1.3326563133105893,-0.46647245947745664,-0.15470309366597781,1.6989375018913346,-0.5703764633369446,-0.07099150000425493,0.5714304492558862,-0.6651701117026081,-0.7003946571199896,0.7072957076397968,-0.8476402353055805,-0.6382732214512388,0.6914584907680122,-0.8543026988596797,-0.4493714232876196,0.6581447270159064,-0.8292266406995507,-0.10247712986327244,0.1651914179922677,-0.6549279657454807,-0.7602496198989138,0.4086790219466873,-0.8337285495167815,-0.6396006325695422,0.4353197871358186,-0.7612006940515272,-0.4067901568259642,0.3604939570385122,-0.706576776316854,-0.1801217978255599,-0.16168305346794998,-0.6261028387651107,-0.7417960025875975,0.100591569843373,-0.701488212103423,-0.6169759780187638,0.13059610139578676,-0.5379396357893171,-0.41613119802884024,0.057750852967060146,-0.4390825208875617,-0.27885631414363754,-0.40499879217953916,-0.6070482095258914,-0.6779307130967618,-0.1787332423420187,-0.6196563945351582,-0.5997555764522764,-0.13225113063323574,-0.5133028978277334,-0.44449350760949674,-0.17903235396656017,-0.45399420624432013,thumbs_down
0.0,0.0,0.0,-0.1670514141640319,0.5062016359503871,-0.0880282213084998,-0.388135556103792,0.9690561553330428,-0.24067684371498524,-0.5533729550605917,1.3863876630622438,-0.3779405587992389,-0.6176315588925602,1.757009894740385,-0.4988567600262174,-0.5916126725779349,0.5109430008889851,-0.42063355671543107,-1.1571321442233402,0.6797913517455756,-0.5359991829757762,-0.998193486110788,0.7053029600162445,-0.5267886130773498,-0.8116060974859673,0.6758254436894586,-0.4979282888838898,-0.6156222947202746,0.10765372487337725,-0.4246676345860311,-1.1914608818804089,0.35917408786903815,-0.5136284058698942,-1.029085749666624,0.4250823839021894,-0.4575392460646313,-0.8468196868357242,0.3775801108724974,-0.4213970701771774,-0.6117385481671823,-0.22260689923458438,-0.4122297158445976,-1.1411074200631663,0.004553962858665083,-0.4569472101218383,-0.9848150085620804,0.07645358647193719,-0.341822327450939,-0.8037592123656241,0.03392716177149817,-0.2735717650582077,-0.6121876669449526,-0.4886495386806123,-0.40084910717544564,-1.0179782529880392,-0.30632116235022744,-0.4119671913791743,-0.902914299072192,-0.20914902967171806,-0.31720336006039385,-0.75506421279764,-0.23559672517909613,-0.25550480249893737,thumbs_down
0.0,0.0,0.0,-0.2559057238629468,0.5110373268711726,-0.06103819959207054,-0.5676044399071106,0.913192612751485,-0.16585991225211605,-0.8086549140862505,1.268645595947237,-0.2632418655141477,-0.9425618812404093,1.600823146185469,-0.3412171998755197,-0.9120503610655936,0.36355485036511037,-0.2342394824882234,-1.3701291537113809,0.4762556883136871,-0.3081266778908255,-1.1848417828773685,0.5576419926911736,-0.317928379210168,-0.998490369478566,0.543832354123235,-0.31335498254380145,-0.9181641224877244,-0.037189682451772205,-0.23878109113204046,-1.3491362315365714,0.10547969514932562,-0.27388879821074114,-1.1831142081513888,0.22038433661224333,-0.24059514111035243,-1.0137904646728402,0.19938543667021583,-0.22522323487395254,-0.8607999738227299,-0.3626960444748021,-0.2321710193598007,-1.2332955713567806,-0.22653446278494987,-0.2373621342057881,-1.1032113863384836,-0.1247819054959993,-0.1577937248808396,-0.9430814488411005,-0.14214632296952956,-0.1168733319187535,-0.789841386209642,-0.628918896408616,-0.2264402242171702,-1.1107154767860496,-0.5286597846296098,-0.2120955754832274,-1.0211216980183546,-0.4122367902933397,-0.12542017691894716,-0.8874239527168231,-0.41301589262074234,-0.06414507405162648,thumbs_down
0.0,0.0,0.0,-0.36222297724921404,0.47085743043174383,-0.02855639840442252,-0.7789769776544189,0.7581923288228126,-0.10744761167071769,-1.1084086666450328,1.0393762533902144,-0.18458763869959768,-1.2861216406855567,1.3476659596246097,-0.2439114168419541,-1.1031946651859024,0.03234558142790073,-0.15119348666822346,-1.527651379821655,-0.0702394444379563,-0.18577300548436845,-1.3507463866367835,0.034501660776407275,-0.18575242173295067,-1.1643366403972428,0.09890410221232215,-0.18144187542979864,-1.0123939742317274,-0.3693888672427866,-0.16377026170323725,-1.405807098329258,-0.42018078334123493,-0.15002505001899383,-1.2688175669936856,-0.2738132948597271,-0.10802940282797784,-1.099469829529343,-0.22035043117730904,-0.09553891659421994,-0.8678477360756638,-0.6638803243267852,-0.16537510818877596,-1.1808804875367507,-0.67260015032739,-0.12134938851418253,-1.0811771868693814,-0.5441147272775639,-0.04496209212152416,-0.9311090143329775,-0.49314716316701723,-0.020740651504760954,-0.7227932164845906,-0.8923314222620524,-0.16753902651594746,-0.9869947227822764,-0.8899305334966839,-0.11128264758643001,-0.9099357442746039,-0.7490783925950625,-0.018678273252161478,-0.7791471366661391,-0.6927777157171814,0.037122495060427516,thumbs_down
0.0,0.0,0.0,-0.35951873431605735,0.48467569019882845,-0.009728971595461334,-0.7641389443077542,0.7437596109479538,-0.06941784151590599,-1.1138666487158924,0.9761815051454438,-0.12663799390821526,-1.324325211349596,1.2349123158848478,-0.16534809512723503,-1.1515350476460133,-0.0061316775901932965,-0.09275368611337587,-1.502019495675614,-0.13889215797474788,-0.05535704673316505,-1.3560523678048293,-0.04868920662346897,-0.006036419246373006,-1.211374424592178,0.014646292541588116,0.020512155294704303,-1.051658769723389,-0.4135961998142842,-0.09454744748646228,-1.3612690685144866,-0.46331919706369845,-0.01296466065144355,-1.2300748197925484,-0.3237363647932062,0.05597537553431195,-1.0761149691231016,-0.25571271952423824,0.07486199844150941,-0.8976867045567505,-0.7023036074795952,-0.08224471616775697,-1.1397830357344214,-0.7011310157491997,0.013605605357546808,-1.041870515837559,-0.5838540761682769,0.0865112107851179,-0.8970287873216564,-0.5106437112282128,0.09514422307860877,-0.7433693022422397,-0.9187411664885967,-0.0694160544516862,-0.9331326202024143,-0.9014321135592355,0.013858399037794043,-0.8547077753703639,-0.7772095667116233,0.09467466761732267,-0.7318932269262949,-0.707329317869529,0.1366995821125467,thumbs_down
0.0,0.0,0.0,-0.38481119341730163,0.4692585682117831,-0.0507495236902347,-0.8028545959690694,0.7508359153698987,-0.1421514344187512,-1.157467652662156,1.0086105203449751,-0.22414307581129045,-1.372700962698587,1.2983539167829146,-0.28307235012126114,-1.1105400427174739,-0.0045055274042824466,-0.1758956560556394,-1.5083284406830115,0.055460646411261985,-0.19371339895267628,-1.3300918803178023,0.19822684330239396,-0.1690448876844002,-1.1352701872339237,0.22556154497070988,-0.1524845908820321,-1.0212283345749706,-0.4079646955295033,-0.17103517592698506,-1.413070137616257,-0.31059037239388926,-0.17373104159466415,-1.2598722715041335,-0.14823594222240094,-0.13278410291233508,-1.0862189603518668,-0.14278372812616807,-0.11836388597274324,-0.8723793835008069,-0.7012704389267822,-0.1511423374378761,-1.220759501764052,-0.6082064621120484,-0.12973237143512592,-1.1187458294633796,-0.46894183723213057,-0.04768444747343945,-0.963553493178647,-0.4433041591153109,-0.01285503896374615,-0.717470468849158,-0.9229400497194737,-0.1314621290895412,-1.0255217340353162,-0.8880563982446052,-0.10260471182641624,-0.9564229555149564,-0.747607830625248,-0.014300316947650521,-0.8259829699777194,-0.7073362462492792,0.04618112223619181,thumbs_down
0.0,0.0,0.0,-0.3838860389827517,0.5015863195625622,-0.07671870944395286,-0.8076089931936719,0.7859010305574807,-0.17895505307753434,-1.1807871638978176,1.0288557269895093,-0.2676708049583794,-1.4280906218128682,1.294618638508938,-0.3323283310293717,-1.137033447149526,-0.04106232063627896,-0.17681332753715673,-1.5041641783730906,0.06594102736018888,-0.18891756639027182,-1.3284798038143621,0.22005535055076833,-0.169630037639015,-1.1382090343903262,0.23802391294555122,-0.15882571311078236,-1.0410611779805559,-0.44573893893035965,-0.15224149426878092,-1.4097781925559185,-0.3272543259847233,-0.14637130418225838,-1.2620247987768003,-0.14632081769963154,-0.10668256192923246,-1.088293053361189,-0.14408750571142415,-0.09505433908217294,-0.8843344386993094,-0.7318471039484523,-0.11507909697017898,-1.2172473794441425,-0.6282739190328929,-0.09083570477855096,-1.117370459527564,-0.4638460201318105,-0.01511231829373752,-0.958722075573113,-0.4389235706268475,0.016249179173246673,-0.7147898494922742,-0.9423762488476722,-0.08015130267936411,-1.0144193941647586,-0.8919687690703143,-0.04932971482164138,-0.950110215553298,-0.7366308630875016,0.03421508833293749,-0.8096770546756789,-0.6910022821401871,0.0924743142473925,thumbs_down
0.0,0.0,0.0,-0.4231872926985004,0.519553601527621,-0.07948711399500252,-0.8869485812912495,0.7734896665864828,-0.16865524789109365,-1.2793580137813676,0.9999950788063844,-0.24515850231739836,-1.5330878702454136,1.2635922620187927,-0.29956922533845454,-1.2412143334688777,-0.11719644548580455,-0.12084361224462078,-1.5605258876770458,0.04842710654682013,-0.1084289515233848,-1.3989074466258749,0.2001585819358368,-0.09200256319446638,-1.2104984585821512,0.222371420866688,-0.08955849653732804,-1.1381922740124408,-0.5203011076838285,-0.09423232787630036,-1.4301701425184967,-0.3483415510890635,-0.06183005716082075,-1.3005704955409394,-0.17759101512461778,-0.04184074506345307,-1.1306883677957331,-0.15940660838534826,-0.05284137042906905,-0.9656079544726682,-0.7998696375375716,-0.05735451364381658,-1.2359578554492405,-0.6405919095239833,-0.02551594592042934,-1.144901417936629,-0.47565449204196625,0.021900674742859026,-0.9857249530722807,-0.429143407021977,0.030147803090023996,-0.7824137117567737,-1.0003804924895523,-0.02343761327808494,-1.0466325893339097,-0.8925861769816622,0.0029587425132352675,-0.9825158318154585,-0.7353202101996408,0.06812913632707539,-0.8453754556578335,-0.6789062029000412,0.11265250531878557,thumbs_down
0.0,0.0,0.0,-0.3957958707647518,0.5262734118229822,-0.08153466613766305,-0.8370145426083442,0.7958537398579879,-0.17717903660615744,-1.2173430997075374,1.0352891848021744,-0.26121975778605866,-1.4670493888628349,1.3137532421646916,-0.3243970263462859,-1.2218105744786332,-0.025421902830215688,-0.11681593915786198,-1.5074639249969823,0.12610535970979497,-0.11361190255287035,-1.3215702807422987,0.24716731502529077,-0.11104266531637026,-1.1371352214382098,0.2516449147225441,-0.11813332419614983,-1.1317713929102153,-0.43432002362687444,-0.0903991878846695,-1.4051676269388766,-0.26612713263135124,-0.06635005939466299,-1.251861950898467,-0.11510373406365722,-0.05260208940525164,-1.0790669831723405,-0.09913970343248156,-0.06463370759697136,-0.9692252327912096,-0.7199370435278344,-0.054576054501067804,-1.2184890031150282,-0.5417633576764225,-0.02829958649934929,-1.1086085397809415,-0.3979429506940679,0.016186397178705094,-0.9453834140254809,-0.3619017870761391,0.025221289652960773,-0.7989055117186857,-0.9265605807144947,-0.021419969049168507,-1.0451353776985552,-0.7935762270564055,0.002657841981681412,-0.9681114909138667,-0.6527265925254874,0.06842011533847718,-0.8297513970499504,-0.6091524838462576,0.11492232846690728,thumbs_down
0.0,0.0,0.0,-0.38318427164506313,0.5228858578771785,-0.08118485547231714,-0.8222391528992291,0.7957619855524,-0.17007380301824068,-1.2038242744146386,1.026724436642093,-0.2414545987224696,-1.4421100238605418,1.2865742545376209,-0.2978188847883512,-1.2747938083219286,-0.057620132994905905,-0.12030728510700828,-1.3966514034453053,0.20474073710572013,-0.08735391453141932,-1.1926972573682384,0.2871247485812062,-0.07520149832592966,-1.0271459648862389,0.2367780914781236,-0.08274413819438847,-1.1747010812773724,-0.4576818399396026,-0.08692337483774895,-1.2940059544981637,-0.1657415237096585,-0.027851903075573527,-1.1351435543258483,-0.04715318811304923,-0.01698858416063904,-0.9717150007810589,-0.07550428402948378,-0.04405200763351129,-0.9869187032316232,-0.7297330283863094,-0.03859445677178846,-1.1313516118545133,-0.478078250996597,0.013367729124311284,-1.0136437750830682,-0.36254206976376013,0.04455358408228474,-0.8497490040533496,-0.35569253775071963,0.03331599985284412,-0.792355940714316,-0.9242338902660452,0.007106605841421514,-0.9419048615439132,-0.7133079206724428,0.04458294914084003,-0.8366586799557773,-0.5885766261940976,0.10054477254766932,-0.691220565369591,-0.5666511184119207,0.13509777449262472,thumbs_down
0.0,0.0,0.0,-0.3904790181781252,0.5471427939714244,-0.08115554653584041,-0.8323861049982204,0.8430974919793527,-0.16852963191184706,-1.2104861041518196,1.0863585212254376,-0.2385732548945829,-1.4496123362520945,1.3583858256543977,-0.29359854268395147,-1.2827775454620194,-0.010342278783880441,-0.1164013582990215,-1.3878072527847678,0.25167500464923265,-0.0789328835210216,-1.1798634140914408,0.33546679416087705,-0.06914686279698787,-1.0173153528720675,0.3008817789519311,-0.08031088494032389,-1.1946642903381968,-0.4128115743745325,-0.08585973158760962,-1.2815222151283217,-0.12320481243325236,-0.019946828041467152,-1.119719619564282,-0.017166249645020247,-0.014192766194254887,-0.958853084804893,-0.04626478261592872,-0.04831366234521966,-1.0123967293990328,-0.6918742864388354,-0.04009690836886674,-1.1162176224784084,-0.42378212243033087,0.020154638680431297,-0.9939050732322934,-0.32161828955563904,0.04675645259624352,-0.8338250832729402,-0.31932631492327673,0.028878534142766372,-0.8223911866291023,-0.89016815075753,0.0017122971620455825,-0.9529980984746729,-0.6856652945380922,0.04744162101436223,-0.8455737186578063,-0.5689328638157333,0.10385991845834483,-0.7017514043194689,-0.5485829804562825,0.1359451752085654,thumbs_down
0.0,0.0,0.0,-0.3520354784860126,0.5570198166587599,-0.07687540899535639,-0.7574454381850788,0.873751263907714,-0.171252127812154,-1.108994763961781,1.1481684997937514,-0.25053586483300777,-1.3186909982842552,1.4507281815676516,-0.31744974705377005,-1.2359746579297117,0.04079779342292676,-0.13065342338651625,-1.3173685682866665,0.27346740468025593,-0.10015549147586328,-1.1173513268647013,0.3342577847035801,-0.09562666035752782,-0.9617481571394805,0.2929348044122013,-0.11118881444909284,-1.1589919032690967,-0.3685924676552862,-0.10991288537214833,-1.2071742498896498,-0.09223062093200743,-0.0406063311777468,-1.051112428794514,-0.005664684488776674,-0.03276962075209382,-0.9047721833189507,-0.04397966881962947,-0.06979944651584045,-0.9834677095685715,-0.6570974864315575,-0.07351373989594037,-1.0420298896742233,-0.3809213476775287,-0.010121373689308528,-0.9156704022659843,-0.2926521024717508,0.019030769181196457,-0.7692585941653279,-0.3001537581468023,-0.0009040147770426028,-0.8048547901692955,-0.8571345406464205,-0.04203523645507763,-0.8891736010419367,-0.6459810310493226,0.0031029525657902115,-0.776636641669764,-0.5441882239809045,0.059751813444508715,-0.6448005434486128,-0.5344486098483952,0.09038083876936251,thumbs_down
0.0,0.0,0.0,-0.3559548658738221,0.5163378015403054,-0.06746779199899708,-0.7552519389049064,0.81984835719406,-0.15512189390852008,-1.0979550588893703,1.1048894380875582,-0.22833054107277834,-1.287404775982569,1.4150702728891487,-0.2881495311419046,-1.228140023532939,0.03724979294260884,-0.13323835448670426,-1.3122926999753914,0.22758997126752636,-0.09302395448689485,-1.1186527317514374,0.28672734802915467,-0.0703136827604027,-0.9595485194482195,0.26265684874970124,-0.07249561679262134,-1.1477662565498965,-0.36247030760275656,-0.11477827404862058,-1.217846256636741,-0.12773210621131445,-0.04183626038894487,-1.0673895681061203,-0.035505096592272696,-0.024531348348991056,-0.9182101422083979,-0.056619077608932776,-0.053046119770019926,-0.9751315910032983,-0.6513700538337028,-0.07843107552934135,-1.0658362274338602,-0.4190625077729367,-0.01388299257979242,-0.9459190286859569,-0.3260128148112046,0.01994741202378666,-0.7945648674178558,-0.3178654451162658,0.004859076149661207,-0.7963311825776235,-0.8603912206760174,-0.045024208554476225,-0.9180591026884509,-0.6860092294644222,0.001324783964034575,-0.8182812856563502,-0.5753150822537113,0.06212665413458521,-0.6868400928971677,-0.5477727190379895,0.09645572583795683,thumbs_down
0.0,0.0,0.0,-0.35705842899369394,0.48497933986683817,-0.03703725907348744,-0.7314781163616704,0.8322464934670555,-0.13171367790688102,-1.0287993824025,1.1824560793666625,-0.22035811229958774,-1.1867942662855084,1.5001672778300088,-0.2907005635343844,-1.1194025807427737,0.12625678554840253,-0.16213537502395398,-1.4619636015417397,0.24416173857713325,-0.16023295013003688,-1.2715415364032596,0.30820758469265985,-0.13589457647169742,-1.1011255711669456,0.3055261471595098,-0.12512489872134183,-1.0721318895373433,-0.2714402306885993,-0.16137962496171193,-1.3820526779183964,-0.1185858089406605,-0.1277226831765626,-1.2243488599377377,-0.018421691457113025,-0.08946186109131046,-1.0629896967799062,-0.026534089647756182,-0.09199646247251661,-0.9551841064448003,-0.5834878427245431,-0.14235600545964713,-1.2218467144613958,-0.4537257839895555,-0.08963288181262606,-1.1029411869320918,-0.3415093821049979,-0.021820375454247233,-0.940821450982642,-0.3229390371071136,-0.00963280086116694,-0.8230918183512331,-0.8280422082108891,-0.12323341362163465,-1.0687105885798962,-0.7374781590855514,-0.07554315382578887,-0.9693169730366825,-0.6092151181166625,0.0059473455397562915,-0.8186401554470657,-0.5846464325346769,0.05460920910683701,thumbs_down
0.0,0.0,0.0,-0.24024928128183584,0.5125715133665351,-0.08144763219451535,-0.5320706314340335,0.9256812934513304,-0.22807880802188543,-0.7480752785718734,1.3455880715272166,-0.3647793758193902,-0.8288009245797967,1.760826305931231,-0.48391540213839496,-0.8146028625526169,0.37211807022419874,-0.3408387617572519,-1.3615843874131912,0.5858570513650083,-0.44487257918024736,-1.1514056588718509,0.6310945144430826,-0.4513187391821376,-0.9453622448804814,0.5709355602885554,-0.44197300638715,-0.8297234778932108,-0.02499818282986207,-0.3533059905010652,-1.387403609225729,0.22029948420754256,-0.431042262577161,-1.2012017847253382,0.3019114284107591,-0.4001506708539899,-1.00591386985281,0.24524077439050726,-0.3833459704159914,-0.7970241502034284,-0.3575658235815306,-0.35083830680258266,-1.2821399415025545,-0.13804721884120671,-0.3856572690568872,-1.1238768687971523,-0.06507514817171689,-0.2999210611425885,-0.9435790508399827,-0.11598068063970278,-0.25484395724081804,-0.7590003400893107,-0.6262854124671116,-0.3507808563846373,-1.1380252892010587,-0.45953194886885007,-0.363977579937871,-1.0202798209654418,-0.36734912776368467,-0.28318770310769986,-0.8551483555748031,-0.40345476324368446,-0.22835657800379608,thumbs_down
0.0,0.0,0.0,-0.10927030022939642,0.43560508864297537,-0.08958332838320189,-0.2617070065950029,0.8864180848728932,-0.24704793928944824,-0.30229198920636263,1.2803273075077277,-0.38441346144787175,-0.2740488046247233,1.6311911915539266,-0.5101675641824243,-0.1641716469811254,0.4638477666658382,-0.5465907232062192,-0.7472861447710614,0.6321164610309884,-0.6978772878698687,-0.6073361122452433,0.6161426365740353,-0.6907428507423308,-0.4127238287101864,0.5810958610657349,-0.6573280809720966,-0.18613299617585935,0.0565572873919833,-0.5658269761431287,-0.8265007931166374,0.30606483897345166,-0.7125053756173033,-0.6830590509446668,0.3194146889683315,-0.6485935513094093,-0.468030422483085,0.26894725118697443,-0.597561110532756,-0.24588261697710623,-0.26989654233406424,-0.5646689827801366,-0.8239143040040223,-0.020464974569065163,-0.6470031467108598,-0.6728290964540165,-0.01455647300041229,-0.5125987297102067,-0.4797243318377105,-0.06980987810178238,-0.42494262761405005,-0.3232939160784775,-0.5232296257953737,-0.5655201914841339,-0.7609328382089479,-0.3401977824490148,-0.5941583652717195,-0.65025531769854,-0.29912093126571043,-0.4883604304751995,-0.48402754864375525,-0.3384400234946916,-0.42371628047615906,thumbs_down
0.0,0.0,0.0,-0.0363514172085642,0.42247131222093287,-0.2881511048821136,0.028841731550683713,0.8095679314756081,-0.49288900202713104,0.09483118400931076,1.09266769647645,-0.6369818622472437,0.17954297331771799,1.374499917719615,-0.7543228728536304,0.331490803481919,0.256232948401635,-0.6281906412952485,-0.19967596370426738,0.34596993538160564,-0.824936879490656,-0.1557596613516013,0.406003465498214,-0.8755535305897989,0.00578930167064672,0.39296820904830015,-0.9014119982410516,0.3132545287746995,-0.1656792134681292,-0.5586111139185203,-0.3078976230794538,0.019378086301836298,-0.7104079760434375,-0.20833819419019664,0.0771402597817046,-0.6629042820810283,-0.027267012874311984,0.030715447444088044,-0.6399415513661011,0.22949544170996541,-0.4702474897582661,-0.4923205559291508,-0.32463584506338683,-0.29572306972951073,-0.6129277278018532,-0.23545238626469195,-0.2361720240109858,-0.48364442973922483,-0.05518466413714108,-0.29253785493199413,-0.39524123867805544,0.09548437792959738,-0.7011919179815433,-0.46194205534887256,-0.28679710836496813,-0.5665460601096292,-0.5840309884298308,-0.22209155506734263,-0.5101618293598803,-0.5522470092646167,-0.059702333199279894,-0.5533155610325248,-0.5110380372685689,thumbs_down
0.0,0.0,0.0,-0.001995494534763727,0.4316064326053433,-0.2466708836233689,0.10154671732988167,0.8216261602439707,-0.4178791481825323,0.19669469856718094,1.1180340952300727,-0.538035776963428,0.33799945223867345,1.3727815368663407,-0.641927915530805,0.42579426068870835,0.23266867413105252,-0.5268691015662109,-0.1244965085749497,0.35057395517919826,-0.6926066325739202,-0.07733129490480674,0.3928867806116722,-0.7713584206910572,0.06520273045356194,0.39412514217183103,-0.8325211703315902,0.38657092277549077,-0.19179953445524045,-0.4769748873735039,-0.20800196623241368,0.01558859798137773,-0.5974035105611929,-0.11200862677982462,0.08852146361422134,-0.5923395154204872,0.06037868123259774,0.08131479819633669,-0.6202035194090072,0.2882869352556649,-0.49319513638139506,-0.4285841783241353,-0.24709911531653042,-0.28563162286026383,-0.511074009735518,-0.15377124752948187,-0.21799761865279768,-0.42433499675099745,0.034388060025257114,-0.2536726977951974,-0.3894197909126481,0.14326977039583783,-0.7198677023364453,-0.413492014414869,-0.228510324453438,-0.5577610410067406,-0.5077744859898584,-0.15781570644184867,-0.4937939986211955,-0.4923798832820321,0.007322694976845991,-0.5199375435790566,-0.48239743122909906,thumbs_down
0.0,0.0,0.0,-0.03881017954945982,0.4258549572260655,-0.2526912450573831,0.0658475826833738,0.8155456589930616,-0.41787968766290073,0.15984989820595719,1.0913248832667073,-0.5311880787788495,0.2720934400573402,1.3446296106389537,-0.6222453804423261,0.33848071014606385,0.20738658393209505,-0.5496987588627769,-0.1445462767328672,0.3134034433494995,-0.7149284384214128,-0.09216644247028058,0.3635922923267834,-0.7591289928985842,0.04780444970856097,0.3471271470930465,-0.7849494347288883,0.31522631815022834,-0.2237529424538701,-0.4929138171417832,-0.28826742445582093,-0.012100852285271992,-0.6154348165476463,-0.18397465312718347,0.04572992875736069,-0.5765299447354704,-0.012711770109247011,0.008605882402071927,-0.5662190166831873,0.21732244743521217,-0.5197688846379461,-0.43790703623610394,-0.31108247554845736,-0.3366879912889865,-0.5329131742321135,-0.22614618053366328,-0.2807726325982891,-0.4143245033792844,-0.06494654388426853,-0.3245497040391816,-0.3393125359193356,0.0670273039962243,-0.745797041047318,-0.4164545268647054,-0.2782644899745823,-0.6092218121096517,-0.5187048504279013,-0.2019923095289114,-0.5421414752470057,-0.4855297053964034,-0.04539353400662721,-0.5605272421333075,-0.44872284887514763,thumbs_down
0.0,0.0,0.0,-0.036143759199285794,0.4163381485238078,-0.26153523822445784,0.025275377489604303,0.8445369804249181,-0.4514648863214067,0.05427252395879488,1.2101713197277248,-0.5930845094821385,0.09022394499422817,1.5230345971837207,-0.7179697557986912,0.4236776095985615,0.2026346328786891,-0.5356260339352323,-0.08559966616887245,0.36363341018177353,-0.6975150767447429,-0.07687914565234492,0.408453814348273,-0.7560307744668303,0.05416742671276407,0.3871190734040182,-0.7996218979813334,0.39157703328662613,-0.21887572865609137,-0.48395300872808067,-0.19023774947430708,0.008137383855298304,-0.5983710667662503,-0.1294078716163179,0.07098757770494776,-0.5787137365394399,0.018252738695360968,0.04343169201263603,-0.5914797357569447,0.28517576511574255,-0.516752955117383,-0.43485569509249355,-0.2281855080035198,-0.3056289136272729,-0.5284816851324636,-0.18132131952828523,-0.2440653957702919,-0.44055616844175277,-0.028438498486648155,-0.28713792049552167,-0.3946185001964688,0.1298410151205905,-0.746027188960853,-0.4185756023697346,-0.21948335399600738,-0.6016939778657419,-0.5111718243391449,-0.18133509441004655,-0.5254046012251038,-0.4864551904909841,-0.043278637770843585,-0.542051800924062,-0.46550031104307793,thumbs_down
0.0,0.0,0.0,0.029587839834229364,0.537906128894446,-0.22101075444097376,0.1927692104294892,1.0404111899771566,-0.40455452355756777,0.22336264581315335,1.4900128521170455,-0.5772692045918772,0.1889720341093624,1.8695285009205476,-0.7258782157287526,0.9787523049723386,0.32713719017971915,-0.2575127050012596,0.7037602666079404,0.6037861389338411,-0.4635429029540134,0.5093292852302177,0.6144383229387026,-0.604993695315238,0.5892541491141894,0.4968678933356642,-0.7123285987901008,1.0183231919232716,-0.0744345930163271,-0.26605422522719696,0.6268500291240467,0.26697751744409065,-0.42452129286854595,0.4212818880146137,0.33197074558650835,-0.4738463756396881,0.4987975350639835,0.2288016107854186,-0.5234084106381743,0.9447035525503908,-0.40287981349719076,-0.2998270059382095,0.5513731163384343,-0.044780865611189546,-0.4357487104714696,0.35000557790542663,0.04286472543428585,-0.4028742217300163,0.4289243061779069,-0.043600289955408406,-0.39168396714736414,0.8091155726142462,-0.6523625606789877,-0.3661571577018012,0.4528776785753729,-0.3634174790196392,-0.4434131024096917,0.2810212911645539,-0.27421110863051906,-0.42510699016895526,0.32545381674922064,-0.32969924457634575,-0.41539819331538114,thumbs_down
0.0,0.0,0.0,0.07757160244321529,0.5347896517526317,-0.161306270255977,0.2559905545788939,1.0068969980365352,-0.28505736710837126,0.33201184863000865,1.3418531653294705,-0.40522556714593605,0.3359598546879301,1.6109427697532273,-0.501732449366163,0.9679483510696539,0.5982154293658004,-0.1728300092896771,0.7996110501835316,0.9182624455985731,-0.3638771631798791,0.5364185316327242,0.7664606410885771,-0.4716845579785062,0.5109436275744094,0.5945301731225618,-0.536743386941896,1.0126310269505334,0.24856385925422914,-0.19199530076137503,0.7549816001493563,0.5889896159370603,-0.3629108870074934,0.46492861581650397,0.4581097934553903,-0.406421775807879,0.48678162773479977,0.29526489303632286,-0.42108869118177594,0.9565381657892648,-0.08050705013169124,-0.23230535188763426,0.7250158708822074,0.20937696325924288,-0.39059775270406744,0.45511013680898543,0.14848659462955852,-0.35054276849497584,0.4739258960462995,0.012481038624796409,-0.3028036722918908,0.8452914994764387,-0.3871943788416923,-0.29082495259536595,0.7144708168244401,-0.1720969043438048,-0.36970465414612574,0.5066395152563951,-0.1326544397991671,-0.3073843689204576,0.48072148490289934,-0.1910930400616167,-0.24275113551702454,thumbs_down
0.0,0.0,0.0,0.08392692626696933,0.5558021998285143,-0.19977368527549622,0.2570808969879862,1.024023613810395,-0.3387017723199893,0.3818274657359411,1.3601528849705813,-0.47307319502737677,0.4477423354547944,1.6369764103325593,-0.5799880557825222,1.043404039480587,0.7535020713589515,-0.11689415448308808,0.8933798516344185,1.1243227905602957,-0.3210079336461441,0.6088365047494062,0.9321652226352732,-0.4629464139392891,0.5599348380415863,0.7421223678835058,-0.5467250392773569,1.105797541820216,0.4251502644323807,-0.11579095796104046,0.8845609470850078,0.7996867876187894,-0.2990595574822799,0.5789590833807254,0.6103726399694416,-0.37091590120020285,0.561921360709221,0.4314350405636373,-0.39557507101133865,1.0661294630424045,0.08644685909221923,-0.14671678301400576,0.8844671701379432,0.42725723455496073,-0.3226236233347472,0.5980422619388913,0.3108559537567921,-0.2953459312302177,0.5674838822802873,0.16164478623150488,-0.24303441858136848,0.9694587658727332,-0.2404918410861533,-0.19756756108732718,0.8910001540602835,0.036866384941885814,-0.2846193325707391,0.6796019655467023,0.03491685684969863,-0.22207680339120783,0.6245613501620061,-0.05116865987768451,-0.14925472918631222,thumbs_down
0.0,0.0,0.0,0.08890992503339591,0.6285590195706516,-0.12901232018137118,0.26330162566723825,1.1726097426304072,-0.2302793235612672,0.36925093020435124,1.5744599883066372,-0.33838047893931017,0.4741114062445345,1.8231821479684385,-0.4185363561209115,1.0192015847594247,0.8092119209914129,-0.08088970255525099,0.9000688042039094,1.2128483347637298,-0.2863648870843815,0.6135286422454589,0.9991932688044087,-0.414673516378619,0.5247117832111986,0.7857898742793699,-0.4797530293974265,1.094587228707161,0.48504076259373136,-0.10616472662596466,0.8920716822218454,0.8909238682325058,-0.2977786071737981,0.5778179512813506,0.674544983312567,-0.35972904905265307,0.5326639014472018,0.47403800207620217,-0.36945594790773617,1.0751325025216514,0.1494342834008479,-0.15575381644092964,0.9063653962862743,0.5360444255566499,-0.333141283732688,0.6036343720556627,0.3915605542225007,-0.29151901756468107,0.5556826621629904,0.21362622860747627,-0.22379227114704447,0.9944215609332334,-0.1808267993909772,-0.2194872586764643,0.9044228074029078,0.13970560951937286,-0.30850776785407963,0.6821204682562935,0.12409586357984274,-0.23901185263157151,0.6304251457786719,0.015854426500637897,-0.15625821067128023,thumbs_down
0.0,0.0,0.0,0.09416381599643026,0.6341145900188251,-0.15756810546493707,0.24923579251716532,1.1758893646552893,-0.26881663913364995,0.39460449992445507,1.5062638486324655,-0.37893584981100054,0.5693733534642446,1.6464202628942526,-0.4583229905394222,1.0169256403721325,0.8211523067240633,-0.10244744215868609,0.9471826386521026,1.1940128901512805,-0.311028469806398,0.660190723679375,0.9893425922969789,-0.4422861133334351,0.5142340047212394,0.7676566293007374,-0.5043394241959633,1.0988896187703447,0.5008728119543661,-0.11449590884501634,0.9550122950250316,0.9020140330955614,-0.3259632837274564,0.6198543392387729,0.6962160300366294,-0.39757372363530885,0.49687062328437526,0.48620142763949636,-0.40145447044795324,1.088112570676668,0.1626527094418386,-0.153531673642453,0.944346119248719,0.5573831810264895,-0.34479841968061603,0.6412073984615672,0.4116106740509006,-0.31131600443489305,0.5510483595938989,0.2266920422596427,-0.23862269897799798,1.0087629356373156,-0.17321793532607638,-0.20809398482127744,0.9376778180444454,0.17531199847193552,-0.3105151460763446,0.7179858311215785,0.1549736150874314,-0.2492045611024628,0.6491086688604979,0.03933163102760135,-0.16637193908163267,thumbs_down
0.0,0.0,0.0,0.07503116944991747,0.5161042362460783,-0.11444249204139902,0.2562530091366654,1.014968223710333,-0.17512174387960253,0.437376245365939,1.3456462335009678,-0.24487577196271196,0.6619557225767275,1.391801542074574,-0.2914203671884825,0.8311766324412961,0.8006131976370655,-0.012104810627975637,1.0046071825374585,1.0729858515081117,-0.20031024208461223,0.7466924626748344,0.9201488759729572,-0.3197462309106037,0.5521918893440487,0.7203782711301994,-0.36311311250878253,0.9084130439708726,0.5186816659664494,-0.031094778267819687,1.0801576365892382,0.7845149708668081,-0.21423510115106423,0.7470985957681195,0.63930359878468,-0.266019621505275,0.5566084351913262,0.46966928180127476,-0.25097208731466086,0.9396307369621966,0.18401021614810886,-0.08209526032715053,1.0961330131501834,0.4445318659458403,-0.2573189776926348,0.7724231157252367,0.36408922559822937,-0.20677971747305007,0.6031678562955642,0.2226199355497538,-0.1183198128591309,0.9191600126105006,-0.18669109867632172,-0.1443513655741385,1.049213527781152,0.0675094229172636,-0.24562828000881512,0.8226478374823073,0.07657447520440118,-0.17494476784821886,0.6973143566694379,-0.013234685378198824,-0.08509048557587048,thumbs_down
0.0,0.0,0.0,0.07909907903341698,0.5525299507004328,-0.1272972292025591,0.29079546696659464,1.0476366541560764,-0.18645025716066876,0.49101636767548756,1.3718288284137854,-0.24938784409914397,0.6968899626501006,1.5304253440751028,-0.28134598252718,0.8347324459964249,0.7770785497044299,-0.027554092559744718,1.083588028700613,1.0726391702162354,-0.19586186613660955,0.7970318832545114,0.9445305546911144,-0.28056525143669175,0.6248449998997966,0.7655795593820707,-0.3035471981882322,0.9144864249151726,0.49338978222341995,-0.03905284324511351,1.1685557118159602,0.7778099342479015,-0.2094999993953204,0.8025614850235361,0.6542848212049068,-0.2431125667079455,0.6374207508000446,0.48627511558594555,-0.21452191930752565,0.9451260992948671,0.1594872432425824,-0.0811416945748445,1.1847943607974836,0.39811300292043567,-0.2404239517133781,0.8460015839867672,0.3444478612220034,-0.16634192516030877,0.7031429818107073,0.20538122498783154,-0.06512397222548676,0.9326495394356454,-0.21229591611287524,-0.13502692261989144,1.1286243465449393,0.02626291948910479,-0.21903964299186313,0.9031069418711585,0.05698425717566834,-0.12664786897752658,0.7880564882932047,-0.04005804298606661,-0.02442163406895813,thumbs_down
0.0,0.0,0.0,0.10511041728663427,0.5631438320410689,-0.0974381588529398,0.36905962044602897,1.1163088214733632,-0.18756078138287036,0.5687556216782111,1.57255718259458,-0.3048398552772746,0.7269580730284212,1.8966897526861373,-0.4106230228352421,1.0522768963657207,0.7473971553504786,-0.05029322914102403,1.5767740990259123,0.9349412621304167,-0.2477057549319529,1.3848249686958358,1.1115236556947328,-0.397981275187012,1.1482966334258782,1.1173117684780414,-0.4657733786753358,1.110138820687838,0.45578573108424614,-0.10008756824317416,1.6614271033663828,0.669894403741794,-0.27947537244663007,1.341721378996519,0.8318821289699738,-0.3810802760946326,1.0583155276784832,0.7834936457634119,-0.41213491743601716,1.1060860069866012,0.13284901599391533,-0.17353250750944998,1.6586600520131798,0.2719487748081101,-0.31744483256643413,1.3821967063537244,0.4461106531035203,-0.31296182203070033,1.1036995343053215,0.4130849786718387,-0.2727178369696949,1.0583046165927057,-0.23021954547334145,-0.2606007488810814,1.4791290466283213,-0.11410289774111251,-0.3678063128587331,1.336465727199158,0.08886599278092275,-0.3388755689193899,1.1240325608736204,0.12231938177508685,-0.28747581698220764,thumbs_down
0.0,0.0,0.0,0.07265960549771867,0.610351445732551,-0.0851069933466399,0.2890002361458747,1.183573618746664,-0.16400995688200468,0.4267013317555195,1.6745134429226574,-0.2761979202349124,0.47758827881531796,2.0218873338743357,-0.3830352252163741,1.031305677590928,0.872066958013184,-0.017506463126823274,1.566164757161351,1.070077986771942,-0.2112909107392494,1.368663925178546,1.2299622794525338,-0.37568590570114485,1.1215298102967324,1.2032997575327282,-0.4583211369679216,1.0975787836019348,0.5919226266654611,-0.07724865525944286,1.6786205931138631,0.7946722678307789,-0.2589158036989954,1.3864511398298955,0.9517634867180385,-0.3889206503954153,1.101413858243648,0.8953640332656843,-0.44410053181164755,1.1109660471465792,0.2713841160053892,-0.16075119624104503,1.6507198408164638,0.40830646701146195,-0.30417785335217506,1.3964517903759937,0.5669560570363338,-0.34026269991344427,1.1292700730523944,0.518844104195266,-0.3309321787216728,1.0825467197337775,-0.09742597691052574,-0.2572100399318565,1.5060073979832662,0.011179350617076504,-0.3553388878653471,1.3786839781949483,0.18204191376795617,-0.3468154432934441,1.1796671077370127,0.19065484672207175,-0.3176442701563559,thumbs_down
0.0,0.0,0.0,0.05342438240503653,0.6004444829732325,-0.10532498564331522,0.2599014289623035,1.1871553904826482,-0.20350906835650537,0.3752925960645207,1.6886944593863977,-0.3319703618982015,0.43532839544126684,2.0611934541045,-0.45453350413703464,1.0455224879366747,0.862451241286552,-0.06104453226648408,1.6074747222781418,1.0828912873061034,-0.2717979721672091,1.3874452723828319,1.2641062024765628,-0.44879150283610475,1.1303583842588705,1.2317692540576488,-0.5377249106329137,1.1162797623846599,0.5843920863820479,-0.1176440785124141,1.7178085468744588,0.824630877221727,-0.300754558259497,1.4072517557108444,0.9895129886917636,-0.4321400262429695,1.1156483911825281,0.9070678360996298,-0.491787477705643,1.1330254382410547,0.2609361129871379,-0.19880732735815052,1.6802226140779093,0.44393634744725885,-0.3393058699146774,1.4078544489131677,0.6070131105484026,-0.3685405301836792,1.1355618480018896,0.5385846717674008,-0.3576641427027607,1.1050134053170606,-0.10787115826356107,-0.2954272783903206,1.566368223600347,0.011537660049913993,-0.39530868331637925,1.4371137472256557,0.20232829591831342,-0.3806792617633083,1.2258747870811502,0.21756860438793862,-0.3476442828629461,thumbs_down
0.0,0.0,0.0,0.03451666156240152,0.605772382331943,-0.11304463397577698,0.2502178153888261,1.1943102901410803,-0.21706457441210741,0.3594727901677454,1.7007889118303254,-0.34890016662903417,0.4287727682929272,2.057413666065932,-0.4730090344636448,1.0763337348397404,0.8768945228340713,-0.08325176240074932,1.6328119527454843,1.0783786843911398,-0.2920060838668946,1.4091200671351352,1.3042720344444148,-0.46826526207291896,1.1575270610754596,1.2880747497725806,-0.5608291053356571,1.1431397306620488,0.602466395420893,-0.14340504621671835,1.7621280342334982,0.8358760275584219,-0.3192373896967498,1.4427631883200418,1.0487068498841143,-0.4472635331943237,1.1441622054377485,0.9722330496082754,-0.5099966581543467,1.155976627235465,0.27956502641712966,-0.22768115285240548,1.7126702203338222,0.4777761985046666,-0.36731460625019213,1.4319346765655319,0.6950652427263231,-0.39914325832403513,1.14856736388046,0.6310591244079912,-0.3939712995384704,1.121609791894012,-0.09175696663533801,-0.3275146752760226,1.5719102693981166,0.06111304533763423,-0.4399512555627007,1.4133116340307206,0.28607622426918683,-0.43166753213799647,1.1730349667663815,0.29261328498081246,-0.4040413717883497,thumbs_down
0.0,0.0,0.0,0.04405703010489228,0.5760466242764911,-0.1331198400165923,0.2600172860297794,1.1557354054233742,-0.24713109572684144,0.38200865012457447,1.6279996719941925,-0.3828428879075572,0.497201973314345,1.9538398091722302,-0.5099567573987429,1.0553818490477234,0.8697109680039656,-0.11358973778834201,1.6015622535981515,1.0713452883744563,-0.3380412525229091,1.4161238411952546,1.2930083600971376,-0.526263565798258,1.1671197014649255,1.2871899767149766,-0.619262078849039,1.1237174061745423,0.584547064597381,-0.16051871959709277,1.7344845332112129,0.8079809873051296,-0.3515377128527804,1.4655192047164765,1.0358509272897283,-0.4964412395297188,1.1649234728712465,0.9910818230688526,-0.5662387265987782,1.1357773280939307,0.26292158832305984,-0.23132125572077314,1.687600097705715,0.4386020961890138,-0.37311920915521535,1.459289667428395,0.6686633753694913,-0.42175321565308205,1.1843281592678565,0.6335183839821185,-0.42693806087142444,1.103221495087084,-0.10777388427341969,-0.3191006422072723,1.5501795721165292,0.04717290997570581,-0.4273584101788895,1.4410175433585801,0.2727848371580601,-0.43039858772580886,1.2283447407182204,0.3018065245368271,-0.40986772855634734,thumbs_down
0.0,0.0,0.0,0.023664738541752828,0.5868030321853152,-0.11761539699613742,0.23889282348071525,1.1623452530016432,-0.2136064873289418,0.38428729154578495,1.6152324929146546,-0.33243121778081797,0.5478398179433464,1.8796759718730036,-0.4435490222590573,1.0613301266849158,0.9177068156946417,-0.09909166068099942,1.6216052514505432,1.1324018948725483,-0.30851855199034856,1.4333264577961906,1.3426984437497977,-0.4927233145410874,1.1892958891283751,1.325312324795387,-0.5890565971501038,1.1362176602536318,0.6376846855939742,-0.14926925421681286,1.7713310077101652,0.858225345195909,-0.32084106017963926,1.4978600518669172,1.0706637792929443,-0.46927036061601995,1.2045840543723216,1.0199157135350798,-0.5512382357996546,1.1587173172369452,0.3151422338384035,-0.22068573625963625,1.7292222077446224,0.496376744457236,-0.3477484652356548,1.5026230343826612,0.7150355216496561,-0.4046123966665441,1.2278753750848401,0.6682475676606464,-0.4244661328097291,1.1351664419948628,-0.05752965629886925,-0.3075671322240566,1.5917950326915355,0.10165302976330659,-0.41106623797537717,1.4837427958306058,0.32252900333434975,-0.4224750940479713,1.2676701500389693,0.3411174111459111,-0.4143426656304132,thumbs_down
0.0,0.0,0.0,0.0033099827792436275,0.6122748384540805,-0.13414409764255528,0.17582675307551043,1.219538368378564,-0.2562407050409665,0.22933394275709962,1.7469115637424342,-0.40065056853075415,0.19997910091698778,2.1160245767741297,-0.5388726018530998,1.0642710258711117,0.9122236965104147,-0.1217921386827299,1.6283464331122488,1.1431433540401201,-0.3359914179781621,1.4343147747508984,1.3682491739184333,-0.5169765799323878,1.1862262122534555,1.3432232209454948,-0.6106137682580267,1.138790173372175,0.632627768715578,-0.16972880233778725,1.7754202411889939,0.8783249383814825,-0.3437719917957481,1.4851381702953623,1.1037483510624793,-0.4755960596277713,1.1782022705799886,1.0268648016196242,-0.5425317230374183,1.1542802449976812,0.312051573018657,-0.24035934986066673,1.7333014075877704,0.5027584036114031,-0.36910097373711115,1.4891863539091723,0.7330446749283912,-0.40626962192780935,1.2085494774664463,0.6747128637046182,-0.4071773592885958,1.1272493187647417,-0.0640745728654995,-0.3288559545410272,1.5942947266080865,0.10349746642921172,-0.43418925132116215,1.4703561596775387,0.31758020693506145,-0.4311057670917078,1.2462143644113375,0.31054098288917886,-0.4079338633202714,thumbs_down
0.0,0.0,0.0,-0.00780859197113426,0.6299210734563397,-0.1263806403060474,0.1652322076417068,1.2455620568204804,-0.24199202895012428,0.2219837612328172,1.7732329182649331,-0.38092505750573435,0.22321251527059197,2.1252479278772833,-0.514171713017502,1.0894836604858993,0.9597787857909035,-0.13152917953692825,1.6580961369964864,1.1981507492968193,-0.3439836078736507,1.4481155241341432,1.4234623484306193,-0.5240076137261992,1.1934492528591176,1.38210452791892,-0.6184451145970054,1.164146944960501,0.683183633675679,-0.18574036202417948,1.8157125072497664,0.9301487499600959,-0.35595614460445296,1.5094417262993935,1.1676296185098884,-0.4957550734671291,1.1974546660028265,1.0922386516293743,-0.573230340340632,1.1773589850698292,0.36421858663556955,-0.2600067390822813,1.7715513940949437,0.5428474634833899,-0.38497346801244753,1.5131252799174104,0.7841798123602559,-0.4335452529213435,1.2247075457855363,0.7247463969989693,-0.4478139165489647,1.1443347532030084,-0.014319814690040525,-0.35089935565210906,1.6227579473054063,0.1465955028476105,-0.4608570706904815,1.4935031342473177,0.3734437216524559,-0.4699899475859607,1.2615661041758175,0.37249935962195446,-0.4590604636834219,thumbs_down
0.0,0.0,0.0,-0.03334513939644637,0.6375236548217207,-0.1272117716978052,0.10225368501301582,1.2723096959235067,-0.24932833963789539,0.11028938099155375,1.8181381694628498,-0.39876233056493937,0.06379830234282587,2.186073825380458,-0.5446358079618296,1.0700815009068365,1.0289893982288765,-0.11258030911236812,1.649510835232905,1.3108036692762297,-0.331318487329692,1.4502183217766402,1.5183629578582485,-0.5222411815636199,1.1992919400391413,1.4597711430215075,-0.6231945814255636,1.1565060318615683,0.7633869334292617,-0.16959606652601986,1.8094952514193943,1.059589484737671,-0.3427265382017861,1.5046283944603422,1.2719265787860703,-0.48078092726140453,1.1919532010861098,1.1722984550292486,-0.5544465590998922,1.186206444024562,0.44655742983294755,-0.2501903531971275,1.7984601760068721,0.6732781546625797,-0.3784182700650311,1.5372482150043603,0.8922361079792992,-0.42280153609513355,1.2490134772690693,0.8056851111733748,-0.43115377447188874,1.1740592130383167,0.0628804950257146,-0.34884757838910607,1.6591347935190681,0.2671386529332196,-0.4601413923187282,1.5193346991413095,0.4711382997625514,-0.4640505296578796,1.28628556732424,0.430613433623029,-0.44748887911269003,thumbs_down
0.0,0.0,0.0,0.024284622411536637,0.6025597878524679,-0.08741367824513452,0.24535506077668348,1.1800541208420963,-0.17240920513261268,0.3818669351327869,1.6560154904719648,-0.28296650551456826,0.4776907485449026,1.9419889604716278,-0.3867486867646993,1.070108879230563,0.936304257293649,-0.09714421985185019,1.6469566426258317,1.174734012415084,-0.2971710747280017,1.4381563630333039,1.3983985191527817,-0.4626776545700734,1.19536833476378,1.358241552581482,-0.5468170481067991,1.1453652726049512,0.6702044395316709,-0.16029278420471915,1.7836495198095552,0.9249006209185735,-0.31524953404782485,1.4803543083241482,1.148378167773565,-0.42648367617426564,1.1888540659094815,1.0590956590811391,-0.4844237696036134,1.1634953406423965,0.35158722412946725,-0.24182610933965767,1.74292709124007,0.5469868791880118,-0.3555666823936308,1.4809092309171812,0.7693719937871896,-0.3685117926913327,1.2110143108302662,0.6986241746430661,-0.36083154486265584,1.1414281174279581,-0.0317263589192609,-0.33762351695951615,1.594853031196596,0.14372082748045797,-0.4375347866308006,1.448695768185869,0.3545116799418007,-0.4219665100376266,1.2238911727516677,0.33088599946980274,-0.3935643596946109,thumbs_down
0.0,0.0,0.0,-0.009159750595299122,0.5808341232305665,-0.12274337203696745,0.16604917432134514,1.1457092438575935,-0.23982684207152388,0.2527295236919277,1.5809055905729277,-0.3815311990848952,0.36832480473834456,1.8591311332801188,-0.5159993554800114,1.0478445153706475,0.9551147415621261,-0.14150171816279555,1.6474200942024524,1.1646938994926122,-0.3754398496894888,1.4402296592343187,1.4045672202382824,-0.5699176732206714,1.1715147901885776,1.3918455534809246,-0.6687658447842557,1.132377930593893,0.6839170683030535,-0.2023200871520023,1.8108782708718403,0.9142712480746855,-0.3907879415698753,1.5065484738618073,1.1475598220643473,-0.5300318680674135,1.1946051516163123,1.0700415753203383,-0.6006051544657288,1.1578127967960203,0.36344904390636656,-0.28506516479609495,1.7572853566580033,0.5622784781000114,-0.42370270823068373,1.501128452992917,0.7939347423851904,-0.45867479664727184,1.2184237019266233,0.7245394708506938,-0.45904177232687116,1.1330943593200968,-0.011222011616755128,-0.38424797160925456,1.610077364063934,0.1400898051450108,-0.49932739339639814,1.4693463951935026,0.3543306890614981,-0.4953598106402752,1.2358724811394126,0.33736595788499507,-0.47109360997765054,thumbs_down
0.0,0.0,0.0,0.03061439668822702,0.589198868553044,-0.10911414817231403,0.2746143152839976,1.1550464161607517,-0.18990084303569227,0.42990007153880544,1.6375028007769301,-0.2907216992088527,0.5472137496866977,1.9350002489176639,-0.38193325887933255,1.0978597052860664,0.8557774217374009,-0.0628395488367398,1.6404426171490525,1.0082597698037952,-0.25699274066477645,1.467903425787087,1.2132302268557078,-0.42437751779144844,1.2286553522747696,1.200252968294619,-0.5078492331156557,1.1571682234570209,0.5711745071947326,-0.10919249349758424,1.7567301537343358,0.7288359659780675,-0.2737125887597734,1.4725769461715075,0.9340986005589564,-0.3893952815578984,1.1800971190592593,0.8837366991336976,-0.43970657994726525,1.1513946370749495,0.25043310455003337,-0.17928172719964297,1.6896195274816417,0.36230365614154864,-0.30694577506035836,1.4500022718205126,0.5726494756843831,-0.3288524343342796,1.1899611908469958,0.5360419194409536,-0.31668925211310245,1.101952830850126,-0.12359285486248386,-0.26487199087460134,1.5232781079504418,-0.012534592003634042,-0.36553949784768924,1.3884284977471952,0.16283264902509248,-0.35183289553015784,1.1815839682616842,0.14769134063342473,-0.31917430120179596,thumbs_down
0.0,0.0,0.0,0.04949980831375298,0.584367161305615,-0.10645535619401558,0.26469185847617493,1.131037569338661,-0.20404905701848047,0.37326707337873616,1.602055776100186,-0.32967844056790707,0.3868770981057076,1.9202528851502783,-0.44965715045035576,1.0862102722952431,0.780879981383618,-0.05756781865290264,1.644802700335619,0.9039650287570908,-0.2636285776513321,1.4757885240322788,1.1125395986026607,-0.44244714348962005,1.2364924413291836,1.114274324109007,-0.5343038602122936,1.133812264949061,0.49300033690603196,-0.11557912417577397,1.7487244383624283,0.6177223422136727,-0.2975079614602166,1.4759857895761426,0.8389565148566773,-0.4304761856212165,1.1816314227410796,0.8081259868301747,-0.4897403950187968,1.1192946456803652,0.1726670496638357,-0.19765594733152886,1.6662289396383165,0.25122545690833237,-0.33960320101860064,1.4346145329492335,0.48025161853395704,-0.3783873481567281,1.1674624789731607,0.46946949920224357,-0.37177354493882964,1.059473869503668,-0.19024444786180475,-0.2946384994392844,1.4915066079593562,-0.12585714738461146,-0.3976135196730028,1.3626658192238048,0.06477317956738302,-0.3890079455094061,1.1459661584904062,0.07593598679076344,-0.3584928368681439,thumbs_down
0.0,0.0,0.0,0.0234952241120453,0.596068376941196,-0.11808967715294186,0.1958664677797609,1.1805371803834956,-0.24095456124942685,0.23587282079739308,1.6739580030101493,-0.39201746298055146,0.2031614664203055,2.0428107820895103,-0.5386440939441963,1.0746314299649176,0.8235966753667942,-0.09774949670949924,1.6534824060375448,0.947950860482548,-0.3289701946171384,1.501477134432149,1.2024109442446493,-0.5156278048910179,1.245434228707207,1.239510889292479,-0.6045962820293982,1.1407756862843272,0.5389250446080319,-0.15896505468991093,1.7953451270295087,0.6793527575530721,-0.36106791345005285,1.531229964078807,0.9378267304483032,-0.4866552103256025,1.207023726842572,0.9037603402949095,-0.5311398420169096,1.1411256772888838,0.2197503211844139,-0.24515647507499153,1.7179157949046424,0.33064849784513844,-0.39982700231168444,1.4818879716726254,0.5844059039036117,-0.4206103577414407,1.194427644937891,0.5675515232297563,-0.39289331097662994,1.0910001363436181,-0.144502704487181,-0.34778080710449144,1.5337944681275983,-0.06563117579668376,-0.46589965424553426,1.4048216597424723,0.14719031191883325,-0.44868301154104795,1.1770718650842087,0.1604746944897283,-0.4018736241318948,thumbs_down
0.0,0.0,0.0,0.029277236031985905,0.5947553865849591,-0.1254178146214356,0.17728908939341206,1.1667664667540123,-0.24612335505291597,0.22220764942316742,1.6545875958074845,-0.39271599593176504,0.1954004939804358,2.0190665512640362,-0.5401583245236639,1.035194544904001,0.8230966618673837,-0.09709603955545514,1.5846027202102324,0.9469039487489775,-0.3192461056417533,1.4724615061170592,1.1655276468581235,-0.5103280994776705,1.2324088028310738,1.2078449519018954,-0.6064203484605273,1.1008884614218104,0.5353311615718277,-0.1507206748664236,1.7203602169633312,0.647689369243319,-0.35092447233115354,1.503229683682037,0.8792464182109798,-0.5030151268600245,1.1910466252590783,0.871906877219759,-0.5705924520359544,1.0938948651107767,0.21521761038390952,-0.22757261350599992,1.6516946445358933,0.2537739898428187,-0.37541951228442066,1.4680473765023827,0.49071496964300715,-0.43657907451800904,1.189559685656834,0.5153223971514379,-0.4432948701363088,1.0316599507358675,-0.15156378922946637,-0.32075764044338423,1.462088501619107,-0.1650520744849911,-0.4336499391225745,1.3775788407026845,0.022518419658148752,-0.44928184190837545,1.1722277682476614,0.07756275379744487,-0.43248512715433174,thumbs_down
0.0,0.0,0.0,0.023171447497015354,0.6273112873299654,-0.10597576737318083,0.22489380952578378,1.1993251598080938,-0.1993963864767083,0.33760153853269165,1.6992989302356025,-0.32270716438670705,0.3677911645340752,2.0626587577418576,-0.442908128704819,1.076109111814498,0.8583034797782286,-0.03127974791675195,1.621296430552119,0.973177610497399,-0.23679801181891866,1.4989239372075458,1.1812663133472,-0.4132402905206576,1.2538343058335715,1.2102949370726561,-0.4981702932715407,1.1371883536687268,0.5727843071681448,-0.08668829521390596,1.7454929101911694,0.6886981680361104,-0.2676586193343685,1.508011767234516,0.903966002470775,-0.3964272978125106,1.2053829700703929,0.8875630555693261,-0.4434138936651705,1.1304684510946947,0.25469286794125623,-0.16877425480316963,1.6635833970883491,0.3149009122351308,-0.31363251490112787,1.4630960490013314,0.5357071377111053,-0.35065534597399733,1.1951118450970666,0.5399409616789269,-0.3349122899830766,1.0767970636239281,-0.11367746017055698,-0.26633841952574194,1.4935670085035253,-0.08370273551210626,-0.3769194835054264,1.3876683527523643,0.09416156477044238,-0.3751629604048338,1.183366282901585,0.12751139973180062,-0.34084158300035416,thumbs_down
0.0,0.0,0.0,0.07092064995427268,0.6047548839509101,-0.08352311773543945,0.3575450185762611,1.1460295880418365,-0.15919032638990782,0.5250631558003162,1.620417146024328,-0.26586258192196177,0.6139660622335218,1.9452423814031525,-0.36723663407940405,1.1477729580374263,0.7894759150774635,-0.04553090777390613,1.716729599022338,0.8976526955544584,-0.2533965060879758,1.5491590262482868,1.1355989470964998,-0.4293456187049066,1.2914611545402714,1.1541369307719704,-0.5169476641269429,1.194816609725621,0.5129236537256262,-0.11309755222553693,1.8297075935771616,0.6270045874987397,-0.2865211242234949,1.5536926845710086,0.878558088348262,-0.4034775821029269,1.2507505520571363,0.8536767476245704,-0.45017143937426857,1.1761316272433242,0.195823922712863,-0.20449571998842828,1.7369374532899853,0.2596249902121379,-0.33926450899206567,1.50495585760175,0.5031571964135708,-0.3553020564084374,1.2315335952342827,0.4901397350017702,-0.3341382897397696,1.112690437920517,-0.17419896409404442,-0.3102948479848535,1.553710163087674,-0.13597299997994527,-0.42149471158386037,1.433847873802193,0.06579541106749473,-0.4091228908918275,1.2178797365490277,0.08522793626255346,-0.37219680742337974,thumbs_down
0.0,0.0,0.0,0.13000672551733955,0.5878055461823051,-0.0625871202638146,0.4418372565970751,1.1362362621416138,-0.132697093974362,0.6391467727241119,1.5897965291834666,-0.23582318605243105,0.7585145785215722,1.911914776441486,-0.32626331545572107,1.1346913305000885,0.8196180807098723,-0.06204665292893657,1.6493628334869863,1.0727967104894645,-0.26277966433036776,1.374198498062037,1.2565216554305219,-0.4076317624136219,1.1064531099898538,1.1559573418412958,-0.472012102827454,1.1905549850302355,0.5254014080802474,-0.14398808027626644,1.8429942658914873,0.7447352986363663,-0.3207251210713731,1.4597411264913203,0.9147105339385958,-0.41761692379218807,1.134092646742654,0.8032852963182232,-0.44910767237348054,1.1878518095844335,0.21212693912353853,-0.24469478597497327,1.7320758168013441,0.4032517244889334,-0.38814798394112193,1.4251412086680442,0.5892922471848093,-0.39468906460454606,1.1455094914057042,0.5010555418470711,-0.3653688858391038,1.138090544052938,-0.13635795951243213,-0.35547169594351175,1.611149431556338,-0.02155807439004702,-0.44773251375226497,1.472671967768916,0.22412336061559432,-0.41291548208154527,1.2462944445255955,0.2692239003910751,-0.3680852257311297,thumbs_down
0.0,0.0,0.0,0.06920859130291598,0.634540154785904,-0.06557434593966605,0.3284931045165991,1.2108746145458091,-0.10466874971305595,0.5145989233096366,1.6661772152596241,-0.16936000138660295,0.6063820924598008,1.9771870083654526,-0.2119796035552751,0.8831882007097728,0.9708007334656834,0.0027764622255704117,1.2335417111547264,1.30287290121079,-0.15658806833811068,0.9364434583503073,1.267211704040561,-0.24624517172693397,0.7355410182944747,1.085221374990733,-0.27283306419482184,0.9736811205284833,0.6874909664520792,-0.044248315617503337,1.3268142956405284,1.0194747172525367,-0.20284183765907396,0.9523557738424906,0.981723416431991,-0.24982198465304878,0.7538223609943218,0.7974260431872431,-0.23916139070340273,1.0253435058929916,0.37089085250569626,-0.11468625566306491,1.3967748867304095,0.680959050726755,-0.2515220738683984,1.0499667134629118,0.702565599757328,-0.1919284407507417,0.8499010440791205,0.5468414838725772,-0.10901729529933371,1.0483200618081814,0.004706151394062129,-0.1956995487733296,1.3757202599677243,0.28755833793123414,-0.2794921077629198,1.1485734831042533,0.3942994664803059,-0.20224587782790404,0.9601433013333235,0.313647717207013,-0.11400376600792328,thumbs_down
0.0,0.0,0.0,0.06975536815209629,0.577494467951262,-0.10380338809981286,0.2747783342465476,1.1365806350997092,-0.16466643222926672,0.41153831911894045,1.5548002286859595,-0.2393850763574165,0.4924020689509302,1.8858528342032022,-0.2903370936507105,0.8203272040054899,0.9050828390236684,-0.006107403860996445,1.0139638593448155,1.2658014096232701,-0.18199340836334293,0.7589413208961655,1.117838643780028,-0.2792541503843972,0.6207328557406908,0.9135989722672737,-0.31425493772184854,0.9244022027508222,0.6264073507932973,-0.037004913086975184,1.140335531547395,1.00162740874956,-0.20434491024597642,0.8036488250927455,0.8246072239507706,-0.24336101533087184,0.6772762747572268,0.6235130246259512,-0.22411039294785862,0.9777975151806059,0.300798291365672,-0.09774202746462805,1.1586968522379668,0.6377212155809453,-0.26531255510138957,0.8242814366303562,0.5206985857147284,-0.2027606623780101,0.703322575864525,0.3456085371161292,-0.11088774616742048,0.987136898054638,-0.06742041266697085,-0.16862494575221135,1.126287160787321,0.24684668171895455,-0.2620227672532407,0.8877186382854697,0.25174754165219454,-0.17698725480237137,0.7798426411131476,0.13755425611582872,-0.08157731515878851,thumbs_down
0.0,0.0,0.0,0.08676011364026112,0.525993063768592,-0.12361996194503219,0.29135211408590933,1.0181399539167029,-0.21117404218699468,0.43218506581081667,1.381981784532317,-0.3024645977424878,0.4759620055298741,1.667236265355857,-0.36226932259895667,0.914025096065654,0.6939818773892139,-0.07700229153493726,1.0434898096304435,0.9532650972744077,-0.2675410760432768,0.7369881083169266,0.8360977058369381,-0.3614174181812066,0.6253993785035155,0.7023534606705775,-0.40047379017726037,0.9598389900154892,0.35921682190012005,-0.10261384781615335,1.0465563914961515,0.6457617391207421,-0.29235960477607914,0.7172482868754453,0.5409347599539045,-0.33392576500422155,0.6742469697360048,0.4032451207884978,-0.3239396951635985,0.9285752011240254,0.022694142144350195,-0.1542184522531879,0.9553050753748916,0.26647549398117476,-0.33075174126801826,0.6727339009318104,0.21929481092417807,-0.27995004510990196,0.6515055796274967,0.09386015971020573,-0.20571220115431685,0.8560189594607861,-0.2945664875835035,-0.21631280164076036,0.9023650544788966,-0.09658239841313061,-0.2972464380849546,0.7055175623343075,-0.05307722898390978,-0.21987588873782235,0.6653208843472835,-0.12970359927157216,-0.13666068354041344,thumbs_down
0.0,0.0,0.0,0.07915085253933446,0.4707755116589085,-0.13757683335272383,0.2585598504879938,0.898089884324889,-0.22668225122179397,0.4120076700599865,1.2250612952817252,-0.3129896110339594,0.45637187388833583,1.4844964077516727,-0.3701355828540478,0.7652108972962326,0.6512962718114245,-0.09727627831023612,0.9680446791286196,0.7311003154398245,-0.27075679066935454,0.6903342935589996,0.6436438003455625,-0.3532531359310255,0.569278557951224,0.585718842722024,-0.3847389436542782,0.8120365334936143,0.31981798311397797,-0.10518411150658387,1.0261255438924899,0.3981178571762864,-0.2911955612882011,0.6847290271389856,0.36120481807729826,-0.3190708033562535,0.5805900960943563,0.32248001834980305,-0.29648041301955613,0.7989755271911368,-0.011485042026165355,-0.1369439994953707,0.9857825477062,0.04232016619618754,-0.30434331953219507,0.6738077847489641,0.0630315323554028,-0.22345945178794105,0.5790320804955993,0.035296250379609484,-0.125472144028267,0.744588218720231,-0.3450017373981093,-0.18073274584553675,0.8984143682602976,-0.3059074060738906,-0.25601133617181265,0.6855170092771417,-0.21856843722087216,-0.16490920491048253,0.5979528021175489,-0.207212203351279,-0.07083072209581073,thumbs_down
0.0,0.0,0.0,0.08143899791649677,0.5243050805420665,-0.10881617727976567,0.32911101722300684,0.9204945490996372,-0.16540210692271676,0.4847212745699842,1.2647629750134595,-0.2356266082743026,0.5237412009438915,1.5532680819275415,-0.2901928683587171,0.8367404326132832,0.5966318305937541,-0.03434050704184552,1.1373823028758645,0.6831008512538874,-0.20763375477508403,0.8807199451578226,0.6084411799820227,-0.31019092893806827,0.6660695201098376,0.5497497120188021,-0.3458007044287616,0.8732583125889749,0.2617430793136763,-0.044768348995747415,1.177909262300762,0.3528229864066547,-0.20982906828103595,0.855675873313284,0.31848631810928396,-0.2463781270831709,0.6502205171555092,0.2850188835644875,-0.22459752776377606,0.8535875450279363,-0.06943962458677044,-0.08332834534994409,1.1413863511412845,-0.010289931884881913,-0.23287152719538556,0.8413342904240833,0.022668966083386234,-0.18070111441104914,0.6468298862978497,0.010016699903885725,-0.09568220548823048,0.7858190474864089,-0.397156229872767,-0.13329657512738996,1.03453561794973,-0.3404307937274792,-0.21429605801992327,0.8368553758120877,-0.26500251237876116,-0.14587240601475626,0.6811050193473757,-0.2456982472058294,-0.06259686879185837,thumbs_down
0.0,0.0,0.0,0.09191635775885786,0.5466722842064259,-0.13396579370010725,0.2819456441466154,0.9845460402390281,-0.22199922513317766,0.43291933758807866,1.3844523388674483,-0.32213482535282384,0.4866954385125917,1.6979889744892662,-0.4070476931634701,0.805234909810573,0.5912345024718945,-0.08448115905849556,1.1419170691058673,0.7376331849133222,-0.2784198042935702,0.8869490055610493,0.6671794346385288,-0.39330669499862,0.6614374014000022,0.5883344772526401,-0.43548639938172584,0.8420082146309487,0.26253826466767594,-0.09105814823925704,1.1809267491600894,0.37515591068205484,-0.2761721856185402,0.852525188644989,0.3442306561418999,-0.318988644423573,0.6308026502496863,0.30539920158690376,-0.302318064615197,0.8255521993323989,-0.06862892150988545,-0.12648581401885833,1.147871136427782,-0.01108838082537596,-0.2877605995775757,0.8464171044396682,0.023188514836053106,-0.23117001228216336,0.635743712216516,0.015208019414040446,-0.143457618920847,0.7644467312734432,-0.40369953829344385,-0.17636466692568184,1.036807015725157,-0.37544224017261446,-0.2650424571034287,0.8463277829950914,-0.2832516572311069,-0.1941481256728352,0.6804557734661113,-0.2484738936561624,-0.10926124690692021,thumbs_down
0.0,0.0,0.0,0.09967338762886149,0.5665668958266359,-0.12676781450895772,0.2366207225587768,1.0271388795661456,-0.22289869730086126,0.3568242609183276,1.4759973626314555,-0.331162618222693,0.3788735541935395,1.81539408503215,-0.42264827590941173,0.7671746531179504,0.6713187181928095,-0.08796095929785402,1.0877316223248783,0.8004628747749901,-0.27798682481297704,0.827933112772314,0.7434375183504784,-0.38950061008335446,0.6066797567330456,0.6724578620974797,-0.43209536373176655,0.8152904898632282,0.3334931112447789,-0.09941973414613797,1.1181685761606925,0.4522869909728586,-0.2971604879662722,0.7828248885801293,0.42688416710020344,-0.34979218999388423,0.5744787060725348,0.3866835486603748,-0.34493866056142314,0.7994268246717149,0.006280201736218062,-0.13483666174882036,1.091545240961605,0.08390131403776115,-0.2865651237046712,0.7923623432314962,0.10973866550307287,-0.21682862373628814,0.5983172306116266,0.09314908362735698,-0.1290549685982217,0.7321977379537632,-0.323314089383078,-0.18533751448083816,0.9874682143863803,-0.2749554283948451,-0.2560769957246729,0.7966475521084884,-0.1893816091328001,-0.16954753526436642,0.6504716179239473,-0.17497744544368024,-0.08014231821118326,thumbs_down
0.0,0.0,0.0,0.16133507021297205,0.6267148342541641,-0.07909262101318516,0.28562280875735213,1.0664623040774575,-0.1494190613719189,0.4234495543858373,1.5297380215282916,-0.23486268587162396,0.44830961413057663,1.8442111290663992,-0.2930022941834746,0.7987390501752525,0.7012841857475919,-0.011480647899196441,1.077798515575198,0.7906087161706836,-0.1892391879714253,0.8060447434412372,0.7461015042072539,-0.28777060052715464,0.6025243619998927,0.6957802285491015,-0.3273472383056407,0.843285242005527,0.35804653513578766,-0.039456741957900505,1.118552399471102,0.45355067378268016,-0.28438452235788153,0.7577664459153858,0.44135170789877404,-0.36173692806662244,0.5573137799947294,0.4155920794491823,-0.36907778442082356,0.805940797129651,0.026482055315115983,-0.08294112492225705,1.0638775057960135,0.09687882861762026,-0.26103666489190586,0.7485017977856323,0.12977090648055314,-0.17131234720948685,0.564015718434251,0.13819488881535305,-0.06608208888769922,0.6982537176552219,-0.2857813268825211,-0.13639810754592235,0.9349069859146742,-0.24875998179182562,-0.21004383921526742,0.7284483887324924,-0.13801298277007717,-0.10404993417223475,0.6055513652152097,-0.10568221498970988,-0.0007448513880097556,thumbs_down
0.0,0.0,0.0,0.09830095580694395,0.5409451095650443,-0.12892065077879794,0.27865604625774465,0.9972084605985241,-0.2103299925341308,0.44176555144193513,1.4156712390412283,-0.3029700603204557,0.5070797278383865,1.7287904611505507,-0.37863753136312966,0.7996973678623692,0.6223734554023383,-0.0530091044702987,1.1164128298442306,0.7297576086837543,-0.242328330879956,0.8583681909613464,0.6625876002381089,-0.3559989052679041,0.6315819829130869,0.6033534380070024,-0.39716680737286486,0.8352751627307292,0.2871703056637588,-0.05966782455996779,1.1686560740380858,0.3772365181937039,-0.2543914007074953,0.8299647869668487,0.35266149458567286,-0.3036973567659357,0.6058660683562708,0.335070498016335,-0.28592738265982753,0.814142623589908,-0.0418025200034261,-0.09501886923651416,1.1165829513711352,0.01267857597219099,-0.2627584996091444,0.8075823929625415,0.04007029524086913,-0.20405962799259844,0.6067903235378836,0.040009137628665474,-0.11063254625961669,0.7492888520346236,-0.3721612977556205,-0.14443998707066333,1.0050840105756789,-0.3328757149755616,-0.23047982413642876,0.8067774381934667,-0.2536033903121513,-0.15422886586623175,0.6515172110544281,-0.22610141506654263,-0.06384345340014493,thumbs_down
0.0,0.0,0.0,0.07451570798003684,0.5315468548764628,-0.11117670922378094,0.2628169608970113,0.988730034611337,-0.18265527261820272,0.3864176151032249,1.3862681162042771,-0.2719587156809081,0.4082232927790337,1.699183575583786,-0.3464772844939265,0.7929276776167354,0.6810000393561023,-0.024993647895588514,1.078465782743652,0.760182174619475,-0.2070419580495547,0.8222581634148756,0.6934495671109611,-0.3181292904797362,0.6183723184856883,0.6294886980711443,-0.35961149642798595,0.8394104919009785,0.3487461664021594,-0.04389021762972946,1.1422370194258344,0.4132849237042496,-0.22117990089813683,0.8146111568551894,0.3898211889704189,-0.26638177721489037,0.6168683377182443,0.3580700297794605,-0.2491047470625738,0.829636660364722,0.019221528112616234,-0.0925907074950708,1.121461241623384,0.05684066443916197,-0.25264576862864035,0.8109537862334892,0.08812755130625721,-0.20356897066783064,0.6242374347882941,0.07349643405775276,-0.11873024062011013,0.7713839705039516,-0.31041182183022586,-0.15398353192879213,1.021650457110898,-0.2726684436141956,-0.23820742554541954,0.8209147979848244,-0.19310704363555442,-0.17063631299864326,0.6719765634418641,-0.17204886074878234,-0.0880331387381557,thumbs_down
0.0,0.0,0.0,0.082217819778535,0.49960539728221104,-0.12721656108660828,0.30968227994590075,0.9534852149610196,-0.2014417207249317,0.4676158778950362,1.3228458308200604,-0.2793871317400281,0.4651843236906788,1.6352458892221737,-0.33403327062603266,0.8130866185465955,0.6628884144809327,-0.055341416987777094,1.0466668527755323,0.7492655631987084,-0.22174869888095478,0.7633604659655077,0.6543913009960314,-0.30728433960725626,0.5928650611410892,0.5923173337603459,-0.336982423342517,0.8533978859526226,0.33011274300815185,-0.06289945371316494,1.1144653050483229,0.4174068908809942,-0.23411321960693268,0.765783522283845,0.36640257898899,-0.2570392848610725,0.6059209042081709,0.32918492836178703,-0.22548528213242242,0.8410597279866839,-5.948520213995823e-05,-0.09784901976871757,1.0642740863414135,0.06790815225595777,-0.25901156695280386,0.7415085383326393,0.08039927217025628,-0.1902797715793912,0.5954835688378864,0.059604945079330875,-0.092670463554093,0.7906409976949667,-0.33287223835937174,-0.14454296607542255,0.9949869589449386,-0.26460485728529604,-0.21684737412687166,0.7772189729939325,-0.20371286874148242,-0.13085958309583023,0.6521501766920312,-0.20454566157144183,-0.037005390111079534,thumbs_down
0.0,0.0,0.0,0.1230318933765283,0.5090880458569539,-0.1365843128484838,0.3460930395037573,0.9795035749917574,-0.22996220258568997,0.4925557099433742,1.3751659872253708,-0.3344821961627239,0.532699894110753,1.6937069208788411,-0.4187492069178543,0.8497827715930117,0.5553251312297465,-0.05557776935683471,1.1377305108105251,0.678711742656414,-0.24029215418637456,0.8698160921688952,0.6402339083989913,-0.34826407512560953,0.6675496730368019,0.5802024155042746,-0.3898891298155352,0.8703032107935631,0.2383185593745526,-0.07010841661948995,1.172985772828718,0.36132158035165096,-0.2558426738457681,0.8322102043742565,0.34315754140743115,-0.3021931865020354,0.6407618608457101,0.2784074735201655,-0.28605939281630116,0.8453504458176679,-0.09222504318478984,-0.1147832538385746,1.1227944061225716,0.003595026191875652,-0.2867480253216331,0.8105505427847698,0.04458310934830647,-0.23655665861548666,0.636054834812933,0.0014213469776506995,-0.14979841092079416,0.7851675790573688,-0.43564573588988237,-0.17305805456994025,1.033114671178955,-0.3578131713580651,-0.2617786071582097,0.8308742372063486,-0.24427947246828674,-0.18797318809991476,0.6869436761967368,-0.2326744177488497,-0.10082442186873637,thumbs_down
0.0,0.0,0.0,0.16400304786746212,0.5251729511522764,-0.11671357023017306,0.38161916872570545,0.9888940240677796,-0.2061295152036616,0.51197762898819,1.3793466553273572,-0.31386899405654145,0.5570925661139553,1.6758956256101158,-0.40285483902830377,0.9091860039022717,0.46992069688672217,-0.02719554897439594,1.1756801238935368,0.5932991365668312,-0.2148396662543152,0.9110917045554083,0.5843376402139412,-0.3351512686451881,0.6951260876906267,0.5406537205347497,-0.3822944149741326,0.9154827419607048,0.15045280202140446,-0.05041283978276009,1.1987492922433105,0.2688091804739147,-0.23066328810304246,0.8767255113786192,0.2855938044623047,-0.2851686239881782,0.6747787267179334,0.2557079239727803,-0.27811152182088383,0.8917189683683,-0.17355724499478523,-0.10400854764247555,1.1420512138990513,-0.052539156672080346,-0.2651596381086036,0.8483629720418991,-0.0029848428420015806,-0.2213776244915421,0.6624853026463163,-0.04153782899851105,-0.14349257564394452,0.8330951568686087,-0.5166896219193918,-0.17145317207625416,1.0612853905145148,-0.359470189013975,-0.2447199806477535,0.8557514814754269,-0.2755932309251404,-0.1667605311955034,0.7017533620369324,-0.29911661449000143,-0.08022293835038816,thumbs_down
0.0,0.0,0.0,0.13769483844674485,0.5477430656274717,-0.11095440790579868,0.34753928871829387,0.9999613795239839,-0.19426012873513965,0.487895791332476,1.358802261961101,-0.2952873067948517,0.5245604772137442,1.6420520566928791,-0.3771814540823929,0.8816290999960668,0.5215254989283347,-0.04367138769127097,1.1719351864945695,0.7336403976366741,-0.21722997176409284,0.9032800089643596,0.7074734794026655,-0.31900497877767275,0.7021584469370792,0.602474844944499,-0.3568248917463766,0.9098324358279966,0.21132111500486153,-0.07155226253818471,1.2304490089576503,0.41401627244871736,-0.23711334208215307,0.8918600899520035,0.3986802665075974,-0.2804771607260509,0.6917078347573529,0.29622977379502863,-0.26743013248240133,0.898054921186846,-0.11615264902859841,-0.12580466204659438,1.199616755810737,0.059227267221872146,-0.27936753363065703,0.8860735028110839,0.10161479303795015,-0.22603344455444138,0.6927369591737981,0.01489588824414212,-0.14131157926847895,0.8426227958520088,-0.46662518247734563,-0.19211915316623815,1.125023792168187,-0.3176645535371269,-0.26921595479192056,0.9269367718016167,-0.2070980809124315,-0.1835473916460433,0.7564592776758157,-0.2289476541189434,-0.08977613153006592,thumbs_down
0.0,0.0,0.0,0.1261374071159552,0.5503963389934796,-0.09246762728523775,0.3350731020813302,1.0090484125671237,-0.1710299854409048,0.4582001724038696,1.3618819757534633,-0.2683524607143264,0.4678049350937529,1.650554339100872,-0.349324049854863,0.9002392894917768,0.5732140607161987,-0.03299702858782814,1.161722192738841,0.8077100046780846,-0.20172152893675233,0.9027109390517755,0.7769027053388277,-0.3129757836082073,0.7098442535772878,0.661144122470294,-0.3600055843305828,0.929574732256734,0.26618688322186596,-0.0639498445690708,1.2177504864621884,0.48848456379400823,-0.2137312901472271,0.902817887534244,0.4731549890978927,-0.2601631491362933,0.7068624071583001,0.35919787452011886,-0.2571457445384522,0.9201216260214986,-0.062400056385823306,-0.1197091097135039,1.190058280831552,0.1394923797074787,-0.2548160263533687,0.9080776489671194,0.18598867077409761,-0.21579029498606228,0.7218404544653184,0.09108942512144241,-0.14945592335115274,0.8709555677142427,-0.41460595470783973,-0.18581744857975377,1.1224729762998191,-0.23017592657168423,-0.24563686602609558,0.9462841177020739,-0.12583453252011212,-0.16980051620597017,0.7897842994013924,-0.16212513315314173,-0.08978962112141875,thumbs_down
0.0,0.0,0.0,0.1189969848361831,0.5785849729933331,-0.07643215845227506,0.3149222547611059,1.0202406811083935,-0.1486393052966365,0.42526113351995,1.3737946488792452,-0.24665052561294604,0.4344465937089133,1.6668601591431067,-0.33127123036550715,0.8864293918144823,0.5997015399269385,-0.009141884421202636,1.1598909498268484,0.8515142483509758,-0.17505087771174402,0.9027648238924012,0.8269781686052067,-0.28444657053650385,0.6913867791537055,0.7013263064368607,-0.32773900513303295,0.9313311077452736,0.3075769333456693,-0.052399759709479375,1.237547763195538,0.5577318590908537,-0.20458947070792372,0.9124807745385974,0.5288873365775575,-0.2564373240661947,0.7025221502124981,0.3893602814365849,-0.25381335091827983,0.9402042775214908,-0.018991020709692257,-0.11982848449709038,1.2343661646002584,0.22320744427574318,-0.26248207016513386,0.929472150898095,0.246643114762252,-0.22540395435355395,0.7266070442399956,0.11849113709444661,-0.15411095424331103,0.9069155532807508,-0.3824630093938113,-0.19604591125301452,1.1962568771590376,-0.19495165863812622,-0.26529943262352434,1.0048770681197805,-0.07729926996930465,-0.1857712710421933,0.8215563231466122,-0.10715279966983773,-0.09829661779965516,thumbs_down
0.0,0.0,0.0,0.12068167172610146,0.5441726130931591,-0.07424976902173305,0.3304921893109734,0.9846907017163228,-0.13515157902894173,0.46495811930236763,1.3452823570117702,-0.22365940284572994,0.4879342298089208,1.651734046607401,-0.29929368338891277,0.8637441427212296,0.6114935805038036,0.020246048491569246,1.138814611158677,0.8661224079851841,-0.13554281851526978,0.9050317957300467,0.8404142625065876,-0.24991706840416394,0.7067117534648625,0.7157782022648228,-0.2989016876318312,0.9169605230761726,0.3118471176560586,-0.0171385220970178,1.2069746815958453,0.5462767508345525,-0.14898713995207338,0.917490737626231,0.528639306830786,-0.20299096316589074,0.7218499288841216,0.40026578402620316,-0.20923528452150525,0.9318382113471874,-0.01737255673477476,-0.08077451557272852,1.2273551608735236,0.19094675992881274,-0.20041330368019344,0.9548363224574774,0.21507438203495324,-0.16932301300567526,0.7618426263569872,0.09863222664894485,-0.11135042525669024,0.9112227656215993,-0.37194484684781703,-0.15466718707296942,1.1963395897494469,-0.22509257695257015,-0.20666447272372107,1.030544360024688,-0.13595493085230498,-0.13437900032796718,0.867582808061237,-0.17987253603182649,-0.05862190141442336,thumbs_down
0.0,0.0,0.0,0.19004810753159673,0.4598431577787387,-0.11151382398479887,0.5221818516616822,0.8145392494088843,-0.1707042185514959,0.7786586936854493,1.0642272715211674,-0.24390403415765313,0.9068170405513686,1.3138272336562176,-0.29030066164142787,0.9726090668748203,0.35741904425948634,0.0005761644007522876,1.2355678138894213,0.5086042118387142,-0.16039680361221,0.9457758104789616,0.523607214626502,-0.24628675260412472,0.8153615741962803,0.43810270339951946,-0.277707194584845,0.9768907674344953,0.03155827850758399,-0.018058122730185047,1.2076894927637538,0.1656753504996001,-0.16296744539551253,0.8873432672527879,0.23244725990304602,-0.1987580526005362,0.8021094109558302,0.14100906021016033,-0.18924305605012837,0.9278806417722482,-0.29660413331591706,-0.06682841715235485,1.1845599354103402,-0.20170137785209158,-0.22272651343497626,0.8889382751737476,-0.07169031813183967,-0.1760856571080945,0.7758714227394041,-0.13869360080879958,-0.10133572015791421,0.8393725946551337,-0.6256713182388313,-0.12504780478259617,1.1062167723318614,-0.6257593782160642,-0.20824602952251303,0.9350558032505141,-0.4536962260346341,-0.13527836958550088,0.7998509315397379,-0.42070481456423925,-0.04909095512361796,thumbs_down
0.0,0.0,0.0,0.20082821329723127,0.4521429439875819,-0.1221162746400204,0.5756083917721019,0.7895317406443658,-0.17530794568137778,0.8534797972403624,1.0038227939857565,-0.23252826797226106,1.0162271828398943,1.2412341330510128,-0.26032654155239465,0.9904635876304194,0.3689966381338181,-0.02219239206119951,1.1640578214554296,0.573302433792366,-0.16630892894695964,0.8560953554452828,0.565497386098638,-0.23524783927804443,0.7843743385738546,0.44875988942611156,-0.26767477714915927,0.9901344747860006,0.041822047225559655,-0.03492837687605799,1.1160212218106194,0.2245781062017243,-0.16480056282885663,0.7870965657639227,0.26852052471741344,-0.1837669642289161,0.7648096856882429,0.1406226770703774,-0.17247024172664663,0.9213039272438164,-0.28231898181240317,-0.07619769528573046,1.0945733843620153,-0.15630388511459864,-0.22751032692755513,0.7993643662834202,-0.04500997559468682,-0.1655484652635921,0.7472158073452975,-0.14490851548175565,-0.09123383510866712,0.819608491932147,-0.6107423803516582,-0.12669115727423705,1.0258841949058397,-0.5557393420264348,-0.21090248627658406,0.8368411700123771,-0.38783455435639164,-0.12643326549002343,0.7315194228194496,-0.3795065684671838,-0.036891129564150214,thumbs_down
0.0,0.0,0.0,0.16220032726102795,0.46628991670020487,-0.05708397628564475,0.4740212083904404,0.8073873932149618,-0.08377267882228273,0.7034599470327039,1.0107853614779685,-0.13191198814577954,0.8411568273810922,1.1990089397625083,-0.15620687260307448,0.9011155084664177,0.42544003490976284,0.030081005067855403,1.1915986902662985,0.6154444557057743,-0.11904577328670649,0.9183611242778285,0.617905049220149,-0.18338177490087498,0.782723644197256,0.5080840917652983,-0.19553202296384098,0.927268402722442,0.11497865578615665,-0.007522280050115146,1.205634760105239,0.31880584826491404,-0.1412780820929567,0.8654894605752188,0.3554791156457659,-0.1621096225984234,0.7649515717457104,0.22793995775828516,-0.1397622472111204,0.911833850311163,-0.21254394792964493,-0.06960098453328258,1.2164774893757733,-0.06142986898400562,-0.21869789443934887,0.8909385147141907,0.037047305626006014,-0.15897712073024076,0.7587011035998147,-0.06823351078754732,-0.07392250317667862,0.8546787041289191,-0.5597294005657633,-0.135100127655449,1.1619090760692674,-0.5094847642571051,-0.21592037851694776,0.9710729238592657,-0.34055437648666415,-0.13243600850050627,0.8097625798700799,-0.32257951749237096,-0.038405020543111484,thumbs_down
0.0,0.0,0.0,0.16667285443027377,0.5010445928511945,-0.09701988868793107,0.45173326245056067,0.8352154733434378,-0.16011636457506984,0.685149079849319,1.0417380682164132,-0.24391458779858058,0.8185022032499156,1.215082714127013,-0.3084624689859283,0.969964677500065,0.24953927409230559,-0.019753622534749514,1.3441199913989466,0.37628109969462475,-0.1700361764517627,1.0988776591596638,0.4612822846833289,-0.2616171422667003,0.8632869048484978,0.41362177015297763,-0.29081187173788847,0.9915013735231905,-0.06275463341528828,-0.04272368541303691,1.3854130732867793,0.05260398261026989,-0.17147622441762211,1.0772932298405469,0.1722066085170584,-0.21757337012149217,0.8361814818286533,0.12096089811153862,-0.2141437652962219,0.9623514530928556,-0.3946069045002581,-0.09034276561111579,1.3869216344828692,-0.3409386111714436,-0.21097021002311928,1.12114784107763,-0.17262250258114334,-0.18934701216997446,0.876125271042665,-0.20492423836759444,-0.13516994275402708,0.8829374267696198,-0.7384019517209396,-0.14780982882293733,1.2663756852216335,-0.7967405463466715,-0.21759769460741363,1.1496328036123198,-0.6057969650288049,-0.16432680459807344,0.9499110219009151,-0.5316534507540636,-0.09689254328425308,thumbs_down
0.0,0.0,0.0,0.15677533096254875,0.47657912416990583,-0.1312276964573742,0.38060892340096947,0.8466273270364493,-0.22339965911516974,0.5828916116392521,1.0992451305090605,-0.3309109005901834,0.6982751194063759,1.3022377287078957,-0.4178250347546932,0.8798422277462137,0.27306358056336244,-0.05532646573831955,1.1943323402709993,0.40245508350386666,-0.2203285551897081,0.9442154190844546,0.4367232795657938,-0.32239603041958576,0.7193465798521903,0.3989675466963542,-0.35982474886537774,0.8982244530024773,-0.043858922282586414,-0.06531079659639284,1.2403376526429226,0.04433188706725703,-0.21466365071920523,0.9364656458123469,0.13504579231340594,-0.25771286087700807,0.7037123632959014,0.11976745630448656,-0.2513597972726449,0.8667269420343104,-0.3767030302672904,-0.10488723563421831,1.2415057183146532,-0.3499161930204172,-0.23707122511212547,0.9831521755649308,-0.21395408928465529,-0.20645047203506228,0.7505243073896259,-0.22334952084863063,-0.14496888245412826,0.7947534565095279,-0.7179753522034829,-0.1582911914932258,1.1192267357025274,-0.7714860881348856,-0.2214138693785043,1.012886944003929,-0.6282064509595819,-0.16743429032839321,0.8534931837344661,-0.5756064730479754,-0.1024900891725293,thumbs_down
0.0,0.0,0.0,0.17038014910972743,0.5289564848958203,-0.1450845343557326,0.4096923402738113,0.910059735501518,-0.232655740155814,0.6476513674092101,1.1383571714721061,-0.33343668485161115,0.8227092645836158,1.2938758466805862,-0.4113359757785594,0.8614414851674378,0.23636229358155056,-0.0516434801645492,1.1945363424685351,0.3163884142379809,-0.2128878218038336,0.9402567573223379,0.38214192064978486,-0.3099871979620182,0.7165008197969882,0.3628961952955983,-0.34533694591939557,0.8534475520159098,-0.09022244491671462,-0.05295953060763063,1.2156746310297377,-0.044988504479204154,-0.20608359396588755,0.9117385921136589,0.0697271425732803,-0.25445862473101877,0.68833307741091,0.062391127104664636,-0.25115521304599153,0.7980490166815463,-0.4196618929072194,-0.08447189202297167,1.194952557059427,-0.4286702324719754,-0.22432917362257948,0.9329599369497256,-0.2822326877208287,-0.1892719307343338,0.7101731448338857,-0.28853283279507175,-0.1239344347722969,0.702295863753796,-0.7476940503078917,-0.1310524421009032,1.0177197986651245,-0.8369935440353861,-0.20285189414177704,0.9173929513204192,-0.6946024263382933,-0.15002966354965652,0.7767245514143281,-0.6375194350923599,-0.08537165132223916,thumbs_down
0.0,0.0,0.0,0.19628991826770684,0.521803816350146,-0.14567181185272646,0.545195984041092,0.8884033088322174,-0.22118289419053616,0.8406019226811539,1.1084612326778769,-0.3070088891459094,1.0199729747567223,1.3315751498342796,-0.3626353719359176,0.9852810253482303,0.2836458215246128,-0.04755023256401032,1.318571775071531,0.335467440811281,-0.23110561678234695,1.0248835123951543,0.3680086645127452,-0.3199718030237205,0.8222443983477685,0.35249544962166013,-0.3455698728562183,0.9723828323828991,-0.055039566159962174,-0.049770712726647764,1.3136841221756332,-0.012282945464118724,-0.23340319542253707,0.9698184209454423,0.08637582014875149,-0.2663792292321543,0.7953394226777972,0.0840327745861944,-0.23927646007232167,0.9147524493133251,-0.3847497338590396,-0.08605903108468789,1.3039642678753636,-0.40195289896804715,-0.2591110129986793,1.010870568413678,-0.25685570965851595,-0.20800927289663787,0.8246384944898254,-0.2475539420007011,-0.11897028209399972,0.8174170379466249,-0.698140439583898,-0.13653011361700143,1.135867912318794,-0.8025943261523941,-0.23089087978118614,1.0070400145863871,-0.6530363724134717,-0.1758312894715064,0.8753744087797188,-0.5824475038838126,-0.0984136426505774,thumbs_down
0.0,0.0,0.0,0.12740146898528232,0.5284821354130781,-0.14822212369662113,0.4268574751169729,0.9859398461972835,-0.21542569598689937,0.6953472402822832,1.32059097249484,-0.2928965365297951,0.855634369729016,1.5804775048047204,-0.3387290283050313,0.9079781874882493,0.5496842995279986,-0.030725864186521294,1.1953741503469826,0.6262392834928424,-0.20107118847433175,0.9061081028088478,0.5598059483767824,-0.28207247270130303,0.749537529475812,0.5223308850628839,-0.3087864847637733,0.9637838756461045,0.2153941185484957,-0.030470519619741104,1.2437382929756202,0.27893567446921486,-0.21026025908879145,0.9132317128593125,0.2727515342419084,-0.23910627573745918,0.7826964289163497,0.2679993686642632,-0.21422796947242492,0.9711630147418268,-0.11874173300763381,-0.06582853428114507,1.3360062048983494,-0.09285065307874577,-0.24212866569479424,1.0232837716678236,-0.045710182544724594,-0.18311633311179076,0.8605741762722381,-0.04153063816090748,-0.09203622539685896,0.9389899682844776,-0.4461284131142701,-0.11672185706929027,1.2490656097376405,-0.5052551355302914,-0.21638536620333215,1.0816717368440905,-0.4291302499584554,-0.16068950862469644,0.9475603112627949,-0.38399859191883545,-0.08428226556617627,thumbs_down
0.0,0.0,0.0,0.20970507212869482,0.4518847078621493,-0.18303457371560905,0.6138614223709478,0.7441100760532554,-0.2730488462317271,0.9571981091850575,0.9595133680852327,-0.36352668099782137,1.1523264873242562,1.206235075428188,-0.4125086522862838,1.036329519619137,0.16346972006533617,-0.06477021358576018,1.2839771612471562,0.013031636368487174,-0.25520027796208045,0.9948736473617698,0.06962281013650418,-0.3329094874008973,0.8770235415239752,0.14750539421079276,-0.3535713004802021,1.0027601699104198,-0.20462639874887362,-0.045961052634717885,1.2493710021241764,-0.3305424586421129,-0.23146625576252983,0.9038967951666222,-0.19088296097843166,-0.21797528901922666,0.8492404347218735,-0.10185446410706524,-0.15862318699822023,0.9353548623578888,-0.5296995819338738,-0.07018062630431571,1.2610488616288984,-0.7052047549549733,-0.25654202043085883,0.9579361482130059,-0.5347549800003136,-0.15318740947792292,0.8544993859835216,-0.42706306729719357,-0.028406969977785423,0.8444160970391836,-0.8166596510505915,-0.1149265103942784,1.0959249015634187,-0.9830882982279775,-0.21177113521592594,0.9289317222396548,-0.8563394053032002,-0.13095463176686267,0.8343708949712879,-0.7604992821738884,-0.03307571351298169,thumbs_down
0.0,0.0,0.0,0.17168037633264774,0.4461544046521476,-0.18748745728924468,0.5270469275339669,0.7853294915437649,-0.2874865386131579,0.8379435481874238,1.0647438030211844,-0.39371921066086335,1.034141607381333,1.3255715602302227,-0.4621461925676727,0.9660537931792886,0.3109573181387112,-0.06571000675525358,1.2337407763401953,0.2526836311132415,-0.25773013474734907,0.951948599866128,0.24399158717758238,-0.3360102563191439,0.8115389117474152,0.27779516504644935,-0.35573642637907993,0.9728002366416644,-0.037398673515747625,-0.05296459859580622,1.2381310910675347,-0.08227954244350644,-0.24368607466997033,0.8931987656759278,-0.02246791237950124,-0.24281613719022271,0.8113178580680097,0.037680834798550944,-0.1911919775833171,0.9362681427633636,-0.36880940371255033,-0.08369118178699525,1.281923506442154,-0.4417103644479954,-0.2711779343086876,0.9738304534184113,-0.3302287697069202,-0.1799843586681014,0.8468734606463764,-0.25853683725883586,-0.0633369414225053,0.8692183375827948,-0.6818689874554037,-0.13584431690200516,1.1577056927512868,-0.7970621513961446,-0.23493540947215902,1.001687318204941,-0.6841935370933822,-0.16294769212918833,0.8911186464515406,-0.5907907703588996,-0.07281461151892032,thumbs_down
0.0,0.0,0.0,0.1494148957915896,0.47544562512508765,-0.15292283737404874,0.46738470275835536,0.8452967448189517,-0.23176864534250236,0.7523851421048425,1.1083621898999032,-0.3162283081442946,0.9313190803136415,1.3604046448128309,-0.36552317282293617,0.8823506437595127,0.46971419061196523,-0.07248534610234776,1.160287409204347,0.5056070045071668,-0.24868345099367473,0.864914854044745,0.47662378495052593,-0.31712877411336177,0.7609709106878069,0.46909705927483086,-0.3377254308546244,0.9099995912157091,0.12917396363530226,-0.07233775216070666,1.1593714692158332,0.15997361455842288,-0.2444730948059068,0.8241480035218073,0.19802760776074313,-0.25061762719778125,0.7667023452009293,0.20143931143744362,-0.21779748604089974,0.8935293396601601,-0.20528926780283369,-0.10667911139188677,1.2187587739571022,-0.20312564924141807,-0.29056153430227755,0.894558704973483,-0.10352927012645262,-0.209813971884748,0.7838177795180278,-0.08111577547632741,-0.10828112976477261,0.8482185649243432,-0.526235778096673,-0.1556638350502277,1.1444294104773385,-0.6161775887042167,-0.26497403622491217,0.9580024896106192,-0.4952792018137804,-0.1968818840958583,0.830194914924005,-0.41997454315760985,-0.1113853476511103,thumbs_down
0.0,0.0,0.0,0.16396442516951573,0.49096355163475663,-0.15656636566547896,0.451834513734009,0.8785818035639653,-0.25450806112987706,0.6985790368075504,1.2121438290827895,-0.36673288403083765,0.8197810018947917,1.5170327832849446,-0.44750199040538235,0.9313857652943873,0.4327788029053714,-0.043672106801458464,1.2039101686532356,0.41265306295225845,-0.23341361522272755,0.9319304560808102,0.3971251421911263,-0.3215279080983249,0.7898717929384688,0.4153043483789917,-0.34985694428791075,0.952448083113422,0.08898417031074274,-0.04956684241625626,1.2221490448902428,0.08424443316404624,-0.23737018297443785,0.8843435918902192,0.12527162370911565,-0.249465765587891,0.7945284758275759,0.15934160906505657,-0.20966760670533952,0.9311974820987845,-0.24165724820819465,-0.09496107798626559,1.2733431248218592,-0.27450722296479024,-0.27934844052320623,0.966414906372682,-0.18356684266461473,-0.19977500299654113,0.8364918410625594,-0.148684860829136,-0.09245978663365251,0.8703868480311521,-0.5587084098590778,-0.15870357648387523,1.1638598735748593,-0.6549674880530284,-0.25805238141369885,0.9933950416329561,-0.5445004873472044,-0.18714512397811406,0.8662990464889305,-0.4733649188980007,-0.09827030885983885,thumbs_down
0.0,0.0,0.0,0.1445367547281963,0.49429951354653195,-0.1665628917857655,0.4357203913958655,0.9364814577860427,-0.2706443207284986,0.6715379678947802,1.3070776632565886,-0.3861318719157463,0.8018601499117144,1.6334552525308046,-0.47947893020956944,0.9709347780953674,0.442855936500878,-0.06942576053502005,1.3031728945733987,0.4982101870430254,-0.2621904206103644,1.0811097371204448,0.46882783604434997,-0.3824729965294132,0.8785556610501809,0.4431149047414784,-0.43230967353327976,0.9954962708040386,0.09412441114877688,-0.07195144557273038,1.363314683387623,0.13733246072543484,-0.26464924813583707,1.08403725920189,0.16105040867644987,-0.32593193123479114,0.8806210803893018,0.17827137490399805,-0.3197720510851026,0.9677495530904582,-0.23727901779155375,-0.10986579707175073,1.3789067646881374,-0.24798613140048195,-0.27113362940948643,1.1450757360935027,-0.16579113021447686,-0.2464780023780157,0.9439059169705525,-0.1252250628187976,-0.18057638451542127,0.8938512363683792,-0.5493315299912547,-0.16751836438845302,1.2117794595775333,-0.6283860140445063,-0.25477531950050997,1.1244919786895586,-0.5324260495030699,-0.22043590409424252,1.0074476129305094,-0.46166107978330423,-0.1633160616527737,thumbs_down
0.0,0.0,0.0,0.07262209651606615,0.5488169453849414,-0.13888391034646194,0.26225360510290924,1.087692658006235,-0.2392670273171072,0.4006862775343551,1.561820864401273,-0.36021354313649784,0.42741701175035657,1.9277644495769823,-0.4624781676821874,0.8561967650980887,0.7331856027947609,-0.06277696584806204,1.1592884329211957,0.960826008801568,-0.24704389612880776,0.9156989192368532,0.8971669459442599,-0.367466614982289,0.695171455647937,0.7812617264230097,-0.41884962905502016,0.9481085454835233,0.42187067532289974,-0.07973393222012916,1.297015892044465,0.6223874925536914,-0.26617537729186774,1.0088273238220635,0.5872729445424713,-0.33739322655757237,0.7749099943998006,0.5029028342684839,-0.3423712800524478,0.9878992876951762,0.09542778494983518,-0.12702922049820844,1.404239813248437,0.21343552007846484,-0.2757202009929404,1.1661835116744017,0.24775123465250748,-0.2710877818586674,0.9411937802545927,0.20358703248934132,-0.22509057740925595,0.982103151764637,-0.2504985917091748,-0.19127983460871112,1.3054605151758107,-0.258876280823057,-0.2732262252842442,1.2193129348825176,-0.1550813062130594,-0.2535260510536919,1.078159591505942,-0.09935983036788076,-0.21176682532355068,thumbs_down
0.0,0.0,0.0,0.07970115476085832,0.5367636848249234,-0.12178044959407909,0.26593419018219816,1.0394901308385354,-0.2063792121268481,0.4079239043701758,1.4305380017458473,-0.313110658266491,0.49920172150779774,1.6962339637220887,-0.40488752620388435,0.8795315167769416,0.6543527763044286,-0.036667112902526555,1.1920140944799738,0.8690477208109302,-0.22239107880508585,0.9827097760629592,0.8320920767951532,-0.35453826359457147,0.7494374187516036,0.7140282838076457,-0.40729179940309085,0.9621199271978402,0.3380515276904421,-0.05793839575496256,1.3331285503421986,0.5356923159870844,-0.23178448990415715,1.0751620626432081,0.5243468622006325,-0.3139703692404049,0.8231609320646504,0.44308866894448734,-0.32711150103370473,0.9913044179684734,0.011498130426733685,-0.10930368603306836,1.407930890834707,0.11915973048010439,-0.2510946025123458,1.1945148325535537,0.17371530582215008,-0.2626102819781923,0.9577897017967466,0.13508987073478618,-0.22658889122199835,0.9719430018412532,-0.3316654323572791,-0.17533293282858423,1.3140154531184252,-0.3257619355997193,-0.2566056314623711,1.2447814227364211,-0.22291228207108968,-0.240044438729341,1.0972023395910033,-0.1773383049469962,-0.19813832046132582,thumbs_down
0.0,0.0,0.0,0.04708532422338285,0.5199204077592788,-0.14262271119047634,0.2327890660821781,1.0459712043697718,-0.22680092213999023,0.4352045989700499,1.424233391156864,-0.3252389300565109,0.6366895707250787,1.625619471302754,-0.40287154381784746,0.8533165405785288,0.7256256457529651,-0.04320352701008372,1.1808758411700895,0.9957761399508995,-0.24258414267531542,0.9894599952392757,0.928405117580776,-0.3825517403160406,0.7532048228025491,0.7751142142615027,-0.4343498121052369,0.9658516281170078,0.4270032772770035,-0.05141240756345707,1.3566472127182088,0.6818469540279518,-0.23541653341349597,1.1274846177621558,0.6480821513724995,-0.326844025509798,0.8668121270220971,0.5545235618039177,-0.34075160464256604,1.017681076832865,0.09643000989520042,-0.09302284089972158,1.4435863008822676,0.23690954979629897,-0.23787924630144378,1.2676037823849058,0.2861762803708223,-0.2618281101522502,1.028959174851688,0.2602791515919973,-0.23250852987336132,1.013203781501986,-0.2556018457543466,-0.15103988497970913,1.35879431882654,-0.23077381545269884,-0.23633877005559228,1.3188069175762167,-0.11509112381433037,-0.23403984639528078,1.1752822288459581,-0.04333234311079167,-0.2011075067350586,thumbs_down
0.0,0.0,0.0,0.12328365138643929,0.4916762364937353,-0.0758140574794166,0.42074220424231773,0.9220581599696703,-0.11964531770378904,0.6428155565939961,1.240255886711812,-0.18916783590512942,0.7623007077012779,1.4851015670560077,-0.24086290831189164,0.965970918292808,0.5767936137323523,0.022737659003170402,1.2793112103254516,0.8115964965758978,-0.12659353589465483,1.0547501591098933,0.8105981377495294,-0.23397940752498766,0.8326116765975531,0.6968052715929562,-0.2766135594554476,1.043277686264366,0.2738864447086608,-0.011335227779763056,1.4048224953887924,0.5112635629931893,-0.15255980369773892,1.1275365295669864,0.5515094477255,-0.21845652471639698,0.8804823446839856,0.4568202141479414,-0.22613582042089783,1.0650307044697425,-0.05109939332371628,-0.07081455618367591,1.4826079472684313,0.08770800908368265,-0.1869831431580173,1.2459222106893897,0.2083327102747117,-0.18632542247306474,1.004164064325099,0.16433569265281578,-0.14977177451914642,1.0339677169350785,-0.4074570178343148,-0.1404405553363038,1.3806878994904046,-0.3723778222107286,-0.20765550739083946,1.2837783195266477,-0.21176775693003613,-0.17949236340149852,1.1165655134129882,-0.16292195825635236,-0.13397843644112922,thumbs_down
0.0,0.0,0.0,0.09757395326179388,0.5688195117795667,-0.1046551105813683,0.3474435331563568,1.0730019487248736,-0.1674212143929769,0.520826868833573,1.456923298495692,-0.24559781123414612,0.5911262605473782,1.784711160800103,-0.30066119654310813,0.8779267628907488,0.7266612743087154,-0.01877775680015891,1.1323532191250325,0.9604208548375744,-0.185662301093642,0.8571204700055253,0.903666874861075,-0.2702956560742441,0.675151359672365,0.7849385160644983,-0.2947912061561541,0.9319836228580536,0.42469829306234774,-0.044179244570722816,1.1915551754468265,0.6674218818923457,-0.2102287296434069,0.85315052278076,0.6163797032882216,-0.24942678144183852,0.6910191001731716,0.49777268907406225,-0.2297327601079498,0.9418198491328106,0.0938165742062281,-0.09677990231465251,1.1590128820621182,0.312124083974051,-0.26345227344083205,0.8296152676909558,0.32033076438492486,-0.21430853782100354,0.6645771690045371,0.2235356540102787,-0.12721659691226897,0.9125697805710677,-0.2628039657204049,-0.1593423330635853,1.137228087118677,-0.08716327657027322,-0.2513166049805081,0.916437316410672,0.027320603641317248,-0.17614313863856831,0.7528269529173782,0.022098483597988546,-0.08344066475841003,thumbs_down
0.0,0.0,0.0,0.13457662695188127,0.500830723487556,-0.10192449569596872,0.41846846949116334,0.9636323742807579,-0.16233548879286633,0.6130287363044934,1.3146908913251234,-0.23467790414765438,0.7056732845561507,1.5842360930238701,-0.28593220562526267,0.9229867966403631,0.5863065972518603,-0.02133928134242732,1.1830200842326064,0.7611997853222695,-0.1880783127023076,0.9069350984201395,0.7487554428315271,-0.28873692364904036,0.7008182846603089,0.6611238561948106,-0.32508633321066044,0.955939976446659,0.28242203830809204,-0.04505002764961289,1.2221223674302517,0.4618521910484562,-0.19949590401890543,0.8865229809807189,0.45390088804374823,-0.23779094317395183,0.7081415420064596,0.35497377141882874,-0.2241453894486494,0.9377608633090492,-0.04702444353225212,-0.09649902935276355,1.20069025653729,0.10077873207018878,-0.23877986695112627,0.9003222464523974,0.14671011429487774,-0.1843605632714106,0.7373306714367883,0.06979120424434071,-0.10603945919239789,0.8765549207335016,-0.40313942501794164,-0.15860052829230814,1.0992205475354266,-0.27602078746673675,-0.2299546534062283,0.8977935918741978,-0.16791837569285964,-0.1498778816357056,0.7595656840089148,-0.1917748188522098,-0.06332176907470911,thumbs_down
0.0,0.0,0.0,0.09109858254978152,0.5281812989212027,-0.08278611182529465,0.31097424277784436,1.0228708879210038,-0.13253925954034848,0.46317682945730765,1.3969735191992432,-0.20590679816561727,0.4898152931997273,1.723079852983578,-0.2598014645266535,0.8503035859713055,0.7881194529798417,0.05348938610088819,1.0443491646130285,1.0546112460450872,-0.10372087501423202,0.8055725351714711,0.9635529540163404,-0.20801369237993872,0.6455128682676713,0.8129804189485269,-0.24616446260191047,0.932978449266879,0.4865011835333386,0.022987522830217266,1.139231198536997,0.7328039965796708,-0.11903152750207695,0.8334690061398156,0.6322800038431476,-0.16545733852630004,0.681392863116791,0.49615890714987626,-0.15522018417524067,0.976559934349531,0.15799284889923104,-0.03903631201946367,1.1595423359867072,0.37018502104145806,-0.1788123603816205,0.8792810430465604,0.3295807482897341,-0.15095212141440606,0.7265996849628865,0.2147287604771582,-0.08217909521043014,0.9826395168001333,-0.18940488213913773,-0.11062452452787273,1.2338106249306406,-0.05504713867498208,-0.1709267499678544,1.0689983910349994,0.03552166638544916,-0.1057707356386047,0.9170409764622581,0.04360891692676073,-0.025116060900674392,thumbs_down
0.0,0.0,0.0,0.14208166755396306,0.4808176531458035,-0.12304511243416351,0.4573353718195701,0.9296645516717973,-0.18211751684426136,0.6767559820240626,1.2640795102387032,-0.24949922150540485,0.7942123813274955,1.519432825953509,-0.2886832154031157,0.9331973416883788,0.523792577109449,-0.021522321152692325,1.148253230061217,0.7251858348781165,-0.18214247371715891,0.8518428030381054,0.6630734508148513,-0.2617332536485321,0.7051943792491395,0.5466427979147143,-0.2866987789830742,0.9608955229303096,0.19953471430660116,-0.034949514214992435,1.1810931219750886,0.3975595783611978,-0.1863243181817031,0.8250003478129267,0.3612427046492284,-0.2078535281719266,0.707028695887678,0.24617134959774428,-0.18110188297667906,0.9392099201417767,-0.12975281010937126,-0.0794359648403063,1.1366676169527121,0.04018451303945379,-0.23367572588351493,0.8184448289393953,0.06489587303787767,-0.17233377373564168,0.7006358428292622,-0.03601663414896332,-0.08366512731955336,0.8835262967503703,-0.46848879570121166,-0.1351465459806606,1.1106895401812598,-0.3630155889852498,-0.2059772742529286,0.9209108811849607,-0.2654429224704647,-0.12057584211604369,0.8043815905033175,-0.29508530630050683,-0.02665181363726537,thumbs_down
0.0,0.0,0.0,0.16362262620553777,0.4893557461687365,-0.11405193640825954,0.51755217908813,0.9034980332152079,-0.16803827167344593,0.7664156948671033,1.219394561528721,-0.23331854632961982,0.8706313507372535,1.4969634136977141,-0.27105310917357567,0.9393470137228488,0.44700631898551635,-0.01980157517869794,1.2085171916005668,0.612630543824221,-0.1948722033493386,0.9010056431272964,0.5807807847745495,-0.2784363509647045,0.7197472145308326,0.4931575024779472,-0.3007030037576927,0.9451569950125001,0.12578927556764197,-0.03870891148945687,1.2114888874746153,0.2949334160781791,-0.20911470852092193,0.8353968535001347,0.2907499821659986,-0.22791303451658207,0.6829025149061849,0.19681311618693761,-0.19078623196164332,0.9054143728467855,-0.20281658681698334,-0.08938895485549432,1.1514471130703996,-0.07446158958493332,-0.2596195954406891,0.8160125789419003,-0.012063486090161007,-0.18880379451600984,0.6673434097508619,-0.0850089674188532,-0.08506925287260655,0.832970285128476,-0.5386540028597284,-0.15078906142638443,1.0891665168006155,-0.4660778299524283,-0.22929473836228667,0.8938721594088286,-0.34212449433610864,-0.13867873534393188,0.7614909935732291,-0.34377578007673487,-0.036945495528557096,thumbs_down
0.0,0.0,0.0,0.1586487860053722,0.4847451571451479,-0.1309757627710894,0.519652044582251,0.8638680145796848,-0.18615137444396135,0.7825666450351343,1.097465521323209,-0.24036892642930915,0.9024924774705112,1.3341735427888515,-0.2588554310471782,0.9713052288964366,0.40488622836551746,-0.04527382898176185,1.2352606967541737,0.5421571647723601,-0.2210830524326963,0.9070279732462421,0.5116053560941465,-0.2870673026465445,0.747556790069809,0.4240516191619878,-0.3002746509003438,0.9618268440811395,0.07576082115639074,-0.05137158069273568,1.230723857923727,0.21369433122309728,-0.23913963963993148,0.8337956764350619,0.23778246523839475,-0.2486700958057779,0.708187379496541,0.15267577399867965,-0.20057898583826556,0.8996738533066575,-0.249912935432769,-0.08859406933703637,1.118910971342441,-0.1099729016204474,-0.2748880627777977,0.7679322731653417,-0.030779232610112846,-0.19153028060099633,0.6575054190509064,-0.11728270075440601,-0.07895870101166039,0.7959707787851255,-0.5754174671277202,-0.13617209742767622,0.9876023025045635,-0.41604790842479333,-0.2276312835821035,0.7703215675049998,-0.29781432493150145,-0.13794018699075197,0.6794361595074982,-0.3556811804225121,-0.0375700111705142,thumbs_down
0.0,0.0,0.0,0.1558232106935676,0.48021599104167617,-0.13646152938454525,0.4903068397318546,0.8880118491157469,-0.20496855070321854,0.7414655341428098,1.154357858007896,-0.2728943403794966,0.876273671635368,1.41000503780087,-0.3068569458510313,0.984533030138941,0.44360888534575765,-0.04378426257436205,1.225624363958728,0.6093797576643835,-0.21929023557395294,0.9115559582082653,0.5748423148466385,-0.29831794908704773,0.741037779724296,0.4695695584710627,-0.3241279821927389,0.9942959488313992,0.11564817241914777,-0.05386864991999603,1.2315907928015466,0.2769481754300123,-0.22942623956986083,0.8475161079509946,0.29440073638306125,-0.2476914407561549,0.7234492588135145,0.20265351148370314,-0.21422256528893574,0.936409077126394,-0.2119367309232979,-0.09655473395239798,1.1289148264492401,-0.0379658018848199,-0.27535494459792753,0.7843421554976215,0.028042983441407206,-0.20288505468981055,0.6779482940885175,-0.06712085647552071,-0.10538203160474394,0.8254440702945234,-0.5378133267569587,-0.15102765140104935,0.9641543940822673,-0.34639796726124295,-0.24813717825047346,0.7468465672872187,-0.23077960666006975,-0.17008392442197812,0.6686190018393257,-0.28572098041034555,-0.08126583767761805,thumbs_down
0.0,0.0,0.0,0.11133133843918303,0.5213007332015929,-0.15829351201084382,0.36898742452555616,1.0166752629488682,-0.25545799041535194,0.555420648354027,1.3984445143084256,-0.35187927961364956,0.6428795110663836,1.7187723928119876,-0.41488103884486016,0.8400442950971766,0.59894868719764,-0.10606619136229901,1.1013488088064556,0.7332063242960228,-0.29616353266402706,0.7942362593873575,0.6672456255834075,-0.37215443296042017,0.6273556310752642,0.5798918936563427,-0.3911806174356295,0.8609030216456367,0.26494169277079577,-0.11046525765935472,1.122062601967785,0.4262953837079783,-0.30194734824374053,0.7411785258621663,0.3883937887438733,-0.31615322672573437,0.6147702214285983,0.29350352068601027,-0.278804785175908,0.83657195072371,-0.06196053722780702,-0.14621405778830043,1.0745235857149509,0.1043909760620151,-0.32353314827103613,0.7355036266412891,0.11049375325266032,-0.23679505876154452,0.6254978878981317,0.004882740916887987,-0.13079079293403045,0.7750613559514731,-0.39480114236598135,-0.196832340681631,0.9624995954763759,-0.2224463583901112,-0.2801201908631746,0.7555844719059849,-0.15600024098985207,-0.18995621137556923,0.672908843605919,-0.23072616484655303,-0.09598111248203205,thumbs_down
0.0,0.0,0.0,0.1799003202197502,0.5073357802603929,-0.13980944725551628,0.47232400106863903,0.9568802985828653,-0.22282667573426534,0.7056725472812261,1.2689863970225792,-0.30984103078500186,0.798655077909283,1.54263556347149,-0.3682063487141841,0.9165356772801906,0.4457186038205439,-0.058161118907046665,1.1663423649245532,0.5730820864712826,-0.23677287633950544,0.8586829881110275,0.5608863849719674,-0.3294823879748014,0.6882742642535541,0.4904071323765469,-0.3650627230245231,0.9032085820252949,0.11435659317572426,-0.0688296008452048,1.1513210107880818,0.2548097395847119,-0.24700385943245207,0.7807409804008227,0.2722664002647704,-0.2773539489170517,0.6423554484562114,0.19181241088545617,-0.25586612618670207,0.8442850550235492,-0.2069540055596791,-0.11050192573522018,1.047948564997591,-0.06211120821452303,-0.2807247954598683,0.7332503245302668,-0.013252598399984503,-0.2182324988018743,0.6218644568144207,-0.09789060996974747,-0.1291985873821263,0.7509030295653547,-0.5346556502690395,-0.16508234191382992,0.9391591958505783,-0.41179857385924235,-0.23938377872275685,0.7543268353124118,-0.3061428648138432,-0.15591315683042842,0.6681117558199683,-0.3399565951693066,-0.06842475563787787,thumbs_down
0.0,0.0,0.0,0.206233585078021,0.4551673257665507,-0.09583734153696656,0.6100730878826894,0.7484336075940592,-0.12449928733043729,0.8881564389197909,0.8796849367568472,-0.15838645860907444,1.04161629511482,1.0274971248432472,-0.15822327459921603,1.0114483958758098,0.2569174562923189,-0.01887453281987688,1.2950967393335482,0.3845218689958913,-0.18221280245046048,0.9637279887666579,0.41217229353553614,-0.23679407162243812,0.7754754472082053,0.3356191995484496,-0.2396060497534399,0.968571406154873,-0.06518977998192353,-0.037790536461369935,1.2722833018508302,0.055536015480690044,-0.2217151744060881,0.8728412270285962,0.13973109889453095,-0.23136121676840843,0.7140726730457065,0.06801177679872715,-0.18025753678286077,0.8764114388217301,-0.37821095814581285,-0.08318954015013161,1.123620472796865,-0.2682219786971318,-0.26905392412917833,0.7722184844106866,-0.12917892525044786,-0.18559385054705782,0.636871493526636,-0.1914079969834918,-0.07005204319954089,0.7392685482707357,-0.6983817460835247,-0.13429361485467572,0.9714838869190905,-0.5820221455656597,-0.2245842360806915,0.7629803948963033,-0.42656980529001637,-0.12930979233105416,0.6530607711636602,-0.45427259109872303,-0.024219338425030244,thumbs_down
0.0,0.0,0.0,0.1101183183455484,0.519698865338446,-0.172319703202332,0.325896071547877,1.021519427750311,-0.2927655689315949,0.4450639551300994,1.4515020834068502,-0.4168781511502466,0.4901389597551301,1.7721174962276942,-0.5148516908791235,0.8689027171040626,0.5259832856416918,-0.11074455620344095,1.1229988502692794,0.6872851524306413,-0.30959485918264423,0.823990496421609,0.663022053043193,-0.4127628105161632,0.6491347934272496,0.5783089401915924,-0.4516964308625584,0.8800161034250455,0.19702966904905514,-0.11960425911969039,1.1600284876519256,0.3784338252830121,-0.3171902248357798,0.7836213879167102,0.3815062085423767,-0.35958098552833473,0.6233533955512601,0.2746186932180039,-0.3421925891688829,0.8489597202570193,-0.133170357570392,-0.1605664734287729,1.0875141328778477,0.03268247692149122,-0.3425948575310021,0.7724373018673157,0.07837894088762068,-0.29396443666418415,0.6456932004750692,-0.03146137914312443,-0.20993464541604243,0.7825713660243763,-0.4645652968836091,-0.21732974972427163,1.0327318809746853,-0.3498039266209612,-0.30267523236888627,0.8432339150918396,-0.21918399629030313,-0.22408165561596075,0.7176310469699395,-0.23834973254289646,-0.13677231890271158,thumbs_down
0.0,0.0,0.0,0.07786593710986205,0.532058373953592,-0.142337181156896,0.2461867401026165,1.063548889938934,-0.25283986374688733,0.29862643469818917,1.5295588657821326,-0.3792677596823598,0.2514950696195291,1.8540190297482808,-0.4883422683746973,0.8353237258693111,0.752121531801475,-0.0891266918326706,1.0764090534046977,0.9646840560091194,-0.2767362590234084,0.8268938700992089,0.8812047032459005,-0.39454425506807056,0.6790333028283575,0.7479891168104692,-0.44959172736563946,0.9135861480136368,0.44443391190797565,-0.1095315288735476,1.1649580830066675,0.6271927787864674,-0.2844975752266612,0.8485355212066217,0.586830009877798,-0.33629779489338296,0.7050172478777836,0.4910532739005086,-0.33623485236523304,0.943714779202414,0.11799766991520465,-0.15841427640958933,1.2582742421692223,0.26267535519114044,-0.31266544087780673,0.9524509905380997,0.29397440004622133,-0.26653184710252487,0.7817051547465069,0.2237098046216377,-0.1938440965763713,0.9300929582531553,-0.2342096761746603,-0.22392113075992978,1.1968089063942358,-0.1311472632246965,-0.3083141022531769,1.0084425478650365,-0.037882304370754544,-0.24368505815256425,0.8570284252906354,-0.04207819081871828,-0.16725766194499248,thumbs_down
0.0,0.0,0.0,0.09565309911993757,0.5575850404149807,-0.1321087152058388,0.2801826190444368,1.0843044923641492,-0.2287505793843243,0.3415922794295423,1.5604640759900335,-0.34278371666604734,0.27979303175105175,1.9222639486449253,-0.43546286800279244,0.8518895566677686,0.7875494292241787,-0.03321347250336663,1.0391046602091958,1.0078529093932371,-0.1939201241085631,0.7941933909890608,0.9134306492496533,-0.2972713584405763,0.6906941750275102,0.8002448375736738,-0.35279506656865034,0.9466418957159675,0.4839093739389133,-0.05686805035002203,1.1557209806564879,0.6769648619378779,-0.21317072665111297,0.8512901916010223,0.6262919704877217,-0.25959848122919366,0.763461375309552,0.5378573673609329,-0.2618276108874777,0.9912556344592239,0.15889510413766728,-0.11077050272991652,1.2647433457081052,0.32498258907628946,-0.25876881548702396,0.971242834880567,0.3384802903794148,-0.2153355851089361,0.8537463040209674,0.2584890285714614,-0.1490260216523884,0.9920472244652339,-0.1915724875766724,-0.18044152756694026,1.2354519467783116,-0.06646187977987149,-0.25758335700858087,1.0475634137726044,0.011155896363766836,-0.19152554025875113,0.9233625565235434,-0.01098464920183934,-0.11806267513874777,thumbs_down
0.0,0.0,0.0,0.094947582132356,0.5509369064768911,-0.10635466990892903,0.27171701196705933,1.0466107385262613,-0.18432150790994295,0.43332465399789954,1.4599623295695068,-0.2835598629529822,0.5419397400545349,1.7230692148961155,-0.3573771148652026,0.8332940644304752,0.7260064644854974,0.030940978519233896,1.0284267648084553,0.954391829956537,-0.13410111629234858,0.7900787884702175,0.8619039761486067,-0.23270814771006584,0.6601325522063847,0.7229299723215321,-0.2724023529595479,0.9364332702765221,0.42837373420419395,0.003904306119386882,1.171818969976635,0.6087239285244989,-0.15021633436074125,0.8504108772351433,0.556695092987199,-0.18128675559439503,0.7527751357266803,0.4751193474178895,-0.1622840532009665,0.9891741210918931,0.10666437107567336,-0.05659536286726242,1.2886963640723874,0.25707630556222033,-0.207618283072997,0.9692325212820933,0.2896660896034195,-0.14024935959845203,0.832440249499568,0.22913789493563516,-0.050622311766169735,0.9908606318564765,-0.24825972897128784,-0.13023644271839838,1.2212729996597,-0.1619722697095618,-0.2053524248286363,1.0191839272550456,-0.07333498762940772,-0.1230151795659329,0.8942334349912859,-0.07418406153848756,-0.032834048378000164,thumbs_down
0.0,0.0,0.0,0.04262001636822175,0.5482071172871306,-0.12574560710485966,0.16162864606284555,1.064514738909635,-0.22379605438423,0.22324514135162296,1.5077041528403843,-0.34091338746825334,0.20782453405072904,1.8637447889316052,-0.4429271854832667,0.7256269359441668,0.8090633839985963,-0.06636172336972383,0.9379737854041938,1.0355755925588004,-0.2251464998907276,0.708037603610319,0.9599719266611045,-0.32791068740837614,0.5941438599516613,0.8638953629152812,-0.38298483262209515,0.8355316777575279,0.5161882728906543,-0.0929056794256609,1.0661705982382401,0.716251800945063,-0.24947037653149642,0.8021190404786067,0.6778457128783169,-0.31372829711897304,0.6836324571600124,0.6002656987497051,-0.3328788652676254,0.8950804354018399,0.18847918960630394,-0.1444080999708467,1.1864603489355903,0.35968285892893925,-0.2880936448626909,0.9400244136150723,0.3845666522164208,-0.2776100741654018,0.8014346631351308,0.3307871121169592,-0.23944904743704354,0.9092921151636791,-0.16340760985262476,-0.20977465186741098,1.1943820166863242,-0.08672563233569612,-0.2924568112418864,1.0517231421355084,0.023361471001505794,-0.2562719240928149,0.9038208521451956,0.06145374701807276,-0.20809997477000558,thumbs_down
0.0,0.0,0.0,0.05575327213234525,0.5372950454975317,-0.12517212972293884,0.1938836297626034,1.0768337999825823,-0.2133014613154555,0.2783779281263016,1.5243148953977157,-0.3190076712608133,0.33953390498656594,1.8443253804376452,-0.4087682757565208,0.7761095014219305,0.8404870832141602,-0.027416658219388098,0.972705344326622,1.0833434522538883,-0.1896835013947632,0.7736856312913362,1.0044618336619298,-0.3134064645169497,0.6437345043741217,0.8599896334302751,-0.3760642633881509,0.8881940094482123,0.5524362479474746,-0.04799386313215619,1.0944776664436606,0.7642324951907319,-0.19178934771088932,0.8471100283082983,0.72352203963587,-0.2677117902463268,0.7164075910923019,0.6127676574956971,-0.29641179574460064,0.9504241385610437,0.2284307002076728,-0.09680403013666765,1.235630727696626,0.42321087655697465,-0.2319237960413963,0.9830622675326772,0.4397754798110725,-0.22036637086858873,0.8286820562576183,0.35106634770772216,-0.18234092327138496,0.9693704465718245,-0.13168714776632745,-0.15980801631071964,1.2474847346329638,-0.004040209463858178,-0.2450213886930189,1.0791422477260053,0.08246013850713199,-0.20191074110105647,0.9219948805489132,0.07006607405443613,-0.1457219863711728,thumbs_down
0.0,0.0,0.0,0.08871696661626097,0.5418524377878065,-0.13659897347634517,0.31379133292920813,1.0582510089390869,-0.22403002329549615,0.472748150860438,1.481839609700191,-0.3248086436442626,0.48754023098523624,1.8010734834393995,-0.39244306166618964,0.8747446029708393,0.7295854694536082,-0.008724991378354658,1.0788247898395333,0.9518240322841506,-0.18127303314649107,0.7917170003856523,0.8294165838446794,-0.26353372468697367,0.6867585331107716,0.7018551469220021,-0.29436124026547794,0.9684499734273919,0.43153044864780127,-0.0274278243095578,1.1942767954232878,0.6265980365340622,-0.18258367110929086,0.8300913523627219,0.5334400276451059,-0.18255162515376705,0.777019920565368,0.44718063899982063,-0.1425326497683411,1.010759291288625,0.1095886223032906,-0.0837817867988548,1.290413996104733,0.28139445338335034,-0.24431217212796788,0.9406148842048266,0.2638211727549099,-0.14644554417404643,0.8508169561797279,0.17557476839465228,-0.03597600144337451,1.0108911375056373,-0.25005767069346985,-0.1562493591856332,1.2386219609317202,-0.12504614848634257,-0.23023049950811283,1.0074547012568433,-0.06721759863678918,-0.12650569053923466,0.9026857906643337,-0.10854361895363798,-0.021866931959270506,thumbs_down
0.0,0.0,0.0,0.05973642121752341,0.5433030017746355,-0.1383547133022081,0.21115246628039452,1.0762570113720489,-0.246775099317395,0.2508829370631906,1.5604375001465882,-0.3729598717608355,0.19596456341757984,1.9159431816652084,-0.47957540423820927,0.7981428281004049,0.7671224853308822,-0.04916068530898172,1.0074193897337658,1.00713973523125,-0.22913862430618984,0.7592428868004768,0.9128357980226126,-0.3439021043393245,0.6232437949548617,0.7741644520418479,-0.39978195679834627,0.9024734889643181,0.4725726074399609,-0.07349391463285872,1.1569848322236405,0.6923650661599821,-0.24189199323274435,0.8312747843119386,0.6308641582003955,-0.2865643863249265,0.7028041692324594,0.5212671147684731,-0.2814312003111413,0.9645847539730459,0.15287335574820274,-0.12947016189039146,1.2852441527901077,0.33893593029654956,-0.2835150702509187,0.9687729130702447,0.34357020490966617,-0.229067531581716,0.8243744204363737,0.24875933842821454,-0.1520672583314882,0.9802769227324603,-0.20418507410343298,-0.20209464673781397,1.2332479467477677,-0.0696641560568293,-0.2804655044853908,1.0256763897876808,-0.011788103125088625,-0.20448684408966553,0.8980549478245707,-0.05765588049801405,-0.12384687303789689,thumbs_down
0.0,0.0,0.0,0.02822065369196295,0.5363174372934532,-0.12116000627746432,0.1814916748805491,1.1235282182679451,-0.22063964099372999,0.15493689651727371,1.5880001375810537,-0.3442707251112315,-0.02512320090291014,1.8810508191225888,-0.4509111430684607,0.7507471960803962,1.0166438037783014,-0.07337028291623557,0.9666382566841334,1.2930759473387172,-0.25060935996412886,0.709473615810123,1.1330531260118712,-0.3538971819662298,0.6093532408996217,0.9947955275572404,-0.4070137326589991,0.8781628355275648,0.7249114848689684,-0.11371935510703554,1.117261624536099,0.991142928699588,-0.3065198635603174,0.7879144439345865,0.8864380089328088,-0.36857557732620694,0.6762846233656375,0.7769588329760725,-0.37106261532142504,0.9628645747863218,0.40838293297744377,-0.1797434343772741,1.2858607969384765,0.6322344385065889,-0.35167725337616423,0.9639635017284158,0.637576080206028,-0.33693339886361007,0.803847573226285,0.5589647741549866,-0.28099601220976883,1.0087423704428626,0.0685627250864992,-0.25932930590858555,1.307333147475289,0.2492221179870375,-0.36319161666710936,1.103084855011041,0.3454494764511227,-0.3276190750712964,0.9305069900760699,0.3334932912004633,-0.27018268475151397,thumbs_down
0.0,0.0,0.0,0.013498510754927744,0.5106450588497807,-0.13538015719697397,0.15716255375793803,1.109430820895642,-0.23897934700323897,0.13088349128125268,1.5711013834385994,-0.36117176249588046,-0.05924967932878224,1.8523774712140937,-0.46254490765641354,0.720163563821074,1.052127118872716,-0.07938714334614398,0.9500447964631992,1.365958904844328,-0.26098558971392083,0.6956322691012103,1.1981573434255361,-0.3630519727722028,0.5974722934342579,1.0521632370572067,-0.41200169288539673,0.8555111746122528,0.7671837139744152,-0.11026320831792069,1.0872723147105559,1.0755087982081786,-0.2913464750328315,0.7669317676143088,0.9418723965236661,-0.3444519336325783,0.6800728195019862,0.8179808572010286,-0.3436388064867675,0.9496792099616462,0.4523459044250361,-0.16943986669825645,1.2395602349592338,0.7182999535944834,-0.332431680705993,0.938325326527274,0.6972492185556689,-0.3121436670235057,0.8111034263151891,0.5975357204899491,-0.25570046973443067,1.0119703047039499,0.10983275624243825,-0.24349125703776558,1.3037312371577154,0.3204651988793066,-0.3362411581220238,1.1030898771891895,0.4060820338176785,-0.29062006456472333,0.9371180101408204,0.3756890220343618,-0.22757201581338743,thumbs_down
0.0,0.0,0.0,0.021652301918625216,0.5206172763778439,-0.14429842571619067,0.13953455611845564,1.1181246062988162,-0.25326226158066073,0.11177600938890579,1.596830898924175,-0.3803289542575069,-0.0504955599111116,1.9085128393765198,-0.48942791015038234,0.7320124091217355,1.0148210832960447,-0.08818462108449598,0.9543892504816464,1.3177688474603342,-0.2670658522840876,0.7116381071288483,1.1753918888827353,-0.3772762455692167,0.6067931291051505,1.0396246964956422,-0.43399499434523103,0.8608896108870921,0.7300671661408469,-0.1152007454534399,1.0994956391492625,1.0471073507569733,-0.2955530652782713,0.795278701025573,0.9410633652062621,-0.3596850741552844,0.6780817831118859,0.8114787622389171,-0.37009394997482464,0.9475398593050647,0.41356977845450565,-0.17006358657659276,1.2683694725683985,0.6988453102202775,-0.3305831326056611,0.9722777190554442,0.6822330763789501,-0.3147413504633489,0.8148599899429935,0.5719084971543236,-0.26381784150942494,0.9987110469393479,0.06323451842502079,-0.24100754522611326,1.2977352277680927,0.2638769763793633,-0.3382325976307798,1.1103837925220994,0.34721175054247727,-0.3010295498098369,0.943603037020013,0.31982212920585457,-0.24523162513432095,thumbs_down
0.0,0.0,0.0,0.028097546838660496,0.5725227845146528,-0.13568992997610763,0.14515374798219913,1.1379208307593738,-0.24373924482220707,0.14447020032557106,1.6286172645451757,-0.3726125097141562,0.028732142514670662,1.9888139482557483,-0.48504942395938805,0.7501833177351679,0.9408259162155488,-0.07347441020979396,0.9839975579584817,1.2329677763991012,-0.2481729035849208,0.7425468087587763,1.125143473782092,-0.3627628427549541,0.635589846234715,0.988575458182266,-0.4244108533096044,0.8641297330554534,0.6551822089500191,-0.10247306983598498,1.12411103200906,0.932569942175338,-0.27217937208431675,0.8223950544526585,0.8657923203244393,-0.33542555355163994,0.7026696353114278,0.7493159776422199,-0.34991517293278473,0.9355248617326364,0.3339165904068528,-0.15892523789901963,1.2789501518655124,0.5863210127968206,-0.31161606114698026,0.9830283087422472,0.583190756145309,-0.28584189768839663,0.8249619183090587,0.47421029674970616,-0.23208850655339594,0.9659204815523043,-0.022738640015017846,-0.23159089298223984,1.2621080004249228,0.1381424893036997,-0.32405228400933117,1.0791366223253718,0.22663253964866287,-0.27920195090833405,0.9160045919342423,0.20408881752010538,-0.22069746410448784,thumbs_down
0.0,0.0,0.0,0.058021400559021837,0.5083083723684915,-0.12370405379314509,0.23879801366792358,1.0665886456431033,-0.2099785141617993,0.3732880609948852,1.5061309136453467,-0.30833275235533497,0.412053562673856,1.8299969941204162,-0.38843753625778255,0.8525612769403351,0.8018314641468554,-0.04879395405416705,1.1105763339331676,1.0760118034513213,-0.23211050980454428,0.8632465546044029,1.0315189929444102,-0.3573924048234509,0.6742938184452545,0.8668848059382346,-0.41024735935085144,0.9485651254611707,0.508390654720557,-0.07481064453200187,1.2856078103711814,0.7778708432253675,-0.23297896003223056,0.9701592145124177,0.7657671092365252,-0.29329248121637,0.7726454567450269,0.6356695681373296,-0.2964936075548535,0.9852251131756197,0.18412047647201002,-0.12943923372802782,1.3158314896573922,0.40150496513905265,-0.272443847418628,1.040510168404284,0.43952032604169256,-0.24789647904423381,0.8682397220022473,0.33160884980443767,-0.18947248065044403,0.9763573612438442,-0.17931701560809454,-0.19719270804377756,1.2778051577744767,-0.027917487807484473,-0.27317213194519147,1.1044760117758634,0.08623099071633901,-0.21270645983538358,0.9482332533078396,0.060588152819288824,-0.1409103221394522,thumbs_down
0.0,0.0,0.0,0.11430278928089964,0.5157866879852863,-0.059638290278068655,0.32890074122733887,0.9515506490449351,-0.10551636156178361,0.4596323624808159,1.2747748302153206,-0.17947269530633958,0.4931008670382527,1.520330149635989,-0.23767622597295862,0.8516721265978724,0.732417878954115,0.00024343820115570826,1.221034324370764,0.939732664453687,-0.15438855923306993,0.9901930517899014,0.9253739999900169,-0.24604272758644288,0.7926908168372719,0.8264812509065871,-0.2774762553103598,0.9109123702168798,0.43637827729419143,-0.04399582123609063,1.2283609360958876,0.6626908140696292,-0.20526974124249436,0.925311438789328,0.6562079096482408,-0.2638835854089442,0.7365169409575864,0.5446812736479115,-0.2637528151213931,0.9284381954654258,0.1110096371890806,-0.11075073014598584,1.275596380427145,0.29709445301598386,-0.2520196031293423,1.0149290554178443,0.3483564057360249,-0.2350054274921595,0.8281452050637991,0.2520503885199684,-0.18034135649177313,0.9100043639013254,-0.24855738814817094,-0.18491831655606253,1.2431657835672487,-0.1213791562032675,-0.26830243181367996,1.0897765807976045,0.007295331124779042,-0.2227857505734845,0.9082048604759541,0.008336279991797299,-0.15788662369511416,thumbs_down
0.0,0.0,0.0,0.07460554416888074,0.5062658322348669,-0.07402465323969175,0.30268003482293016,0.918257895774653,-0.1332101987162242,0.4472135326033947,1.222586593212887,-0.2188479619502417,0.4636890311739862,1.4775764802890266,-0.28359763943233907,0.8501148063875206,0.7277421116013181,-0.029666354048049695,1.2199457953466348,0.9538715008436834,-0.20658450370633313,0.9317307274978256,0.9172475112884921,-0.30186031120073975,0.7273517560090876,0.7939494467460216,-0.33180591523680436,0.8984775052173901,0.4335252708840539,-0.07122295748599938,1.198263923500879,0.6629395224646867,-0.2501879355237468,0.8539551576415275,0.6488902819707747,-0.30672904580551497,0.6837712470115141,0.5284382079148735,-0.3024670426336463,0.9106332762821706,0.10860698509303265,-0.13661860503860604,1.2568226035750154,0.2966560067895819,-0.29619645519223525,0.9567339601522739,0.34955564353462193,-0.2656638711821069,0.7785159349957396,0.2451210567558058,-0.19797018312156284,0.8924690557994672,-0.25505487215762834,-0.20943344300225078,1.2074882442458996,-0.10920520392536752,-0.3021406984594406,1.0292217028298978,0.02131154590192949,-0.2472290557132557,0.8583665764266992,0.008149841383966771,-0.1727639694538085,thumbs_down
0.0,0.0,0.0,0.11953318162873566,0.4999546702305968,-0.13792629212025734,0.3470927289304929,0.9472829339803474,-0.2402519759877025,0.49916458434227645,1.350141253708537,-0.3617994904755902,0.5268569466132491,1.6784022622157548,-0.4641260074879698,0.8637382280423122,0.552019087391845,-0.07077338215458842,1.1281605506840842,0.6714883681265602,-0.2547991361770906,0.8507858130536563,0.6429521755067333,-0.3645922451939801,0.6769724190246551,0.568758582516858,-0.4110555215325354,0.9019382671247437,0.22537549091738596,-0.09053273672750592,1.1810340970464404,0.32365252681262296,-0.2656152617576173,0.8648672848982514,0.3447990677014109,-0.3190003326606844,0.711114962929146,0.2899120084003144,-0.3179343832273995,0.8945756992163361,-0.10251988598431021,-0.13958940810370613,1.2183225962234396,-0.043803004889266736,-0.293325609379556,0.9350050754491005,0.049423744454703614,-0.2590261168388408,0.7610435667650848,0.023809219201220436,-0.19322955360194463,0.8435188848939151,-0.438759619364796,-0.20474626150069003,1.1534767307038951,-0.4817518023140404,-0.2820013976342384,1.0030387915292862,-0.3343074719096392,-0.22592894501020605,0.8442146005877548,-0.26482307857976845,-0.1564563347301226,thumbs_down
0.0,0.0,0.0,0.12165991321220507,0.485568586677921,-0.14777284200740512,0.3190337892855727,0.8964963269453852,-0.25888771767623364,0.48194164170027776,1.2930073197256837,-0.38807518194089363,0.499478915052889,1.6380751519378354,-0.4902870635348489,0.8536262063600072,0.6243512066658694,-0.06257035719426378,1.129551222490729,0.6896895235384161,-0.2784414924755021,0.8467192237479751,0.6375476276122249,-0.3898567469502271,0.6710237761803244,0.5858141474234824,-0.42608237199579635,0.9027176959901341,0.29512219601465006,-0.07413456320093836,1.1550103669595742,0.32294531310035385,-0.27857540137536213,0.8226591902190642,0.3322937689059288,-0.308286006050901,0.6927944672773324,0.3358071283822937,-0.2797226866980669,0.8999764718888853,-0.0331193998817739,-0.12405931858003615,1.2103978558194053,-0.027402399669416384,-0.3041655843523383,0.9101335580501316,0.032359976241457866,-0.23927645815689133,0.7538394982351335,0.0444238226227201,-0.14313718499347683,0.8538648589294802,-0.36722561613662114,-0.19209003726594007,1.1200153711108425,-0.41516033789993834,-0.27737091324605684,0.9596658578386492,-0.30765268607986457,-0.21219189030022398,0.8266375531555361,-0.2406643040190718,-0.13013915424689468,thumbs_down
0.0,0.0,0.0,0.07864870768528989,0.4304623975401728,-0.19923299312956658,0.2718578480031201,0.799473517841864,-0.34733507689432797,0.4210266541198134,1.1475200554349794,-0.5028080208742685,0.39699429897358923,1.4862149096827497,-0.6258129184925615,0.8551074175889783,0.7003835014149625,-0.12088705932696896,1.1203854632203512,0.7818385547046061,-0.353392734856369,0.8376363715979983,0.6925364934123741,-0.4672690498221598,0.6561742064630468,0.6173170164872941,-0.5013816264763689,0.9116218466218678,0.3641911156003691,-0.11296716861246574,1.170581516714788,0.43260929185603897,-0.33602513529520356,0.8262516953384315,0.3938206108414229,-0.36764695938919095,0.6999724476481424,0.3612691873928707,-0.3307180812654936,0.9267623270330754,0.03452935701363958,-0.14686310669209884,1.2430421419778974,0.08119698885934955,-0.33777426784361125,0.9509880203518324,0.11515809976589221,-0.2831909088839886,0.8029544455482077,0.10021726203284378,-0.18798463866977688,0.8999681781222552,-0.29525008567811,-0.20274835919789275,1.1872426438830048,-0.3369850723219786,-0.29403074451359534,1.0343348456296737,-0.24886741748669863,-0.24174477367288802,0.903760548406527,-0.19800518789777322,-0.16564982420092042,thumbs_down
0.0,0.0,0.0,0.06471079799527676,0.45057417892092894,-0.1832485041576888,0.26242243408106186,0.8421860395828722,-0.31504405141919745,0.42631530694445524,1.2093377857406336,-0.4563359074153332,0.41177226739337924,1.5442131924652132,-0.56518731548843,0.8607552364577747,0.7411422535385104,-0.08877329790292608,1.1269794990709536,0.824952361300943,-0.31307118314871074,0.8593735453367991,0.7163423789226131,-0.4239929499538369,0.6792126969705442,0.6314049645331046,-0.4567613698372792,0.9268708118380283,0.40425529271662125,-0.0847108641088383,1.1847552704782567,0.4663521158011241,-0.3002578165894393,0.8482298492624235,0.42094709717935325,-0.32929587190657006,0.7203694074262132,0.40179769457521375,-0.2906203086705645,0.9492514202225578,0.07431424822987626,-0.1223832161928662,1.2706906212984572,0.11596186848798518,-0.31147588963698847,0.9722736525103651,0.13972939507213208,-0.255434609934613,0.8135725755079138,0.1313869775598606,-0.1577449204674587,0.9278887854035138,-0.2523633568248544,-0.18064107670740112,1.2080906918946837,-0.292435884052242,-0.2754908562343644,1.04752616135644,-0.2209529700866601,-0.224434154116463,0.9158373200050168,-0.17408349826541886,-0.14669159568241313,thumbs_down
0.0,0.0,0.0,0.06870410102576385,0.46161132718771314,-0.18038111305813606,0.2951064092647407,0.8624241489952671,-0.30411728499314755,0.47407031779479003,1.242158599638075,-0.43794474467177313,0.4641159357082879,1.5955904930479987,-0.5408269742029964,0.8648822540120441,0.6992582703874276,-0.09751832658734595,1.1296372302274027,0.7868068195464489,-0.3120365903981265,0.8505587361300605,0.6969006304873455,-0.41325522288783295,0.6774709401459172,0.6232373256226297,-0.44321118421830347,0.9234099845275169,0.35904916569884265,-0.09452952364006888,1.1835637461407058,0.4284710000473706,-0.30205248555330083,0.8404683532305651,0.3895221220553186,-0.3269050712152391,0.7209332902801435,0.36045479990797236,-0.2899047064840209,0.9367266576810509,0.030916055779453777,-0.1313123761839339,1.2604059603310624,0.08133462814213216,-0.3159089393529203,0.9640110530412863,0.11789954349610342,-0.2616923797702944,0.8148545743086462,0.10748188122082444,-0.16918547677740225,0.9095291273562112,-0.29563067046321445,-0.18808682041206318,1.2028447130124413,-0.3442285867809839,-0.2813585634609296,1.0497060427329004,-0.2527807626997575,-0.23312359931283572,0.9176593436994045,-0.19384590716990507,-0.16084352691043197,thumbs_down
0.0,0.0,0.0,0.09463260612208321,0.4992393011679309,-0.14855389915545594,0.34031033581010384,0.9486020385389116,-0.24023188145449145,0.5085954318184731,1.333534611095531,-0.3444660798586579,0.5129387694502701,1.6615292762526388,-0.42453167234342876,0.8337511102420412,0.6578326838445611,-0.07998515290972387,1.077038294257128,0.7792298256410088,-0.2749352720370343,0.7953587415376691,0.6930872476062768,-0.37572296149388273,0.6353832712071413,0.6204996449287316,-0.41204332088879464,0.8930436538301293,0.32900184069456,-0.08999785401504808,1.143655517666398,0.43149862389090865,-0.29128790081503697,0.8162401066914835,0.3965176562004873,-0.33229631820423017,0.6715462594243263,0.34920349060875266,-0.3111191272983288,0.9026255012394893,-0.002055390485598403,-0.13297324413603784,1.211932699739474,0.05856494903598977,-0.31416125377113124,0.9159077355131046,0.10741381759014083,-0.2768274934594106,0.7513072090961189,0.09472408980842224,-0.1985976397705789,0.868647434147906,-0.33527488561670454,-0.19187618050619487,1.1554847003051236,-0.3764647741500609,-0.28976682421945255,0.9982734052823911,-0.2682472681004931,-0.24744835189200723,0.8558538253578678,-0.20621277888540251,-0.1812025271340093,thumbs_down
0.0,0.0,0.0,0.12421691084454954,0.49338976035350773,-0.11191987160446512,0.38498958169242103,0.9298969211516327,-0.1809110214072828,0.5776015745692676,1.2814627825905989,-0.26746792818043563,0.6346886105913992,1.5761419393242477,-0.3343935461364145,0.8300514644394983,0.6021557078737776,-0.044974032577909454,1.064740423117185,0.729655917636112,-0.21201978346958417,0.7838471808942957,0.683544410479434,-0.3067404864605625,0.615731849222873,0.6131123530495315,-0.34390959157132855,0.8823297278281048,0.27694244592571976,-0.06675297227635858,1.1446344406316118,0.38033885733138256,-0.23725602592152756,0.8379345838591311,0.37629692670566234,-0.28221952789896254,0.676829616731221,0.31970825588560514,-0.27224691281974683,0.8824910602205391,-0.051883347964887035,-0.11542415587467317,1.192675368257606,0.0005738999608731353,-0.26286785110671673,0.9232629988571335,0.06925552145861331,-0.23173231576968492,0.7550815742717618,0.050440798277828235,-0.16837112253045772,0.8384937052802394,-0.38905573270275606,-0.1769914883925848,1.1174275594392893,-0.4383750040184202,-0.2510083038600094,0.9838812848531068,-0.3156802827696629,-0.20558788586624713,0.8479790647193914,-0.25206934247128254,-0.14475568307289458,thumbs_down
0.0,0.0,0.0,0.137197437915038,0.4827211623181004,-0.12414481644615348,0.42019960923497823,0.9168093929355001,-0.20563829146563567,0.6440092313174003,1.2810761025317807,-0.3018932489914123,0.7550709547961504,1.604611929920246,-0.37760053442070757,0.8720524967019075,0.5654495086656132,-0.05545214077100724,1.147808449625108,0.7279126986838496,-0.23049673637224607,0.8915141652774188,0.6808159635494014,-0.33555901949770156,0.6951818288425012,0.5920572654440707,-0.37658248993413446,0.9268492870854843,0.2446262992544643,-0.07401817442823055,1.2409156590037589,0.399288870365736,-0.24082141639808471,0.9393789986949932,0.41477393981630317,-0.29325813052832667,0.744734571241167,0.3524288065984363,-0.2887830748461294,0.9288549252096523,-0.08878297209170498,-0.12100591367464296,1.2802798290858985,0.0024698781135743964,-0.266138696539323,1.0175100254088503,0.08847521262160357,-0.24502490685772066,0.8222422766620583,0.059504209884001194,-0.18852826014038387,0.88889517553326,-0.4264011792895428,-0.18173965786065274,1.212762169450116,-0.4481446025842285,-0.25971359449639514,1.0915898971824711,-0.3215470943619508,-0.21966786993634385,0.9438306744104037,-0.2715435493591928,-0.16219101201588437,thumbs_down
0.0,0.0,0.0,0.07741727699085153,0.4940818978632565,-0.14725950095004162,0.25370483229133195,1.0023721982613767,-0.2613494351137142,0.41817552417671194,1.3900623360032298,-0.389896591636836,0.5901998632491593,1.6392848797807489,-0.49781226791285477,0.8652707634125306,0.6742001754942482,-0.10147197376187095,1.2002053390014105,0.914909326832712,-0.3038084096681207,0.9696391475611061,0.8832438188583847,-0.43297165266159404,0.7583434932592211,0.7644144905121715,-0.48255707801245684,0.9411371477135757,0.3698348771163293,-0.11854098248672919,1.3085735310344027,0.6204283613489071,-0.30431131965750025,1.0195572020125503,0.6265988973983725,-0.38285685695350086,0.7864129992092299,0.5280346248212615,-0.3933588791533907,0.9638424253326143,0.038788834600041594,-0.1647201516441302,1.3542496679522646,0.17825181652952618,-0.3091274326067871,1.1229932249448606,0.26431419013124113,-0.30759916977983465,0.9035475600112852,0.2271727443468852,-0.26598162948974596,0.9414183774137732,-0.3149085867983072,-0.2274298922823313,1.2899458667346113,-0.3173262059520918,-0.3101424620975599,1.2082636348467921,-0.1727306733271939,-0.28701998543428503,1.055756289234266,-0.10099319307897157,-0.24097044219598104,thumbs_down
0.0,0.0,0.0,0.08360118507426094,0.5004382946046065,-0.13534431862151783,0.30315613132180813,1.0289442663204154,-0.23420972325343392,0.44591889311717736,1.4712681788097002,-0.35148012082474456,0.4823279089862571,1.8044880063376003,-0.45088591833913544,0.9185260460275162,0.6977830570525673,-0.0759697091164666,1.2822611780244648,0.9353871311639836,-0.2649179672922506,1.0454959327262234,0.9367669956189184,-0.38615553106361067,0.8412634735628328,0.8248969218311477,-0.43525940611310343,0.9838277065772587,0.3906948038847782,-0.09990123022773716,1.3781465549880405,0.6211178594782899,-0.2747201302289357,1.0665605518033396,0.6359932096684301,-0.3439026875042384,0.8443540837742748,0.5361842064598599,-0.3495405248166687,0.9956178121986853,0.062143979804198175,-0.15248668081037745,1.3971932452624605,0.2347504464538032,-0.29600471271185225,1.1368898195894035,0.29924368349916397,-0.28470964352421374,0.9262722455794576,0.22839037127331283,-0.23441702709592233,0.9663562795804589,-0.290427038222947,-0.2214106811767151,1.3159842425711876,-0.23796267790041759,-0.29726373842117915,1.2122060051544332,-0.11045890975025471,-0.2607277356741987,1.0649571189013967,-0.07709444899253315,-0.20641832085062198,thumbs_down
0.0,0.0,0.0,0.11579157873282621,0.5103884230172959,-0.12687446192188542,0.37731391211616605,0.9858619939574732,-0.2066757489258437,0.5916174475953354,1.362915347476049,-0.299139796599645,0.7294349761622222,1.6672231995395839,-0.3640219906951207,0.9417131532503211,0.655396139381574,-0.02577946981329051,1.1881656474539657,0.9146883559840854,-0.20633522874865018,0.9015280188317407,0.8526546029004034,-0.31225565318377574,0.7174298924652559,0.7037181735982281,-0.35172948272846666,1.010193721871118,0.3574287041537786,-0.050721032228186774,1.3340146228837853,0.619013458108592,-0.22757168544090783,0.9862866429967404,0.5937179944020445,-0.28148050858042073,0.7953023926772393,0.4628759646973293,-0.27088961140070766,1.025997475648745,0.028523363864718685,-0.10647696637877152,1.3464301691265022,0.2244747784475409,-0.2723912812946474,1.036032528279356,0.2870372148562793,-0.23265145499651796,0.8470428989483059,0.19831393863647342,-0.1539662017044032,0.9965950220691069,-0.3318192460573944,-0.17542492823935357,1.3222620587714167,-0.21166437480194208,-0.2682211024150177,1.1370909606119506,-0.06588775048905772,-0.19964125789479842,0.95148622863399,-0.06115419048564524,-0.1137427637533277,thumbs_down
0.0,0.0,0.0,0.11387071590573948,0.5037148925781522,-0.13544393857545656,0.3877705200332565,0.9578340126642478,-0.21560010602721402,0.6005822783406011,1.3148656225170714,-0.2986838617585577,0.7350703849689854,1.607891018405731,-0.3470487365329271,0.9025285572421551,0.6026905192915214,-0.0495026066188,1.148192607592061,0.8522696072042426,-0.2454265336779168,0.846160335266661,0.7745838958706618,-0.33226741921076075,0.7027485414919958,0.6282903876860265,-0.35805247724765166,0.9441573194282175,0.30087509994799394,-0.06802618964479011,1.2162690211664149,0.550716841687897,-0.26772745598235126,0.8291728952125593,0.500935061681217,-0.29564724818871835,0.7177936518205322,0.35407324913029514,-0.2636630691069936,0.9336698605635195,-0.029996749544196705,-0.11854487984003766,1.1916062006784924,0.19746520363978273,-0.3192151130087427,0.8150910047022111,0.2030229960113954,-0.22907599702403603,0.7005580459617445,0.06766934687777841,-0.11223211106632179,0.8775465329037608,-0.3884201442677454,-0.1801760585478965,1.0747266496492716,-0.1538983179282344,-0.2865260156873184,0.8285728106678948,-0.08217045532937593,-0.1861273935144403,0.7264659016731764,-0.1773305912151429,-0.07717912199783031,thumbs_down
0.0,0.0,0.0,-0.13004963637798167,0.4910271057481006,-0.14075449185067096,-0.3454647919567119,0.9330860473490905,-0.24064875867366403,-0.5050628938025123,1.2671119287310701,-0.34805087582322025,-0.57026328768699,1.5938585033836747,-0.43554748353138173,-0.8478425070525748,0.6542496649334821,-0.05451399476511853,-1.0824325820953686,0.6374412183522135,-0.25102094422246873,-0.8371613442162592,0.5577811905238683,-0.38641203476329333,-0.6151149718437753,0.4984600155420653,-0.45112171511405447,-0.8659409729543674,0.31864011131338066,-0.07499739595014164,-1.0980487567608521,0.3079774301292216,-0.2872119721649483,-0.7814001461431801,0.27449031923516115,-0.3681390969313511,-0.5371437563191533,0.25818621640607453,-0.3743473919182568,-0.827147574374484,-0.005730133575278778,-0.1284655022836235,-1.0334779711598394,-0.03710130064911007,-0.3265403375678784,-0.7207252928167585,-0.009223576536239305,-0.30079870740987963,-0.48666050739859057,0.029451539469842396,-0.2287975019041511,-0.7432922115066125,-0.33035008611974165,-0.1946302533762507,-0.9341505905133052,-0.3314458427409317,-0.30997233214737374,-0.7141528066065244,-0.25134554088788047,-0.25979621234910616,-0.5301712450155762,-0.17108506471613957,-0.18979134613829668,thumbs_down
0.0,0.0,0.0,-0.12210374140958875,0.47542165264022207,-0.14126332857275845,-0.3272178875487284,0.9184552768410486,-0.24601772663749708,-0.4829512589666552,1.2614746164395534,-0.36136255362777775,-0.5598398380925792,1.5872072004840203,-0.4565724617837869,-0.8575116493816369,0.658253359728898,-0.05185621838376149,-1.0860182948248414,0.6964984817203558,-0.26457020654087693,-0.8211959374669251,0.5970821121877673,-0.41083621136240944,-0.6022798497422409,0.5181160874609357,-0.47840115545848666,-0.8829510800002919,0.33133649149113875,-0.07265276116933433,-1.105347033430823,0.35985415383086833,-0.3054826225039742,-0.7620299733631133,0.31954478160555927,-0.3899337963739718,-0.5257706374191822,0.2791768549389384,-0.3905572001507725,-0.8449805865856909,0.0034324448554890084,-0.12780048472557662,-1.0447972052069945,0.009681275867031588,-0.3434717749923031,-0.722872721623897,0.04048503554924446,-0.32051990301354977,-0.4965651665716491,0.05709140498944789,-0.24142385753125264,-0.7661432166876571,-0.32728716322577334,-0.19455060201983404,-0.9653874862628988,-0.3071485589667185,-0.31338118366395473,-0.7408250185038309,-0.21416245674269505,-0.26074141100187814,-0.5567273808882026,-0.14912084310189827,-0.18409993574184214,thumbs_down
0.0,0.0,0.0,-0.12209321841624934,0.48581838455961324,-0.08537467149691541,-0.35758438798528314,0.9239043639970469,-0.15127165319128777,-0.5330662591395667,1.21488297083129,-0.23708632286689457,-0.6062481752875906,1.4836486289230624,-0.3064016916466231,-0.8839977841942328,0.6230104733634451,0.015496546990656666,-1.0933332066190073,0.8170880586873083,-0.17113413335770575,-0.8251877306648348,0.7132264146893067,-0.29923231936994865,-0.6104262444251056,0.5925431250424745,-0.3549692813861797,-0.9077236721363577,0.31073032694314934,-0.025393402556712318,-1.0993035724603997,0.5099270643474338,-0.23299372483224587,-0.7624878676380911,0.43434029976017274,-0.3056726438048452,-0.5257347143208448,0.3328059284453041,-0.29647883043392914,-0.8819481733703808,-0.012335816954311065,-0.09647781419078395,-1.0256854516510017,0.1600561652040972,-0.2901947702782347,-0.6894801790078756,0.13503777190480065,-0.2586585032823894,-0.4661366098045717,0.07908064099060926,-0.1731933881621664,-0.817354698854465,-0.3562007417124697,-0.17608658234474964,-0.9531165111495736,-0.1798341678096071,-0.277687799162573,-0.7240700640945053,-0.11505544408375888,-0.220424160573211,-0.5577556973200818,-0.12473248976874216,-0.1394930543088723,thumbs_down
0.0,0.0,0.0,-0.13112762951408238,0.5212102955892258,-0.11801468368844088,-0.3058942388101147,1.008713705272486,-0.23052338567741015,-0.417638815473213,1.4049670260436986,-0.3614362722252498,-0.4548650239161879,1.7357107537923417,-0.474858790257042,-0.8942943372509238,0.634507605677029,-0.019870819941147262,-1.1098799535099793,0.8051577894172587,-0.2229407942492856,-0.8404554746186603,0.7104339684877984,-0.367700625398184,-0.6216130132800783,0.5921517998398395,-0.4366986124377939,-0.9282783072856993,0.3223125800081132,-0.052566394422804474,-1.146441337094372,0.5260543989529574,-0.2713741372528345,-0.8239441818758534,0.4643363437057647,-0.3553226056786762,-0.5812291080720393,0.3593577542519136,-0.3586747537557815,-0.9103404296432845,0.0026398238725598645,-0.1188617461367332,-1.065988676677835,0.2026653515306816,-0.31277860062739976,-0.7415762770098586,0.17454175508287667,-0.2928345464736864,-0.5110577737641243,0.10036907808415992,-0.22103745921650633,-0.8537178895572102,-0.34869399893036557,-0.1978263104156024,-0.9849375853632932,-0.13361386202450637,-0.30085004035685114,-0.7536626335933797,-0.08343242136725337,-0.25416648252017093,-0.5752217825189906,-0.111565755595943,-0.18482664957603787,thumbs_down
0.0,0.0,0.0,-0.18487121651396052,0.5085485740698865,-0.13272158346774413,-0.43437702440057974,0.9962353819710208,-0.24242905046607305,-0.575669517547851,1.431315750443875,-0.36902405126700893,-0.6330814079029726,1.799519453261113,-0.4740608465266263,-0.9534779602556859,0.6126373348034246,-0.01931259739087575,-1.1717769462321639,0.7971414743735322,-0.23338702984731774,-0.8865387946887661,0.7197736264233384,-0.3821611089880404,-0.6734950829444266,0.6144841631684207,-0.4532114042840465,-0.9746975604236617,0.29698461374669033,-0.045420272776997964,-1.197055519513103,0.49336021534269753,-0.2822857830760788,-0.8499605015282882,0.4588778699119888,-0.36683086005728477,-0.6205686615758816,0.3624501898555532,-0.3659740170831293,-0.9327891691935692,-0.02857830451363113,-0.10732441990615829,-1.095259449187874,0.15066880026345617,-0.31891191397676655,-0.7605182869105688,0.16734483293575642,-0.29020786690390643,-0.5413874359174458,0.11024544213715229,-0.20712361531436443,-0.8526114660760411,-0.36881021604101405,-0.18236674573847406,-0.9973964718725603,-0.19056222956434168,-0.2827824813148534,-0.7639527010507176,-0.09217328468559377,-0.22436445792455345,-0.5940722203049653,-0.09608437068448683,-0.14726924933216293,thumbs_down
0.0,0.0,0.0,-0.16657331764594532,0.4915582637896595,-0.10316139265080927,-0.48540894620761177,0.9283666594158457,-0.17088125304646998,-0.6979614638590571,1.250672440520679,-0.2546072884049261,-0.7976254611438077,1.5676738517131756,-0.32061357897390363,-0.9382336610935657,0.5188629640052874,0.016612333410831362,-1.1384023207799665,0.7079059797426653,-0.17820313358830928,-0.8503650990175581,0.6392926316177707,-0.30725129152120434,-0.6379491948007999,0.5469822057656645,-0.3627801828070464,-0.95405897849794,0.1994907315763387,-0.0158177310282287,-1.1779084422108685,0.40222678167323994,-0.23793421290555822,-0.8287116554919993,0.38860569420095004,-0.313606332233935,-0.5867487064075064,0.3191281269186926,-0.29928461912168197,-0.9041882227526205,-0.12468052953318852,-0.07986042429270739,-1.0432320061603337,0.07044799374934571,-0.2887728791181892,-0.6924502466459244,0.0868664447181142,-0.2580685011190989,-0.47285935344876173,0.04525287904866786,-0.16688781269866915,-0.8135758290902781,-0.4587924522287936,-0.1526516971107362,-0.9176542818131337,-0.24425625611505666,-0.26053859728291284,-0.6726241684050371,-0.15753627470309614,-0.20335436550564667,-0.5170377399970216,-0.1715042489531184,-0.12066026477903415,thumbs_down
0.0,0.0,0.0,-0.11652964206434245,0.5068241425288543,-0.12950730793643797,-0.291358728022862,1.007453100949458,-0.2419793341797787,-0.3678525908188881,1.4322844308536449,-0.36948389891116407,-0.35583363148572267,1.7689747671830303,-0.4760780123635444,-0.8949976254833338,0.7116639056030084,-0.04344304673936683,-1.0999297161895036,0.8697766541140388,-0.253351554188339,-0.8193922063099311,0.7574693225301942,-0.39578943143279305,-0.6085440127468309,0.650482580576779,-0.4624000933514795,-0.9331490817164215,0.3917872704057832,-0.07123886724142067,-1.1024993620569212,0.6005064727088133,-0.29671548229641065,-0.7745348262951244,0.5180453071871935,-0.37407667401512473,-0.561778808117737,0.41220594589710025,-0.37269052675116693,-0.9103647204902307,0.06715324413342395,-0.133288006434995,-1.0083679838485224,0.2499359359190377,-0.33100782711733034,-0.6846232405408957,0.21346819995707184,-0.30122240844026127,-0.48221337287297183,0.1461160317437596,-0.22343624731986608,-0.8442858342566252,-0.27319158773956315,-0.2092380148883993,-0.9294496813699761,-0.1029814014081541,-0.3001074998247904,-0.6920858312340885,-0.03812711531191999,-0.24321778346195236,-0.5286168210529862,-0.04366929125918709,-0.17048217987778178,thumbs_down
0.0,0.0,0.0,-0.12091455976484927,0.5464759430705689,-0.1264441767177928,-0.27345824028247157,1.0552404918290026,-0.2451598220326557,-0.37031417332852024,1.46320763848563,-0.38224769029062655,-0.4150663780861072,1.8117178023308016,-0.5001649560605677,-0.8848853351513097,0.7388826411046772,-0.04384044842665893,-1.0820470685372694,0.9427242730792043,-0.265727957236293,-0.8288994242871783,0.8203344752806399,-0.4243422541632238,-0.6166386793921679,0.6928979699581138,-0.5002616211517326,-0.9370258470223077,0.4220115512169648,-0.07539928819471121,-1.1226332080116135,0.6430099115824186,-0.32249384233070233,-0.8038247051943199,0.5495882669011583,-0.423056830234096,-0.5666696971348932,0.43359708147176707,-0.4356172877066178,-0.9246457913847244,0.09449399429919708,-0.13939806976631625,-1.0396628609989518,0.2616723476898547,-0.3535882217523559,-0.7166869946543258,0.23412360811041688,-0.33770342096137645,-0.4847820856928844,0.1783051707338324,-0.2659271295170256,-0.8670444321252104,-0.24590733696288455,-0.21667100497527617,-0.9774722088830142,-0.11531177102254671,-0.3261452620194614,-0.7395880203933118,-0.029966935570168256,-0.2784202946709076,-0.5471670416742189,-0.005115081712676016,-0.20798583315669864,thumbs_down
0.0,0.0,0.0,-0.11342332048906359,0.49249935537539913,-0.12560957594189656,-0.3136557676590882,0.9587422883496843,-0.23634350887662053,-0.4470870605779832,1.3272791688522676,-0.36176581126881147,-0.5215447781858084,1.6512490480005815,-0.4676593411470566,-0.9015516143069728,0.6329005968461388,-0.05962601018399668,-1.1757734005841158,0.7704685950700958,-0.2615277337630033,-0.945900379357098,0.7001573672410077,-0.3954721531967224,-0.7279895153157077,0.6097530846023052,-0.45581954305885497,-0.9159926466275855,0.31802262080146404,-0.09092205470443981,-1.1190851379940243,0.4563742277432249,-0.32033013396124665,-0.797389936269216,0.42348648466180366,-0.40058033974944723,-0.5566012711279049,0.3598355055221492,-0.39787623560222946,-0.8790179714332753,-0.005162798805248203,-0.15386790697457958,-1.0029464133541781,0.1280583406355821,-0.360210212895693,-0.6777024255686098,0.13880339437841,-0.33802745507387044,-0.45176744228986027,0.10945763076736585,-0.2625231710182238,-0.8052821778179111,-0.34808307640268754,-0.22815858394147095,-0.9323539882599063,-0.19829214349906737,-0.340452834662567,-0.7013442664389843,-0.11447068458419553,-0.28913111658906104,-0.5228861019030915,-0.10307049651703655,-0.21400945065412405,thumbs_down
0.0,0.0,0.0,-0.1396348976720281,0.4902819552254489,-0.11284028914767222,-0.35440122750386727,0.9258288709915597,-0.2090324540923059,-0.5145003541684022,1.2582241738970072,-0.31951615363080976,-0.5809150334735739,1.5705197098758443,-0.41464428158096556,-0.843082077699945,0.595970055527379,-0.04528051690591079,-1.0832642644993355,0.712952687781236,-0.24411919610897326,-0.8418429066758976,0.6056280896019172,-0.3861611497877393,-0.6339183514406185,0.5061472206928016,-0.45494017140955617,-0.8668399482752398,0.2720698788330316,-0.07862614278852104,-1.116414722789036,0.37486082171865753,-0.2992976468591757,-0.8160330936024351,0.3364022789131632,-0.3867898731853748,-0.577476449751285,0.2927780656708031,-0.39328806854972753,-0.8289851906031899,-0.052072148989436656,-0.1397247781371893,-1.003700720812168,0.034696788673329745,-0.34113533762953635,-0.6943095050879244,0.048547189864247504,-0.3192832297165863,-0.46863122313749234,0.048469662673351635,-0.24567871980871647,-0.751690159936584,-0.38601715302594397,-0.2106547579629376,-0.900689836656718,-0.27081511810211917,-0.3186073158549273,-0.6789064533619454,-0.18904415619156334,-0.2632824219292589,-0.5036322217664025,-0.1590377625674334,-0.18853570265388997,thumbs_down
0.0,0.0,0.0,-0.1135690685162494,0.5236007282168612,-0.13288751538849847,-0.30723377260565743,1.0346289605525532,-0.24787751062407448,-0.4101867397534486,1.487127778627344,-0.38077669979427653,-0.4030067168337926,1.8746471369300488,-0.4974903547591271,-0.8439708824579376,0.7282063759155809,-0.025945409244745768,-1.0684598117239277,0.9545993945877038,-0.24016913157026182,-0.8157995355816592,0.8233475295142594,-0.38998019049653726,-0.6083372949570158,0.6678554592589332,-0.45857879659044853,-0.8960617216257638,0.42276657670220763,-0.05246839610213115,-1.1371910158511818,0.6603345355130706,-0.28419827413046567,-0.8234544338110374,0.5718361304498116,-0.3730251059402373,-0.5896510662236251,0.4333817604372171,-0.3737185500670311,-0.8910280433427076,0.09797297042148623,-0.11329743204612266,-1.0594867330454363,0.3049681356207215,-0.32131428172437004,-0.7332923593052152,0.25024781780553457,-0.3022402955067966,-0.508619444532753,0.14885666278749662,-0.22425332424674904,-0.8530435243656173,-0.2587533622418937,-0.18665683517627146,-0.992832133412678,-0.04236254816102271,-0.28776322272672505,-0.7564011224448022,-0.007185987537072866,-0.23229037379345915,-0.576052656146766,-0.05914331103810756,-0.15594034590178033,thumbs_down
0.0,0.0,0.0,-0.1842198597324612,0.5267580642227381,-0.11090276665881352,-0.48552683609449393,0.9977423212326303,-0.18475655032289293,-0.6652470051191505,1.4075065793198915,-0.2790774076760581,-0.6949848748138778,1.7779344590154258,-0.3564134743091125,-0.8768802869904748,0.6756640593386046,0.03535189463708746,-1.0982608200295834,0.9221598971496399,-0.17314525458480406,-0.8204602353160523,0.8090278520568944,-0.3081912345707059,-0.6441195691369248,0.6799129203518873,-0.3660871337536766,-0.919021985335851,0.36691256850711496,0.0033397131463700444,-1.1759519688924864,0.6120299978311274,-0.23728780343053715,-0.826663535440794,0.5383849213334498,-0.32248500491826926,-0.6163135038298413,0.4087258323906033,-0.3105002073664108,-0.9001631029996605,0.03632457432490764,-0.062391934191765024,-1.0820746828361254,0.24957877958127322,-0.2854862969185128,-0.7276102885610112,0.21443305862730463,-0.25351740564530073,-0.5170380671101598,0.12297676415287608,-0.15575879856485025,-0.8458697914975747,-0.30879214094772894,-0.13751897881208353,-0.9869016743246374,-0.07971487794522435,-0.2412984512981592,-0.73899185917487,-0.03828594243345281,-0.1728391372676982,-0.5789311026164343,-0.10543623899562757,-0.08190347031183705,thumbs_down
0.0,0.0,0.0,-0.1328642155955681,0.5287502649123967,-0.10419096802211905,-0.35019085026813096,0.99749498045933,-0.17832975993988612,-0.5079010465412265,1.3473641484829455,-0.2724043418994994,-0.5708833377447903,1.661843974786828,-0.3515599165918805,-0.8092266888864686,0.6725641318082632,0.02521762122448931,-1.0379015344359792,0.8618292518050505,-0.17033867800776675,-0.8064582459650439,0.7458398253540216,-0.30904530241907113,-0.6163977247441674,0.6186950255798331,-0.3711091725615452,-0.8521719127527458,0.36005562927250645,-0.00853945790589408,-1.1014193900706657,0.5446995196952122,-0.22841950243491727,-0.8010948709723738,0.4735609300863154,-0.3200328286899145,-0.571381537215602,0.36992770947602316,-0.320899255549767,-0.8440615689537722,0.035713171375760425,-0.07481191572374349,-1.032764067134384,0.19672780448370578,-0.282578375004264,-0.7100751161019703,0.16515999629094122,-0.26731336605714157,-0.4816510882170752,0.10362463096424375,-0.1876908233101281,-0.7948617943172951,-0.3117354343913937,-0.15070285451151974,-0.952126617442777,-0.12610287570850798,-0.2625401802759336,-0.7210097355216838,-0.07587320251081835,-0.21135548607219456,-0.5402238846216523,-0.1000341589159796,-0.13270158697301046,thumbs_down
0.0,0.0,0.0,-0.1002461754808452,0.5177059260849405,-0.13505414764470094,-0.24708618910535554,0.9807734585177522,-0.2522697643378132,-0.35665912281330886,1.366161665695166,-0.3837050678745219,-0.3850780566322357,1.7010740043327615,-0.4975987168591381,-0.7980049961477722,0.7165342555293408,-0.05800266615145009,-1.0187683419048665,0.8966093919830931,-0.26803984350660015,-0.7771396491124055,0.7549319639273239,-0.41780721181611424,-0.5785341502721769,0.6263863017166642,-0.49092939893570964,-0.8513920785698199,0.39843841949271563,-0.08322959532855852,-1.0688442686394155,0.5729242559490356,-0.31305595035769607,-0.7707393445685513,0.4858094344267858,-0.40758395684798465,-0.5489561678023456,0.3941778653900303,-0.42038629071047107,-0.8432342542699566,0.0719326846095486,-0.13978754746566574,-1.002217917992057,0.208327256234436,-0.34939250140999745,-0.6931506343462731,0.17259857244834395,-0.3339022991275962,-0.4701845195113403,0.12560314495335262,-0.2642552757568649,-0.7972096432888892,-0.2720502188433345,-0.2086682044909495,-0.9292456318207163,-0.1306396932487544,-0.3203484268341728,-0.7051797799929209,-0.07130661710799391,-0.27197503300598985,-0.5277201229042162,-0.06512255298408465,-0.20229541911482407,thumbs_down
0.0,0.0,0.0,-0.08852372739273398,0.5130686795464786,-0.11502738508374588,-0.2471329839727431,0.9728866702201343,-0.21514493754022437,-0.36056637935028796,1.3462602882659551,-0.3339314057658725,-0.38445474176181704,1.679950798509362,-0.43874067203673384,-0.7998442698332433,0.7153439686482541,-0.014455213532384213,-1.01232885679778,0.8830309866627359,-0.21382970911657784,-0.7800983328479322,0.7567665527459635,-0.35817593075058607,-0.5857421285797066,0.6281714043115871,-0.4269172385028718,-0.8591434593334418,0.4055610277077791,-0.047624250944326575,-1.0862348872097194,0.5817859264918712,-0.26711433625335346,-0.7879677302885056,0.49482129763169425,-0.35892244207594637,-0.5593314002776643,0.3908894679228335,-0.365133992509686,-0.8606666493298981,0.08232992245648596,-0.1121273010598597,-1.0124766663533573,0.23506646321956584,-0.3145023563923858,-0.6985776050770637,0.19452739612637987,-0.302356842079051,-0.4777918831565105,0.13759315951541617,-0.23153484864955423,-0.822777715709165,-0.26935911519570516,-0.18718012119903446,-0.9482396355981992,-0.0968419815345658,-0.29192238516870506,-0.7204780542284149,-0.05475216673117186,-0.24237291124255497,-0.5474373240059938,-0.06967341610435235,-0.17004623010736886,thumbs_down
0.0,0.0,0.0,-0.0649200293419439,0.4913479764175016,-0.13302952233198628,-0.21771801240308752,0.9607745304924237,-0.24140315605501975,-0.33015814751318195,1.3285162499993939,-0.3643287334932148,-0.37775630932040843,1.6403977813735828,-0.4661812601635366,-0.8267030128481054,0.7276383962655542,-0.044823749296373186,-1.0737803664751893,0.885058529303766,-0.25106099895828665,-0.8518004943385575,0.784575757737583,-0.38813934306838893,-0.6447227525252903,0.6626875553292382,-0.44933255601305955,-0.8656772148012196,0.41747163282348543,-0.0726447414328171,-1.0427321390583455,0.5937911870282645,-0.30864812560296523,-0.7287094072859271,0.5150885152918079,-0.39168727248400376,-0.5049058995837274,0.4081525634003394,-0.38749312122909213,-0.8521016263208873,0.09400987182049922,-0.13524784158329617,-0.961787204894119,0.2517142931694507,-0.35091231257414274,-0.6444680433451478,0.21589232273122802,-0.3303717118333474,-0.4342080800651336,0.14875180448820385,-0.25105152439301726,-0.8032508704971216,-0.2583268721429544,-0.21011889898712152,-0.9189886678475438,-0.09051049634234908,-0.32668636270683316,-0.6912223782878381,-0.03320175245282216,-0.27807514135298184,-0.5211021168707187,-0.04483703213023102,-0.20255607760501895,thumbs_down
0.0,0.0,0.0,-0.13444804992122888,0.5456734876366393,-0.0880716773529416,-0.3313674693412752,1.0193424317116437,-0.1675847288111761,-0.47690195276900565,1.3742347937263273,-0.273373342502022,-0.5460901079088347,1.6995736527382002,-0.36425624092554393,-0.8674299430340924,0.6978115350602837,0.0383108748520038,-1.0583751515870297,0.9433919369095332,-0.17061083711124256,-0.8141963098679155,0.8477523749337506,-0.32328645239207393,-0.6074142237069354,0.7145426867557779,-0.39297484486377154,-0.9328525939303202,0.3950745469510419,-0.006472484777190493,-1.1294111193566174,0.6419897258507011,-0.23774111421801206,-0.8052018231634146,0.5549072435208192,-0.3340701506795545,-0.5662590402580185,0.4229721833942982,-0.33763121466750573,-0.9381917021319592,0.07157819330431366,-0.0841647980839857,-1.0659654245290882,0.2715904211781424,-0.29095028421135904,-0.7354811724739854,0.22854585152665746,-0.27440419572727326,-0.5085297116917703,0.1448060613594651,-0.19598560174364787,-0.8952705263827487,-0.27938590835194055,-0.17218867029576956,-0.9923978915386436,-0.09592969244134551,-0.27547385832501403,-0.762896732381474,-0.03841132764350194,-0.226705514355391,-0.5977819807046576,-0.06034979046938876,-0.15170967759671727,thumbs_down
0.0,0.0,0.0,-0.13778890447127715,0.5244868822383765,-0.07280750196154259,-0.38923935551191174,0.9618328230425232,-0.12501240570679673,-0.5580382246352016,1.246812331358768,-0.20259628005337607,-0.6351901882072558,1.5300771962309545,-0.26519382003594755,-0.8687325780175519,0.6292575393693399,0.040971167803856456,-1.1145282887907144,0.7421801812333195,-0.16051477496272318,-0.8715994933173653,0.6664754396507458,-0.2998894324006405,-0.6457223112786477,0.566221233752654,-0.3575493159732615,-0.8967939152586302,0.32214235123935536,-0.00902544275399507,-1.1461556823893262,0.42755097458548846,-0.22902677519163084,-0.819968363167899,0.3943942099231141,-0.3103815460325963,-0.5654368848785243,0.32048276515359236,-0.2990099894185818,-0.8711127163559277,0.0018133971184614364,-0.09148635255291876,-1.0600162605202803,0.09078346634495134,-0.2953266357624973,-0.727573376684903,0.10508439668061541,-0.27366768275749054,-0.48713439730335945,0.08063193818685589,-0.18752354987936443,-0.7966450174823574,-0.3429706372751585,-0.1816849710169687,-0.9685533164598573,-0.23358302738427603,-0.29345536833539093,-0.7458913093603299,-0.15102320773075703,-0.23939098151328075,-0.5580880384355642,-0.12771559271901414,-0.15559941732908636,thumbs_down
0.0,0.0,0.0,-0.09878347674506549,0.5306062347897168,-0.0627585299346975,-0.2985411032913055,0.9813008724452855,-0.1011672232610858,-0.45367167394103647,1.2722066694739047,-0.16378907390892844,-0.5151483530243209,1.5263356366005396,-0.2138793145020255,-0.7947061368437557,0.7111622705574819,0.07721381722706135,-1.0100561270928579,0.8641633343905745,-0.0912466405076982,-0.7882975069452474,0.7523447454887341,-0.2134981645170708,-0.6012515655909103,0.6255697541957878,-0.26715213717675657,-0.8471327261664613,0.40988753909805414,0.029854979146968844,-1.0837254162262362,0.5735558275160861,-0.15895128520833196,-0.7898367176563097,0.4964562016102042,-0.23718845653697157,-0.5657433067376731,0.3894806382445314,-0.23226391965513957,-0.8489040334300354,0.08791348188681251,-0.04782751965006713,-1.0392718043238425,0.24161167327113198,-0.23138536193555137,-0.7233544616607301,0.20302331720838762,-0.21144457872412464,-0.5027705684684324,0.13068711693799237,-0.13343565487385212,-0.8021671612186353,-0.266626151533545,-0.13224771800081134,-0.9643012662877533,-0.0860223558253713,-0.23820005606424394,-0.7361956014279509,-0.04459521593623665,-0.18842640836559868,-0.5631600804871534,-0.08446806302786422,-0.1113318752823097,thumbs_down
0.0,0.0,0.0,-0.076871618355024,0.5480960754503502,-0.06280634465752331,-0.24069058116661043,0.997409499786521,-0.12389470185152571,-0.3774240816586546,1.332754626150125,-0.2184211015684416,-0.4442849402249231,1.6368646813424885,-0.301038464153484,-0.8060429903179926,0.6757622002167262,0.10013908288523218,-1.0457746321071875,0.880256022450611,-0.08583974767468891,-0.80418321523727,0.76733725068596,-0.2262314706436091,-0.5943799982157381,0.6133579392055177,-0.28896977059228685,-0.8771348943815607,0.39588183463692583,0.04084613851434442,-1.1520183439880147,0.6319328145504962,-0.1651338131444867,-0.83519456438773,0.5417632324817494,-0.2609408670210016,-0.5894800742023214,0.39239469917191533,-0.2635957931694477,-0.9030843612458915,0.08140736500946036,-0.051329735970820245,-1.1382953541857332,0.2969948714148978,-0.24498182937835378,-0.795527140322812,0.2355175241339584,-0.2274550219305728,-0.5618767114174954,0.12757279288040613,-0.14794907964028942,-0.8831323830736129,-0.28895368892565293,-0.15161571599812335,-1.0721445499676276,-0.0692220637794565,-0.26232843537228,-0.82430630186716,-0.03535539943126224,-0.2092348735192337,-0.6357507291996056,-0.0952991757231285,-0.1267657439295551,thumbs_down
0.0,0.0,0.0,-0.06455360437075872,0.5822955992021599,-0.05152739206703707,-0.19511267697790216,1.024949158685105,-0.10977752000903213,-0.3187303531716799,1.3729951504619928,-0.20804157361460635,-0.3785861340822908,1.6719199070005497,-0.2971958338726569,-0.7813539521746952,0.6744312804974695,0.13369602259733915,-1.0049524269862837,0.8575777584121603,-0.034735539031379006,-0.7603867691198614,0.7567185011258174,-0.17028818280075878,-0.5545328734249918,0.6072813850971425,-0.23434610507080855,-0.857525803992806,0.39342269565331567,0.07047394385999217,-1.1352927190568802,0.6193910546211395,-0.11917829832195033,-0.8219999440135856,0.542034260724911,-0.21754135280144613,-0.5769881454451848,0.38516813937461847,-0.22825246834137367,-0.891367673480478,0.08231200622290226,-0.024503737641309514,-1.136962410166955,0.297181185290868,-0.19892690954026823,-0.7955980427066611,0.24202465777855225,-0.18095531284746577,-0.559197331661701,0.12101471211952174,-0.10763917411875246,-0.8804786944882826,-0.2855624611974667,-0.12819384236085457,-1.0871586177862809,-0.06751500627395457,-0.22175296750111126,-0.8444065981367682,-0.040549232690918646,-0.16382830316332966,-0.6569664926115851,-0.12205475379870624,-0.08319498474467946,thumbs_down
0.0,0.0,0.0,-0.07739856330932075,0.6004994842911802,-0.01939077810140056,-0.22000405812319318,1.053008442199422,-0.057199490399028434,-0.3434470064797841,1.390578967627138,-0.13867416379074834,-0.4057361122797841,1.6760319475778203,-0.20842960154598705,-0.800650875406493,0.6888847070153357,0.160097651088045,-1.0464443302091313,0.9373151592465242,-0.02505733620493868,-0.7886230600960581,0.8261091536399436,-0.1665023351649703,-0.5814678914448709,0.6571242240135386,-0.22670900469315103,-0.8722874798330371,0.418495873628733,0.08729578358896221,-1.1498399238700467,0.6850228202978438,-0.11256536540355315,-0.7981020102560494,0.5793975297930747,-0.20319316871560755,-0.5626016088603211,0.39681533321446893,-0.20032278568689413,-0.9171766847378909,0.11424432855012559,-0.017423494182005186,-1.1493599266039738,0.3793133582119109,-0.18983355082476364,-0.782102765283583,0.30235246875827293,-0.15866360387852946,-0.5648726332696147,0.14993043234623746,-0.07280829413060606,-0.9195622313164757,-0.260942248187498,-0.12919259175772363,-1.1067502107904914,0.012526733630564847,-0.2127506661460585,-0.8398916477529111,0.032946534337674485,-0.14297692973985696,-0.661653326847771,-0.07266282264788891,-0.0510038916106218,thumbs_down
0.0,0.0,0.0,-0.06791957322665391,0.549403515732621,-0.09416851925410777,-0.22613367683959593,1.0175719254756013,-0.1675755415089567,-0.3452428375761599,1.36097523255669,-0.26285489455747607,-0.39323869823894964,1.673326808508907,-0.34238642175564876,-0.7814371180269479,0.7695152753527841,0.0398290020276385,-0.9502324713602269,0.9678194711649655,-0.15626076419355886,-0.717233027792128,0.8122984015807097,-0.29853740345412405,-0.5354174670830719,0.6610566977855602,-0.36349804558402005,-0.8517425517740461,0.4628472869416363,-0.0004513026419871302,-1.0299290768928735,0.6923041423211116,-0.22154920433867864,-0.7315490685533884,0.5595937774588958,-0.3183877234904833,-0.5143164023440464,0.418774031979095,-0.3237850637185597,-0.8724473626874396,0.141527122187352,-0.07265470382648537,-0.9850940316298924,0.3364339789983785,-0.2770078865235134,-0.6699410332825096,0.23656397272159682,-0.26295362889941093,-0.4607791315925736,0.1370169374477666,-0.1861550545728927,-0.8510360527050899,-0.20895170724643905,-0.1544860829627946,-0.9358163797991391,-0.0019492353194433105,-0.26338210851720223,-0.7086054015842093,-0.007144855801705534,-0.21386687717616815,-0.5565654854869286,-0.07301426527049382,-0.13617593638200123,thumbs_down
0.0,0.0,0.0,-0.09105982483742368,0.56145784534069,-0.0821681573192542,-0.2949763541728383,1.05401519336439,-0.13894772774015018,-0.45368204912002175,1.3964784128696517,-0.21855031130399946,-0.5148003173579491,1.6946760832475793,-0.2820850783933482,-0.8780173278721229,0.7620291446727703,0.062765666815196,-0.9755799718217302,1.0305468050753543,-0.12254766739410536,-0.7164417008477304,0.8516852031957903,-0.2548288831622018,-0.5312910311579555,0.6531814940972831,-0.31612881787934183,-0.961236507125597,0.4554787991945736,0.022633911731093605,-1.0424102236094706,0.768060206253064,-0.18604252207031402,-0.724858545593519,0.5975450837838567,-0.26769982044963736,-0.5222094773944386,0.4167212183992281,-0.2659051448248329,-0.9906116006474022,0.1355661207727763,-0.05015222357809458,-0.9905487586497208,0.42976491586162746,-0.2504933385087866,-0.6602436954986867,0.2714526472238717,-0.22858121624991856,-0.4695930233639536,0.1197936644533112,-0.14888056653167697,-0.9695059829613301,-0.21433546702141815,-0.13304539268151533,-0.950042665651283,0.07864543245039689,-0.24490123049504353,-0.7148622424693867,0.039473625529489624,-0.20124367492934395,-0.581320784650077,-0.05801378504261171,-0.1271373874602376,thumbs_down
0.0,0.0,0.0,-0.16237582301651984,0.5946548865316194,-0.18523878546421513,-0.3949172850747262,1.1515515673282968,-0.32298424388029534,-0.5534727641507488,1.5918059910132727,-0.4611046989853921,-0.6815680846961114,1.9493415766780493,-0.5674884660546817,-1.1447615048482107,0.6420498612991022,-0.06856442135232944,-1.0763289901596635,1.076849923514084,-0.3177004868388132,-0.7659025133489498,0.9580960436272936,-0.4939702834658768,-0.6020923805229355,0.7861740919898049,-0.5857535050349629,-1.2245683951405928,0.2977965820993318,-0.0761330669144421,-1.0706818933090183,0.743738442598345,-0.34760491257132403,-0.689000100420794,0.6007616597552378,-0.44966156491000403,-0.5495244279807238,0.3975478491072782,-0.46123076137099217,-1.1751932759972246,-0.04069654874744797,-0.12244980364034964,-0.9264749905945739,0.3454754306832772,-0.3550379554710004,-0.5969607387600775,0.25898156892836655,-0.32607106036917477,-0.5132149747582191,0.09408375116348557,-0.24736909910494884,-1.0608513928473478,-0.3467603332209493,-0.19190740784617302,-0.8432028476443925,-0.0338427391647178,-0.30488009785585785,-0.6088834390515002,-0.04043956823991354,-0.26271076692642115,-0.5675723283926231,-0.1664446810524816,-0.1936838136183682,thumbs_down
0.0,0.0,0.0,-0.1510084039818629,0.5850112994391875,-0.18013123184608898,-0.3826969666570895,1.1123126103016379,-0.3023339983715638,-0.5246635570339985,1.5055199403746529,-0.41716795878405655,-0.6437394332765041,1.831537074503595,-0.49941128111606087,-1.0856657531936544,0.5849826583293164,-0.11355281376223395,-0.874270340768876,0.9454393412181076,-0.33052871691230906,-0.5953419629883412,0.8141494174757307,-0.4751182786093493,-0.5340786289740469,0.6449765444415818,-0.556916970808274,-1.1265380028398768,0.23625589579289788,-0.12364309553668063,-0.8170296968313169,0.6369477946099719,-0.3330244489469545,-0.5185463703095924,0.5202611412747786,-0.3951051517318647,-0.4950232419910996,0.35035930579907154,-0.4076703704206094,-1.044767172204486,-0.09400658994435802,-0.1691868632249391,-0.7232813388291838,0.28435078661387403,-0.3603175788405778,-0.4580669711896733,0.22783818121110302,-0.3155035964483445,-0.46558711034437855,0.08498925986881002,-0.25139820972107424,-0.9046793462444446,-0.3904245228816678,-0.23934928168426017,-0.6626314789101931,-0.09905758825614296,-0.3363785481151361,-0.47410691662426235,-0.0812474374501656,-0.29290532767874394,-0.4759510345372535,-0.1861746054163451,-0.23627509739531277,thumbs_down
0.0,0.0,0.0,-0.11839081764550112,0.536439141347584,-0.18820658806382512,-0.34585316627670126,1.0043504614567562,-0.3066765704243501,-0.5046100584401997,1.366245926544176,-0.4057818243677032,-0.6384144511907791,1.6928917367473884,-0.472616860625515,-1.0054770888346432,0.5444108504058748,-0.15465204251281747,-0.6652924989881953,0.8873693499904985,-0.3461892520489228,-0.4636896394997625,0.7662203735138522,-0.47487044352518526,-0.5070973891754568,0.594188966925077,-0.5562449342385236,-1.009112923207552,0.18524466748671065,-0.15743581024054984,-0.5978650536159529,0.5742098164070861,-0.3246829198367518,-0.40650553399978706,0.488032228790439,-0.3703167156701373,-0.46198810401525686,0.34291649716587536,-0.39076710816878646,-0.897662130209834,-0.13699438894948168,-0.19139580492097322,-0.5047723802876545,0.2345581322485086,-0.354902484277266,-0.33829010575081675,0.18989906051426816,-0.3170094662350292,-0.41205204090055286,0.0725425524304465,-0.2751766705357766,-0.7350160765853505,-0.41360131761709557,-0.24985459905945612,-0.42271059218315565,-0.12665041828229662,-0.349326608497766,-0.2960978010676545,-0.12520395998664846,-0.325493845440908,-0.3521675298952113,-0.22488182502934506,-0.29020369213081104,thumbs_down
0.0,0.0,0.0,-0.12185854623136524,0.5057589386649859,-0.1751624987963671,-0.3427048790233785,0.9517204146965954,-0.27783377355288646,-0.500952795433791,1.284465873221187,-0.35950912961083303,-0.6444777935732386,1.5853543209510386,-0.4133263928728697,-0.8725870744904055,0.456445435676303,-0.17247508858277505,-0.5039119638349677,0.709294626732894,-0.34241605668794933,-0.3485080730863865,0.6628989260501416,-0.45737248868426705,-0.42239261019678703,0.5571177178681151,-0.534884395231814,-0.8536119775008741,0.09083312188745284,-0.17479376216963705,-0.41879162763740724,0.40880534049943995,-0.31798290066591545,-0.2861591326400341,0.39589485423668974,-0.36302042343921803,-0.37615299189403606,0.31080522276962136,-0.3939637552745231,-0.7353066509147899,-0.2320672059685173,-0.20221477899074242,-0.32420399953811413,0.09538936272880923,-0.35380314054097145,-0.20695926551777796,0.11227014122602483,-0.33167321245361187,-0.30323394797577624,0.04874205383785756,-0.3068014745390019,-0.5764979467183062,-0.4955120877724259,-0.2506294356437043,-0.2454770705563544,-0.2450152202352023,-0.3581672635894571,-0.15342386208643052,-0.19795936784686957,-0.35284049926390254,-0.2219401888157945,-0.24139973821975683,-0.3350361800448541,thumbs_down
0.0,0.0,0.0,-0.05205085437179819,0.4093679176281973,-0.239243223249032,-0.1998259397221577,0.835140953865135,-0.386032815717652,-0.3053819941540718,1.1845213504181273,-0.4868985846288006,-0.44093180912358837,1.5128875475998007,-0.5554083150558792,-0.6313076032628275,0.3761739349461846,-0.3599653388367911,-0.18513113495102948,0.544619999047646,-0.5089893802467886,-0.1306487899203436,0.5180762260214551,-0.5786683868259654,-0.24125390913882552,0.46382421097325227,-0.6312238892271582,-0.6143268664572893,-0.008727728205184374,-0.32449762292554474,-0.06622173079857083,0.22750564894562147,-0.4533146020101104,-0.0917263310312609,0.23652532143740018,-0.4681262775376107,-0.2517568736362897,0.20637814541774882,-0.49016729582769686,-0.5044454051730001,-0.33343924605977443,-0.3046916480101392,-0.01818862527741091,-0.05726739428027924,-0.44362172088012264,-0.03278046386247397,-0.03725556452752207,-0.38144304111496063,-0.1806316366756286,-0.07366424251262883,-0.33469049999820727,-0.35775828783684693,-0.5844625373102024,-0.3115056628083508,0.002707307711520046,-0.3581775959198592,-0.44858896063027426,-0.0030141386756177817,-0.32461227333790077,-0.44216778871062445,-0.12510267551269016,-0.3526347896627621,-0.4198376432309021,thumbs_down
0.0,0.0,0.0,-0.055705189424127645,0.4329477790227498,-0.2231592014631247,-0.21991939051136467,0.8493374110591628,-0.34585620152468416,-0.3108492904665825,1.1808674575575298,-0.42369339143073687,-0.4140246486342655,1.4933185572376744,-0.46989954017768476,-0.5927469093364708,0.408281467140261,-0.32355958934661744,-0.16054109388883428,0.571586059226672,-0.4638663443340895,-0.135694491791832,0.5285872509616164,-0.5338332749268295,-0.25558055020428616,0.46214174108872225,-0.5834133898403502,-0.5806307542869033,0.024312257796068625,-0.28720434292005,-0.01890885401403183,0.2530254870737148,-0.4005005033658417,-0.09558644540518627,0.24352639540948345,-0.4093614155985238,-0.281328195477443,0.20213306742570647,-0.42008386508569906,-0.4727189029723182,-0.302465795491705,-0.2661620631987837,0.014475835798347082,-0.0336188223533987,-0.3864396766741215,-0.049384426609419246,-0.035326276737908856,-0.30757364454703917,-0.22221339993766306,-0.08627743346937862,-0.2407696447142342,-0.3251313754687895,-0.5538923286267481,-0.2725349602737693,0.03114411481617388,-0.31586519265633917,-0.3930546602701789,-0.01716999160572634,-0.30791529156840247,-0.37070713752107376,-0.16883362796362916,-0.3614280377730504,-0.32952917884332195,thumbs_down
0.0,0.0,0.0,-0.05644579228403723,0.4513555467289563,-0.17875934089181708,-0.2117154992699095,0.8501542821184442,-0.28735594523923663,-0.30572975790110185,1.188840518630476,-0.3605685336374621,-0.42016947102192836,1.4939920351383646,-0.4129847062125438,-0.5653224142282403,0.3953694768575376,-0.29539437206799485,-0.12408199087772888,0.5401324146986396,-0.3896143472515777,-0.11688596128431421,0.5284437365501524,-0.43967951745294037,-0.2298165053788818,0.48210732624065583,-0.484931315049883,-0.5544457346319249,0.0006282736272360671,-0.27629953919570455,0.021458086991840715,0.21895171869065388,-0.3420389214745309,-0.05624484314738862,0.23462821195091885,-0.34431892523746976,-0.2017771291116596,0.20610409715406675,-0.36490114055870376,-0.45125999336397843,-0.3241120928013822,-0.262986838311606,0.05925908019711779,-0.06366888849585763,-0.3423895828442362,0.004587791819771464,-0.04261844118121839,-0.2633002061872012,-0.1359826908703943,-0.07790182877448358,-0.21058908180217256,-0.30899620662233895,-0.5709776970739225,-0.27371454898162,0.05742716225138443,-0.37295585621591876,-0.36967896259519883,0.03469038259001235,-0.3439010716582028,-0.3404096443290965,-0.06873239663912377,-0.3715557738638405,-0.3031201230653785,thumbs_down
0.0,0.0,0.0,-0.05295551992508117,0.4525072953545908,-0.1712600794635183,-0.16463244324267806,0.8655119342948638,-0.3078689884152304,-0.21878194803333537,1.2041808565389973,-0.408054915144676,-0.33278632048788437,1.5086876325170127,-0.488479922233507,-0.4899911576623768,0.44791896973430656,-0.37465122161087266,0.06389548190666508,0.6015332065128992,-0.4892506411933962,0.06149627263658998,0.582176126747958,-0.5431596306583529,-0.08575638511165573,0.507496307244795,-0.5958660975310518,-0.4518467562978926,0.05750666860892815,-0.36647642936741753,0.17178640976708762,0.2898988336979472,-0.4349204121819334,0.11149622611491376,0.31940262337049247,-0.422306272245167,-0.08794593375182337,0.2685030744883801,-0.44888816005147864,-0.3415094995619106,-0.26632779141684537,-0.35839728127729653,0.19664481154481714,-0.0026533957657154956,-0.4322975198764196,0.1554250994150511,0.03907123103566275,-0.34813212392104365,-0.010153194256982707,-0.014103892188373048,-0.31225624516853373,-0.20962518213086132,-0.5119739666356847,-0.3739653125372308,0.19106697420936145,-0.28216603091900966,-0.46332934648002755,0.16978663641873312,-0.23206535388033858,-0.43837992064789616,0.03415177130711235,-0.2688869479715922,-0.4199981680838609,thumbs_down
0.0,0.0,0.0,0.07140616213779484,0.47253912711790713,-0.06945841288571054,0.20084438692853046,0.9971896722545128,-0.17634827856610807,0.2633134231199657,1.3942230305998953,-0.25926432480016887,0.21259317902878572,1.7034823573687818,-0.34207907321467057,0.12866108340409568,0.6632550741253402,-0.46020750613717626,0.6517821217946257,0.8111778669455932,-0.5981128349915176,0.5518504936690046,0.7820412589533955,-0.6168887278075782,0.3957450049307614,0.7441884445907426,-0.6133132889983882,0.18160827940715094,0.2837474515566707,-0.48824137445189153,0.7328261585148736,0.5090267823816058,-0.5961085576241405,0.6121598861558026,0.5227791292151114,-0.5428370021316029,0.45043849791792956,0.4593723203939953,-0.5259932265036871,0.2598786398818832,-0.04148002474535499,-0.5007587911794353,0.7528220642038502,0.21108266723689997,-0.599870384421319,0.627976488989209,0.21228100108601217,-0.48872347464790755,0.4636032399729077,0.1519001710541085,-0.4214800205891284,0.36352378155163456,-0.30733422945511646,-0.5130839356125294,0.7311273489162357,-0.08578286485684751,-0.5979372348987074,0.624712247405049,-0.06615116676777345,-0.5336781823584885,0.4878701198181101,-0.12298406970402857,-0.4892676181453809,thumbs_down
0.0,0.0,0.0,0.10741982223305051,0.5300256806896685,-0.016573424313762047,0.30783185971749066,1.0692598311794972,-0.10999023405558986,0.4035269973209896,1.5061371744349654,-0.20073228699124102,0.37640875676583807,1.8535829838013902,-0.29032122696262463,0.38003699977454686,0.8119202591705191,-0.31090809942362807,0.9070639476604649,0.9170617018292786,-0.4292452331997584,0.777943598514356,0.8461192341630236,-0.46062179759059024,0.5836819533369533,0.7896714786271815,-0.4614071731984533,0.4273315217211063,0.4301695673659405,-0.3549488775887396,0.9725841367085213,0.6220081232265056,-0.44880701174515497,0.8004891025045558,0.572027112841817,-0.417537895479408,0.5918149147666406,0.5014315833595855,-0.3933589003831311,0.47787493716200136,0.10482372032181161,-0.38440983535017004,0.9412474017342105,0.29575567192781005,-0.4341952935709362,0.7791980539481672,0.27802895671465216,-0.33276668863434195,0.5936705775535557,0.23049020854644467,-0.2669583354696214,0.5283297920664484,-0.17172983611551962,-0.41309292118321106,0.8811613602422274,0.02439158032729324,-0.4346822338658975,0.7543864958191614,0.030954189976663802,-0.3489764622876182,0.6015474438237205,-0.021308395465589797,-0.2882608249973746,thumbs_down
0.0,0.0,0.0,0.1341960214379363,0.527814413067141,-0.024874178584881407,0.35133777852794423,0.998909329902341,-0.10792792740531765,0.47777004373653836,1.396452186043614,-0.18721923237526583,0.4922503497018457,1.7045812938046119,-0.26428845243347604,0.5883401558336758,0.7375433444593651,-0.26545617494079904,1.0602141942999483,0.7853397105175187,-0.36656483454841493,0.8963929338769341,0.7400324379378449,-0.39974295427482803,0.7058050754832067,0.6983312790962529,-0.40290449976740206,0.633759595864418,0.3716112308146125,-0.2930776133898696,1.0865228139642247,0.4819272208026905,-0.34617444420331955,0.9101006341626834,0.46187670714283446,-0.3142923006905989,0.7283977410838737,0.42447142204962857,-0.2955846548240831,0.659153189766037,0.03738480638844655,-0.3084517100972741,1.0328071713803966,0.17545874982763449,-0.3267367208765045,0.8802585070771994,0.17558627630727236,-0.23580767924484738,0.7182021386643563,0.14656143571173053,-0.1829197079486876,0.6665985952213925,-0.2576444462780686,-0.3244212309633712,0.959950455798072,-0.09760243773337449,-0.32494305977683474,0.834232618130515,-0.07746907840426462,-0.23691598732820587,0.6989186455827603,-0.11568327233546567,-0.17354083932679645,thumbs_down
0.0,0.0,0.0,0.1635097777925105,0.5450882460158124,-0.03389296901004053,0.38131963063720076,0.9826521973901056,-0.11398251327077967,0.5545778049215173,1.3567633988403327,-0.19222243313080256,0.6141949177156684,1.6862122736017764,-0.2635156711517003,0.7669989951196856,0.673397593993142,-0.1643384101334863,1.1515950946664455,0.6994028679585651,-0.2401187786240772,0.9868420073239034,0.6745188942230078,-0.28077480332417076,0.8066653612248293,0.6408749476784467,-0.29240844757304596,0.8087202550381516,0.3064488829980043,-0.17878924402788987,1.157066249444416,0.38228039228790067,-0.19580343137591777,0.9944223920496827,0.3946354413405003,-0.17656561490602332,0.8295873065405512,0.3768467788392122,-0.17000608574331813,0.8063126703155237,-0.03421694578096824,-0.18707744952377198,1.0770844474094394,0.0729003218167584,-0.17037933793987858,0.9454843055416405,0.09774082664472622,-0.09921959392211796,0.8024824667990572,0.08347413358790617,-0.06516201355377546,0.7780598562417794,-0.32594172426274476,-0.19895898694984177,0.9955259095446255,-0.19763929179344072,-0.1627795342205809,0.8804538318580188,-0.16011969696538786,-0.07616578314365348,0.7608797584467444,-0.17119834082240468,-0.015013017538394575,thumbs_down
0.0,0.0,0.0,0.19596975892212148,0.5501855716501003,-0.0376102308211983,0.42762109933293085,0.959397708745531,-0.11809104815530319,0.6417450696871971,1.320223661562368,-0.19553551010050804,0.7165491698051915,1.656230195512398,-0.26296785528504774,0.8672648927343616,0.5876468062396346,-0.13416551035954802,1.205334136235633,0.6103685194849697,-0.18640557254127954,1.0226320051156572,0.6188355098884182,-0.22188843553558793,0.8613948166012633,0.6017512518387661,-0.23753089087379398,0.9002167807450595,0.20539605336836286,-0.13969691588285002,1.190324939291421,0.306659241173088,-0.1365971421787216,1.0330011348657593,0.3444632313916459,-0.12343194542956243,0.8823729021121658,0.32623027880148214,-0.1259335774305737,0.8775527080859867,-0.13589282859412732,-0.13847443367220136,1.0910359415661772,-0.002828505911582366,-0.09876082562690836,0.9663953788473842,0.04024548076523672,-0.039414514658054914,0.8291716702883093,0.028925281341807732,-0.01890235453897993,0.834496219444283,-0.41178331896119946,-0.14226729361097568,0.9987842418458421,-0.2656098800887298,-0.08503516906459088,0.8903612697904012,-0.2196837136881135,-0.0039080899282157066,0.7807875446020821,-0.21886851111097624,0.05087157111076323,thumbs_down
0.0,0.0,0.0,0.22864651146624368,0.5389814200907582,-0.034532476080898614,0.4763471183304029,0.9315150611078117,-0.11111928192171146,0.6904667187885838,1.2569878083686148,-0.18817510473680676,0.7904313319422792,1.55385860939348,-0.2550329374726623,0.8964757283203184,0.4955286658714483,-0.1298155929524394,1.2299042279535175,0.5071278642197633,-0.2009094072766926,1.043017253185251,0.5382061739970097,-0.2534591240446156,0.8662853702509935,0.5173019158767171,-0.2762915731169569,0.9071669618142704,0.10994906658119981,-0.14164430884492,1.1814524004177251,0.19067367273976962,-0.1445325218735324,1.0216885056956913,0.2465082446656219,-0.1334600017318675,0.8657776683254679,0.2299657991461624,-0.13802403598593355,0.8610282326777606,-0.22516369732360805,-0.14966350749982696,1.054492159360927,-0.11690732160199253,-0.11478308666584493,0.9344785867664553,-0.07076543249499197,-0.05396566918863507,0.7977603568339952,-0.08459872998031906,-0.03294456005017313,0.793651341872428,-0.4985917306005529,-0.16375351967117416,0.9433128109353002,-0.3792027788397672,-0.10688394220231978,0.837318974085114,-0.32608788818301676,-0.02319649339956133,0.7242162569540727,-0.32918676591101736,0.03273512006799156,thumbs_down
0.0,0.0,0.0,0.2662938383251528,0.5412875527067579,-0.044814316266147895,0.5315321769816919,0.9188615230177012,-0.13654399528226674,0.7778983767251442,1.2376614552842569,-0.2246643428325463,0.8782982424813112,1.5524291294433914,-0.2938902400119905,0.90873154520172,0.4031076294746337,-0.1591753014152224,1.3080140048449522,0.49120363263251793,-0.24113238405570472,1.0895965906255778,0.5390052447432943,-0.28713473041621695,0.8866132162446377,0.49353473102750456,-0.301609123454634,0.9235714260073857,-0.001944027638237661,-0.16387431126342455,1.2648561575833517,0.16042185461573122,-0.17170875009961603,1.0833774369541158,0.23726353156898247,-0.15237147573934348,0.918392050643269,0.20048747275058693,-0.14967492345935215,0.8840414183874712,-0.33311070794815006,-0.16395576417827262,1.1357805288734146,-0.13153791915412982,-0.12483979758142107,0.9969934358267822,-0.05822541674770712,-0.04996781406632319,0.8519633360088323,-0.09172384279957035,-0.019829568515853265,0.8261217550106413,-0.5934049495436944,-0.17093550646558717,1.020431274898608,-0.3875142075598908,-0.10891342332433898,0.9139174259567063,-0.3077114935291007,-0.01715752262773692,0.8025592292804791,-0.32586478675108244,0.04438956850974901,thumbs_down
0.0,0.0,0.0,0.2748979446420718,0.5271387216378428,-0.0688786056756458,0.5631970407865926,0.9062912937162898,-0.18338322528086967,0.8071257547099357,1.2651161862262752,-0.28815484767100447,0.8962713981732057,1.6135094223758726,-0.3689554886301697,0.9246955111938914,0.33971643786852695,-0.22074835096848547,1.4036192203609665,0.4713479983083217,-0.32522038223819594,1.1848744403249285,0.5646938315013047,-0.3676252947363863,0.9647464192146049,0.535355586526883,-0.3730809105095263,0.944955519764523,-0.07570320118248398,-0.2161254504798174,1.3827249395564378,0.16659452699655217,-0.2504267072238436,1.183900666135817,0.28161801881639986,-0.21947570251274015,0.9960471231260936,0.23670512164651805,-0.20117688046369725,0.9220425786857465,-0.40840020673374045,-0.20728022740065236,1.2716458640338275,-0.11491911790794054,-0.18760176646762142,1.111696858417384,-0.020482519987224806,-0.09866079372223191,0.9462986170265366,-0.0747431905861514,-0.052912394498767334,0.880055591947459,-0.659190071657396,-0.20685364563122835,1.1448992320644993,-0.3735886396975516,-0.160776990096389,1.0242877215763933,-0.2779029957321451,-0.06760667855402724,0.8992179539939683,-0.3179298174654955,-0.0022159702302574553,thumbs_down
0.0,0.0,0.0,0.28838286652584283,0.5092003553707154,-0.06355122500391273,0.5882541469793985,0.8724929825272734,-0.17886992534800497,0.8355093752810341,1.2037911529097,-0.2811360397381785,0.9193642612813597,1.5378671155168335,-0.35876461265571347,0.8994801629420228,0.28268567358210284,-0.2629311172235024,1.3876510904712893,0.390342115308811,-0.3645459210450834,1.1815336962054526,0.4962686676688279,-0.3892794022726281,0.9691039616965218,0.47264837081518307,-0.381485235342779,0.9049768382577967,-0.13628967927950789,-0.2586885975377304,1.371900827298329,0.07357184357631918,-0.2877694595410958,1.1900755205832214,0.20099003390326628,-0.23916319351452228,1.0056650091956911,0.17097356457788626,-0.20962686549021778,0.8766687338079705,-0.46700328979735517,-0.2457078778946823,1.245755980552365,-0.20166069173239615,-0.2162139970165521,1.0941034789403739,-0.09285438903175748,-0.11616058615447587,0.9300449403574347,-0.13108641676397834,-0.06600089264620347,0.8310288825205465,-0.7147110988468579,-0.2402573315459353,1.1081272513505067,-0.45448056742708226,-0.18322913043310196,0.992463698920606,-0.3495792605659886,-0.08482282992225244,0.8673191745785638,-0.3805711292002889,-0.018752072370446578,thumbs_down
0.0,0.0,0.0,0.28842840762039557,0.4650123844300252,-0.060726136461773286,0.5838304150022247,0.798243826337919,-0.1797912435756548,0.7839906778743082,1.1451170546404421,-0.29241173182433594,0.8298519418605258,1.4851436707453778,-0.3872970940412407,0.8327989106417694,0.26111536514332484,-0.26804964323401975,1.3219817972030483,0.2752093772927484,-0.3800773888982917,1.1200983613126958,0.3830019939355574,-0.4192894875952653,0.9245364413643635,0.38980681275770157,-0.423641825602346,0.8137293435645953,-0.14656400955386023,-0.2747057740858375,1.2895683554844035,-0.04115575856133016,-0.3092093199242977,1.1166070070256808,0.0789069644615655,-0.2676159030106713,0.9319156511925973,0.06902872510683718,-0.24551432366111767,0.7626310481478551,-0.4769888655569989,-0.27364138254330295,1.1636170530240777,-0.3152388579671379,-0.25301569874064667,1.021647099893923,-0.20927443359371128,-0.15564023162429513,0.8561389033892182,-0.23037794494244906,-0.10684919508943824,0.701887056003852,-0.7302058185540854,-0.2800661763457931,1.026172572316902,-0.5566202485262446,-0.23178211890615488,0.9197323464384309,-0.457157373096747,-0.13127044910128016,0.7872569909089374,-0.48310141462180367,-0.06555305783765496,thumbs_down
0.0,0.0,0.0,0.3075433486089438,0.46001815464867823,-0.05614511618790021,0.6144822696537826,0.7974456745060524,-0.17687917003217746,0.8373760681094479,1.1614786111763964,-0.29077373579482624,0.899740267934254,1.516955186417332,-0.38841884308859803,0.8158976815990172,0.26017107317241067,-0.2730999457593845,1.3104647037320865,0.2679724303463054,-0.38058743022387853,1.1224325905352175,0.3509730596887363,-0.4147116078145432,0.9299807333257356,0.36329595920183005,-0.41583563100393134,0.781519538391505,-0.1459162367695783,-0.27952435795754077,1.275351703854531,-0.05675574826945343,-0.3115390369570127,1.115233540126957,0.049061491418321126,-0.26505012378967513,0.9306837780187208,0.052104837223551234,-0.24049261956856202,0.7300117059374117,-0.47596761954640165,-0.27716667623908026,1.1493359795332987,-0.33412013464256135,-0.25470763582961786,1.0170384501423164,-0.2395028316777277,-0.15688840766766682,0.8482027443015732,-0.25277054690944867,-0.10885534610454786,0.6783310284079692,-0.7302863493393472,-0.28143721876554284,1.011126724405676,-0.580012932112037,-0.22907883014359526,0.9044876753105658,-0.4889840201593632,-0.12839372392967968,0.7672826182587456,-0.5082726822489575,-0.06441758057517154,thumbs_down
0.0,0.0,0.0,0.31057447029709345,0.4685661642198179,-0.05076875772761498,0.6321914847875568,0.8043228926226976,-0.16977042571293988,0.872535882790131,1.159163995013063,-0.28211985647830035,0.9563184574897594,1.518461121188121,-0.3788068412797904,0.7870001531571338,0.2687690387813801,-0.2824904409967882,1.2984857548388382,0.3015882263278681,-0.3934729521503593,1.10934641226317,0.3798940467707158,-0.42422848607950436,0.9140349891693609,0.3876581700397151,-0.4219368441496165,0.7591489445542362,-0.13381214716335085,-0.29267479120647,1.2679730153788134,-0.009245931368666308,-0.33142912764250193,1.1030556175052846,0.08912577543669684,-0.2809200940682047,0.9153599248807942,0.08205061873764288,-0.25215706470869864,0.7165411319716788,-0.4678814374441491,-0.2934280171584198,1.1556333063292354,-0.29822712941510404,-0.2748863368383373,1.0185247191158386,-0.2096217887258582,-0.17034558030527308,0.8475465353239293,-0.22948946470594317,-0.11754446591613356,0.6760945545216114,-0.7249099558993762,-0.29986869526866117,1.017321677489857,-0.5601838787425785,-0.25026399656420273,0.9108816421761496,-0.47338363046658943,-0.14761286334278467,0.7748330035318993,-0.4995844991473257,-0.08257383948057193,thumbs_down
0.0,0.0,0.0,0.2809338357574832,0.46473636640004706,-0.056679632808579315,0.5820824592277548,0.7972559202110934,-0.17860834939349185,0.8030767861741311,1.1358931751897603,-0.2927395786220887,0.8787594206526829,1.4753030291155467,-0.39159766048352795,0.756995964902421,0.3001852018916345,-0.292677457839945,1.2745276269579808,0.3233662731122396,-0.4141324751802184,1.0818050432773538,0.3932900977680844,-0.4518813223062199,0.8763723277879545,0.4019903686424756,-0.4514030698538885,0.7272110860816033,-0.09904780558213841,-0.30188338929531366,1.2379610462680022,0.007453976722745771,-0.34994544980980685,1.069730986906973,0.10027444862267906,-0.30436618436395857,0.8798050666172584,0.09158141763132646,-0.27775961419708817,0.6875158416499422,-0.43377035237493144,-0.3026506229719672,1.129099062092533,-0.27775190716201664,-0.2940907217941682,0.986789852547718,-0.19099432017241164,-0.18743329816440724,0.8171945580994093,-0.21031549946443517,-0.13159743747789263,0.6504952168665423,-0.6939857114139405,-0.30946393468760935,0.9962834077493391,-0.5317145929281855,-0.2696596071967727,0.8800677709446592,-0.44725825447585105,-0.1660930318481801,0.7421676501703541,-0.47542657084104895,-0.09938854723698572,thumbs_down
0.0,0.0,0.0,0.2889995530808386,0.4850380989701991,-0.05759326877691604,0.6008287785309595,0.8293766863453884,-0.1808460474347689,0.8404573904428007,1.1706781820638974,-0.2914372839348485,0.9326612049198735,1.5133734116248556,-0.38596536411480614,0.7457063713536696,0.322534973539919,-0.3326427259581424,1.2676420136528872,0.35738248000067824,-0.44622959638365134,1.077982920392379,0.43584137453150784,-0.46849472203862635,0.8790024519855799,0.44069864098243144,-0.45850043477152813,0.7223738106912349,-0.08292404332607908,-0.33738356622847715,1.2396310837193059,0.044828304932507286,-0.3786814146257002,1.0768013669259444,0.14498992361001195,-0.31897984389012546,0.8909282372374623,0.1325877726119791,-0.28509049694292865,0.6900142231492357,-0.4179734986513328,-0.32976681728011664,1.1410889005587366,-0.24158191949103486,-0.3143973588268899,1.0006546144337451,-0.14687666479673048,-0.2004941680246385,0.8309196745209656,-0.16622460280959592,-0.14310205782018462,0.6583785451254041,-0.673631089851222,-0.3274441767332982,1.002363498540569,-0.4990617656849322,-0.2849859018985023,0.8870153814797803,-0.4141594523824812,-0.18118544502765263,0.7478063330162852,-0.44422145928420415,-0.1160452488873411,thumbs_down
0.0,0.0,0.0,0.24975368037222417,0.4765264283910158,-0.0525550137080062,0.5362467535184223,0.8492646887718863,-0.17563948851971053,0.7111591404825045,1.2245346870680787,-0.29406009817097906,0.7588464122616804,1.5752382710161539,-0.40083520101039627,0.635734490365842,0.3827323335511749,-0.3123085555181344,1.153238833396622,0.44535635570313253,-0.4483930861339346,0.9714318647299397,0.47718981419069656,-0.4900104155956029,0.7631971761861421,0.4732759386381035,-0.4889140736710641,0.6147276089276961,-0.0076475598181710664,-0.3304303630535715,1.1552813368678698,0.11988156524762066,-0.4024575517530526,0.9899513010830914,0.17964165325679868,-0.36233781070088744,0.7855892152272632,0.16464249025946434,-0.3332263479680075,0.5977282219789722,-0.34613437583767914,-0.3394769534421713,1.0639636139054411,-0.19084874598494117,-0.3481071031433578,0.9192851102609523,-0.12523395113062916,-0.243402139607179,0.7414161768724963,-0.14457481815531267,-0.18377135960869842,0.5874965781732738,-0.6152334531831432,-0.3539905940366096,0.943547514728184,-0.46567569161596434,-0.32117375921662805,0.8252031120239813,-0.39427665578294874,-0.21793692369534878,0.6792451495761629,-0.4164723970532994,-0.1523591391499008,thumbs_down
0.0,0.0,0.0,0.21869382642020907,0.46187701105134776,-0.04317370021840776,0.484526894442153,0.8398174314845139,-0.1637068307230009,0.6354129085295984,1.1983638585900298,-0.27971476973606485,0.6597884038381083,1.5264853329076196,-0.3875875693950969,0.5696816218008758,0.42618786218000265,-0.33579390558849936,1.1120852258582856,0.4787925230978807,-0.4801064535860664,0.9392207268736129,0.48187761880740615,-0.5204535522037015,0.729364526676984,0.4708574566913251,-0.5166677947438879,0.5520515218839851,0.039329817018538896,-0.36128349050258085,1.1223966895644788,0.1301619842703242,-0.4420607843441698,0.9516523963489996,0.16755809510121905,-0.39616047664026083,0.7461190601373375,0.1602620351556565,-0.3624202483961072,0.5408782337956844,-0.2985720879862006,-0.3762728422326969,1.028166303621514,-0.1864720974005658,-0.39817056176837495,0.8741480781407832,-0.13466055049264533,-0.28512074231058915,0.6968527417291942,-0.1410093888792858,-0.21714799441039268,0.5343291537530647,-0.5714445336348903,-0.3947837845811293,0.9151082941327622,-0.45194149123848837,-0.3723316582301676,0.797264116435405,-0.3941217130744414,-0.2641762871656696,0.6518121112082629,-0.4135039274811517,-0.19497084758225994,thumbs_down
0.0,0.0,0.0,0.23398833010798994,0.45822782982828136,-0.028344098945534656,0.5144435123889939,0.8273578137589752,-0.13757760515482767,0.6724970883173338,1.1762453474972205,-0.24266015926713622,0.7002501416338032,1.5065633129719904,-0.34140359189314884,0.6074447494541844,0.4621862119243454,-0.3289923443495323,1.1302936734961049,0.48159704491796185,-0.4518554041841177,0.9498491421528125,0.47186075632096497,-0.47998266112123317,0.749047354994495,0.4633921533379647,-0.47399296115953343,0.5816366384496002,0.07893803067612758,-0.35941803517540016,1.1224068166510346,0.15061822354852866,-0.42478012009063765,0.9511206867793326,0.18497790630537014,-0.37556525906987404,0.7533540129708124,0.17837706538378348,-0.34404080487352223,0.5610999385522287,-0.2559055917356728,-0.37606626743016214,1.0262826737011355,-0.16050404888081435,-0.3860916201840036,0.8806252107516711,-0.1055903006702453,-0.27641477599396186,0.7091075401285543,-0.10827424388039644,-0.2144570335408364,0.5462745771897584,-0.5338220261527253,-0.39399849565654,0.9272941787056077,-0.43259819815291284,-0.3693532739571089,0.8127596517588307,-0.37075173394372907,-0.26394142246754393,0.6672816328917129,-0.3819013858774878,-0.1970895929012595,thumbs_down
0.0,0.0,0.0,0.21839360903307334,0.45777772298882335,-0.02782334550144464,0.49021492947651724,0.8289601227070612,-0.13179077453627652,0.6477902780009469,1.1644391545448247,-0.2354668917346867,0.6924151630828866,1.4752621997614963,-0.3311757038819497,0.6193131180099285,0.45644185000487025,-0.2833268539347128,1.129555090059185,0.4808248956709675,-0.41527527524231705,0.952300122043814,0.4730047528864878,-0.45711404825196894,0.7484507099910679,0.4626070479847691,-0.45667508423368075,0.5982630273858093,0.07814856956125883,-0.3145973639788899,1.1302643521182911,0.1518599264844517,-0.38992348139792865,0.9559089012198888,0.16909172691774657,-0.354224047855604,0.7498711562286814,0.1563278930329396,-0.32498584871410513,0.5804286425201846,-0.2584818117979262,-0.3359481161237455,1.0256635753553587,-0.15676613625645228,-0.35240259945787944,0.8767502579132094,-0.12321073680701058,-0.24941870052544599,0.7039373078344077,-0.13181126006844704,-0.18684592041729575,0.5662712720693833,-0.5392054282488219,-0.35996274556020796,0.9156491492984636,-0.42965327190795666,-0.3336049024078955,0.7959453193392552,-0.3795416969948021,-0.22984931758548482,0.656101522292477,-0.3922930371035002,-0.161717888301031,thumbs_down
0.0,0.0,0.0,0.17770936329122083,0.46729481056771693,-0.02443151411756918,0.4291185319233126,0.8676944997993322,-0.1239738767032685,0.5599928785493544,1.225404618476517,-0.22188789040562676,0.5847395425470913,1.5367680195721987,-0.315734347260465,0.5420342204093165,0.5456320673579166,-0.30102213677588874,1.0378532952862414,0.5876813823775845,-0.4275239423129284,0.8727396392881624,0.574444492985954,-0.46457018962795615,0.669083711973854,0.5455208797107798,-0.46129684266932,0.5356909651401647,0.1703098253742699,-0.333201926625649,1.0609154664298563,0.27122373391558735,-0.40415438365316664,0.8961946734516606,0.2897874381687945,-0.3694542825580737,0.6973642900230872,0.2568490242682574,-0.34481944322003544,0.5341232193155364,-0.164981157385241,-0.3531198906299585,0.9883405094525188,-0.042065993166738404,-0.37231687223486565,0.8385957659799177,-0.007563539696477657,-0.2702023397902863,0.6665124976338166,-0.030932403433444822,-0.20955686183187994,0.5342640570019097,-0.4516599742528371,-0.3741535821361223,0.8943971398229497,-0.31235853053755547,-0.35791118061294286,0.7743311590623264,-0.2668948281870631,-0.25691570550860865,0.6324242181491402,-0.2972916777867992,-0.1910416429211547,thumbs_down
0.0,0.0,0.0,0.16558134410114492,0.4794991003493233,-0.0065260214209430225,0.40938672954335764,0.9068709617379905,-0.0977872344786077,0.5184328182367414,1.2729969232230292,-0.1851124189566455,0.5236615584125807,1.5852816383484267,-0.2713328479074418,0.49763731597368516,0.6426226976509432,-0.32826790195637684,0.9948720127596893,0.6985566789091896,-0.4419353454919864,0.8431757213695247,0.6480938942167266,-0.45612172658814243,0.6474859834871951,0.6071833603616618,-0.44090957909315215,0.49406329641534785,0.2738854631486594,-0.3684893928912058,1.040935187339735,0.38782138399836197,-0.45151582944687224,0.8690663473307503,0.37134142850084445,-0.4041766617489452,0.6645676555728952,0.32994155747921344,-0.3672099155688158,0.5045030792203152,-0.05970090407573632,-0.3907338817912458,0.9793866593873441,0.06606494187310241,-0.42400278089089266,0.8155949796973745,0.08056808140297314,-0.3101741790705438,0.6354428029501884,0.05320590443270696,-0.23689903544794355,0.5138872033639564,-0.3538651011234834,-0.41041416208732584,0.8902476561121118,-0.21653390839884176,-0.41025593495876056,0.7590247716348586,-0.18544285833651486,-0.3068903716258543,0.6075957132000339,-0.2187770724444929,-0.23622340394982477,thumbs_down
0.0,0.0,0.0,0.1568235501058248,0.4720686343708394,-0.0009695148921182163,0.39517587448698677,0.9029220017275936,-0.09599885408207544,0.5132501503001256,1.2724435901176663,-0.1841754359258838,0.5076033341895344,1.5872763053594323,-0.2737815506456202,0.4539633409072871,0.6524500089601061,-0.3685445092973863,0.9675008081344191,0.702637006643693,-0.4806427336583135,0.825362008859639,0.6694103617777867,-0.4902935426445631,0.6390612132440974,0.6419793839605592,-0.4739473622113246,0.4565240962898526,0.28072767675865673,-0.41007878896875366,1.0187721675937256,0.40504503784716794,-0.4952315859743766,0.8529677999878763,0.40418308706614897,-0.4405601292512388,0.6509554416922148,0.3612248794165495,-0.4013620845249362,0.4775259251590981,-0.05137174730127263,-0.42968389626305864,0.9738962059976021,0.08272044719246886,-0.46359627230377404,0.8135482637675807,0.11399558702705202,-0.3463536037483013,0.6306831555020846,0.088749775597448,-0.2733090084142966,0.5000612648556183,-0.3435384455694764,-0.4452385758959682,0.8888027979200388,-0.19555378532503445,-0.45144607108512635,0.7637368550789357,-0.15078080780816916,-0.3539943571434604,0.611787740489265,-0.18170372478344035,-0.28876757317911694,thumbs_down
0.0,0.0,0.0,0.15276885336496993,0.48323320354663885,-0.004528946153823515,0.3936938841255323,0.9201891741526155,-0.09802130854606633,0.511040891434981,1.288368858844791,-0.18431877467548313,0.493703047113916,1.6081678000080926,-0.27248761815764005,0.4485570850903305,0.6716895281292704,-0.36820634915563893,0.9604537365541489,0.7181833874157558,-0.4759029267652021,0.8158333003798863,0.6816835674012572,-0.48297868894738744,0.6290893554832859,0.6532676924507328,-0.46707352273587643,0.455640422747407,0.29988736954305106,-0.4073496606831253,1.0024689321035751,0.4189974746115609,-0.48571048041061343,0.8346187588531986,0.41647962315554427,-0.4283705558339771,0.6374879245257177,0.37604786303868304,-0.3915585026823873,0.47724202371642105,-0.03043858047323085,-0.4250501069902918,0.9584585391388486,0.09582105363580153,-0.4569199686769974,0.7994083813733619,0.12529341183639234,-0.3411527165162126,0.6179924130299849,0.103586076579536,-0.27159330916969354,0.5007898232844182,-0.32443233800452015,-0.43900867165202756,0.8856712273138924,-0.1835736355180448,-0.4483094206545445,0.7606400021262146,-0.1394927530280901,-0.3543339622366363,0.6045925262097774,-0.16611286434200861,-0.2920360505240663,thumbs_down
0.0,0.0,0.0,0.15017965554597557,0.46640188255618836,-0.007985511208816628,0.3984443273334293,0.8978573734481754,-0.10005678035991575,0.513577214548625,1.2660934280397926,-0.18634549140254547,0.503201839953224,1.584904182138126,-0.2752755362727443,0.4507814018072051,0.6895102902697064,-0.3536142877249035,0.9482439081214056,0.6988759436513056,-0.46034831154440875,0.8075200748270064,0.6474431098264526,-0.47168476082293403,0.6224314562043671,0.6262338604383134,-0.4610299477955752,0.44516371107767916,0.3249311788104683,-0.3943013421683109,0.9751431534649958,0.400875484223948,-0.4762058045707261,0.8089117377636365,0.3796832478301441,-0.42520741350590796,0.6121198803377237,0.34741129887545663,-0.39254070991703344,0.4570821642592946,-0.006332236491609838,-0.4155439795578332,0.9225993711100459,0.08312549032242253,-0.45357597015558687,0.7663809532247449,0.09697747031024824,-0.34389598687009726,0.5854094792312555,0.08275886029449617,-0.27740798219865964,0.4742304118995905,-0.307004586679331,-0.43366579579896836,0.8504931972186165,-0.18988798432463586,-0.4503223944857769,0.7270656246152307,-0.15672625576621055,-0.3629114372214993,0.5708990963626525,-0.17711718012682037,-0.30427402562049244,thumbs_down
0.0,0.0,0.0,0.15717876335639552,0.4582416977612817,-0.009892875078953754,0.40897038627288,0.9145920970153538,-0.10832428066068345,0.5230327575602903,1.291703900519389,-0.201387819640896,0.5190811294209491,1.6235809567122599,-0.2997034253023019,0.39391147903917445,0.7065484202714181,-0.3592039843373748,0.8797590710184074,0.7210522999307536,-0.4651329941642285,0.755425325801669,0.65405878980254,-0.4792264372394488,0.5728464823600082,0.6351045981378005,-0.47404539148722014,0.38669527962149264,0.34807713375751614,-0.4096617461051368,0.9202525373230587,0.42946435898106144,-0.4906332525219131,0.7628660591017096,0.3954546238860974,-0.4445400520505036,0.5587664419392827,0.3545902982476624,-0.4193685266439457,0.3969431069264536,0.01579389829431085,-0.44071041434677916,0.8778240430659443,0.10536189358372357,-0.4797885603367867,0.7228309110213487,0.1063802850876057,-0.37057371894240376,0.5394598918599052,0.08348035193961685,-0.3090642859565732,0.4189272445767318,-0.2870863309412024,-0.4690411030960338,0.7903088088508308,-0.16576907649607847,-0.4920013219095343,0.6741095814020955,-0.1377115916607988,-0.4071372904317671,0.5278236546681487,-0.16940955281342426,-0.35261983833783583,thumbs_down
0.0,0.0,0.0,0.16626994560041292,0.41463991015557244,-0.04475821320698097,0.4319889595258642,0.8841392680678637,-0.1377780865485799,0.5763680370694773,1.2593630342672884,-0.2188468948558402,0.6071193509539359,1.593439413983064,-0.3053680076300778,0.32240061814030907,0.6883675365396258,-0.36414693374835216,0.8228352721568805,0.667732228643388,-0.495579016597515,0.7322419100706998,0.6053454521272255,-0.5330829519083045,0.559966474587681,0.5912438828290532,-0.5433732455028901,0.3074743603907587,0.332329625806744,-0.4038269327674115,0.8596024168449653,0.36941130684253315,-0.5140858721093478,0.7283158070566157,0.3346770148783782,-0.49314270637689805,0.5295107386957227,0.30786731538953443,-0.48563212775514897,0.30882557407075956,0.0024275312095423753,-0.4299506037067889,0.8165712592487642,0.05317560111722803,-0.5222478210374556,0.6748790976836222,0.039956457079464436,-0.434777767182704,0.4859237565946743,0.028003214123283292,-0.3779350438780932,0.33628158112337925,-0.30741662358172805,-0.45481790660114957,0.7107844989533392,-0.22752008254774816,-0.5297780043219726,0.5999798067327577,-0.20644528550814278,-0.4691302798830401,0.4421622714514064,-0.22415066578192966,-0.42458369262667545,thumbs_down
0.0,0.0,0.0,0.18826951780962117,0.4043978273086169,-0.034787137748985654,0.44907527227764077,0.8273800357739859,-0.15362353959384073,0.5381545715065075,1.1946404275163787,-0.2599626462584176,0.5138340089221018,1.5349555832535946,-0.3722955994928676,0.32977963195935495,0.5991850018902052,-0.4608795445303666,0.8436572443269954,0.5002686806809409,-0.5754892961237301,0.7106608087522831,0.47917731307292943,-0.5771113019643246,0.5284119531023733,0.5073476788974149,-0.5674564196192959,0.2745874065991828,0.23503357814815828,-0.5070888780247516,0.8332652309184316,0.18696988113191662,-0.610373692975515,0.6822982490998895,0.20642633119944118,-0.5562442486835439,0.47822692729395655,0.21086541595592642,-0.5323081266717572,0.2557003413301966,-0.09562616607600051,-0.5308803784143816,0.7722280271839708,-0.11615111222643261,-0.5956200120930181,0.6252065221850398,-0.0686927834346592,-0.48370367284731275,0.43471661532833056,-0.04735926853686043,-0.4223167948796974,0.2633961378005519,-0.3943495614512896,-0.5529789644476141,0.6524455522795741,-0.36394822321914844,-0.6065631540031411,0.5409020119098633,-0.29596579494578834,-0.5332579832827017,0.3825533477626131,-0.28205163914031844,-0.48800416849716494,thumbs_down
0.0,0.0,0.0,0.17177104020741896,0.4213561522579784,-0.03800918565915591,0.4068464389097666,0.8570466996079816,-0.16034114916098324,0.4857749731629888,1.2214269717836832,-0.2713367142725819,0.45295939558441967,1.550133383063321,-0.38769739834071404,0.3184273146863066,0.6194691859872374,-0.45392315153389173,0.8406744425526573,0.5498533702695779,-0.5826487194465261,0.7083525631657945,0.536061100076539,-0.5970867842234139,0.5187526775755561,0.5491852885651761,-0.5907571887951734,0.2756598728906388,0.24998851425168866,-0.4993786115566252,0.8473076002648963,0.23447455069813403,-0.6116783056656838,0.6906573341238553,0.25447444885538534,-0.5638582832156034,0.47985117354071016,0.2449349229641245,-0.5398064376064241,0.26699736381006084,-0.07969916862689842,-0.5240342838782542,0.7870721623127356,-0.07256899216896433,-0.5925919134950086,0.6348108099928413,-0.030950480692968435,-0.4800108910312859,0.4398220156735937,-0.024022856395095004,-0.4143531668605053,0.2811462279319461,-0.37537510980521355,-0.5482361819148315,0.6860743787376087,-0.3307234222852839,-0.59663237164374,0.5715209195093456,-0.2694633086998751,-0.5172978820109003,0.4076251583486553,-0.26905650226076167,-0.4664663855340355,thumbs_down
0.0,0.0,0.0,0.17205479062658036,0.42383628940573287,-0.024454641959956315,0.420088316461338,0.8463060764919691,-0.14385682593837587,0.5053801182341047,1.2124356449956812,-0.25505509058443643,0.47628378574394054,1.5438615688432245,-0.3731692807660672,0.3678432968224252,0.6131795745416821,-0.4451572594663467,0.9038904497714371,0.587650278371011,-0.5705546334519496,0.7630321488883456,0.5518032865660575,-0.5852007531853342,0.568760494731261,0.5458565028276177,-0.5789799797006144,0.3305152095022039,0.24210957457517446,-0.49402759565009663,0.9090704068614834,0.26454657766597595,-0.5946656772743948,0.744461158349613,0.26843326868946216,-0.541814304541317,0.5291879316592814,0.25570825434100986,-0.5159328281543191,0.3199312785484232,-0.08789987398028008,-0.5208194632813178,0.8511293299500662,-0.06339071573286492,-0.5745356161510915,0.6924298162486795,-0.03316826815343085,-0.4583834574957399,0.4890872059631836,-0.02742826912916453,-0.39405599085261317,0.32637563800534297,-0.3808647025945262,-0.5459362670273615,0.741263749706705,-0.3372736232437748,-0.5852847594754672,0.6249447631751791,-0.2854852531819952,-0.5024277938619076,0.45500305384655926,-0.2863727042469898,-0.45057655370799315,thumbs_down
0.0,0.0,0.0,0.1957826371414788,0.44786377860382937,-0.010923130130109896,0.4500876734285023,0.8502848378711444,-0.12401517068873284,0.565420238601734,1.205211292117618,-0.2276684543896305,0.5446787303331414,1.5232291251886896,-0.33215850907831085,0.45278481167483703,0.5410333589577941,-0.4359226409918758,0.9865283010247811,0.5535987576314761,-0.5577063947852027,0.8326045684149992,0.5522095873660444,-0.5559281848111653,0.6324889599082124,0.5477198868601676,-0.5287827194932165,0.4131327756823474,0.15903336453517883,-0.4745561831420931,0.9989592357004263,0.229967489213792,-0.5653819206731363,0.8403790323014882,0.2661042521147492,-0.4909836017593877,0.6365796341342009,0.25766358023798713,-0.4427955576058136,0.40811045804138996,-0.17371264203513997,-0.4898913000610501,0.9410270811176924,-0.0945281906198427,-0.5230930478620028,0.7904859038870949,-0.02567214591088854,-0.3916045569246555,0.5979037718417444,-0.017131935749865452,-0.3134206180661788,0.4164611962051794,-0.45609576934078117,-0.5023613078789819,0.837205158062114,-0.3676114734898375,-0.5052480818368337,0.7233420922959984,-0.2930293580073439,-0.40382855674617923,0.5579766958532704,-0.2939950539932443,-0.3404449348144679,thumbs_down
0.0,0.0,0.0,0.19579846166547726,0.44960792924298,-0.010112250245795677,0.44589209222282683,0.8478551241042666,-0.12415673181535927,0.5450238558672768,1.2085150124030908,-0.23166286262941518,0.5090916459597994,1.5370556537733673,-0.3392221984723596,0.44939038467468007,0.5337822952358756,-0.4217557785072507,0.9810657937278692,0.5482755978083901,-0.5483942674095714,0.8108589234900132,0.5601618814331165,-0.5532633653191993,0.60636702928809,0.5514486721177344,-0.530892916760837,0.4134397164401954,0.15860449326186035,-0.4661303382619278,1.0048304502657475,0.22550450207981335,-0.5617155760881186,0.8301171113342605,0.2676281622462993,-0.49508645420609665,0.6183051720220274,0.2535391849320392,-0.45018088793697847,0.40962235862150226,-0.1742896763782726,-0.48853913179722774,0.9363518150046969,-0.09795218865189043,-0.524758819160744,0.7753117015458302,-0.028563821559767437,-0.39593928115472543,0.5835428684596295,-0.02611325890756472,-0.3173987426580787,0.417780060190761,-0.46191875438887353,-0.508820163660964,0.8438131899736516,-0.37015625806008623,-0.5101704781783407,0.7181629631954298,-0.3014095375734539,-0.40376066761107204,0.5492806976623333,-0.3111485024896684,-0.3362290104480906,thumbs_down
0.0,0.0,0.0,0.17271255774957783,0.44635970776971806,-0.010655281644063394,0.40863011359362733,0.8669774267910495,-0.13162528114570443,0.48167958416869905,1.222115464740312,-0.2458059432809613,0.4465208783368783,1.5368057886781326,-0.3608079491393023,0.36403465325650936,0.5586337384303237,-0.45978448236741526,0.9161510024277739,0.5914114758294472,-0.5906164326442707,0.7515008934013565,0.5869466155229803,-0.5914974258120589,0.5441161906943309,0.5633965464879733,-0.5677921212071282,0.3362802103992567,0.18258098801718814,-0.5104549840961566,0.9473039662714708,0.2707639392524813,-0.614921444217682,0.7726839330797449,0.2911088919816363,-0.5459615134357543,0.5560280023958569,0.2617531977598401,-0.5023118956399002,0.3494256303337499,-0.14864892088029527,-0.536572347807382,0.8949836442099741,-0.061363297667570066,-0.5762645747852605,0.7292288634043177,-0.012566077084971188,-0.43911158020379865,0.5314028821182782,-0.022665808896262855,-0.35877521258575146,0.3798180433389014,-0.4361275547356785,-0.5607837606629055,0.816064951413504,-0.337644497470462,-0.5649981531960827,0.686455937264493,-0.27868046327294255,-0.45251062598350555,0.5109655830101016,-0.29433927286288103,-0.38343458160885174,thumbs_down
0.0,0.0,0.0,0.11154221462948945,0.4314579698156348,-0.08387224831858762,0.22172029959897857,0.8953798692388157,-0.23958811448215725,0.20914438742189975,1.2276249665894674,-0.3713066777726863,0.10706229837716884,1.5302235964557567,-0.5101701436566277,0.023991767144835977,0.5674779385601331,-0.5749546261963205,0.5532660806341088,0.6156230477385898,-0.7220560971846162,0.4459475345817579,0.608433806723548,-0.7292649039088467,0.2709989576065657,0.5909290189026556,-0.7179123745159909,0.020014668580269963,0.18202841832595262,-0.6148779298360955,0.6308497979347932,0.3040233501095839,-0.7550724950967831,0.4891267405377211,0.3168904337008269,-0.7003555166625799,0.2884894393175137,0.25715316778794434,-0.6758944354771755,0.0660790802976836,-0.14721323747223686,-0.6331974295799292,0.6233441394292146,0.011364100511193288,-0.7393621247500667,0.47729558761363444,0.030022634022314258,-0.6224787870879959,0.28948076858307836,-0.021941364975440063,-0.5535949203013071,0.15203271345176914,-0.4212122704877484,-0.6530391099410543,0.5531676209362556,-0.2715375405691815,-0.7392841248932738,0.4431839307548356,-0.22467409053457457,-0.6672492321993281,0.29570308487304897,-0.27148957302407356,-0.6218788771981916,thumbs_down
0.0,0.0,0.0,0.0325005100583932,0.5518479345505732,-0.17852946523677538,0.03003862323707228,1.0231023270498107,-0.30866089075172753,-0.023239902677530382,1.3902572640447863,-0.3990814929681453,-0.1568652671017716,1.712437501813874,-0.4761594022878843,-0.2565639604717899,0.6200084761996371,-0.40371565810531634,0.2729592342785408,0.818976813301939,-0.5372071054113797,0.26523505365040545,0.7544606192757928,-0.5792707564764433,0.11591076298145654,0.7078941458939096,-0.603440302456535,-0.2257191529654144,0.23811911654558102,-0.3949851415518746,0.35089266857592244,0.4941038600064293,-0.49246226952890804,0.2688219086218664,0.4791145818625346,-0.47064391556360174,0.10486187671051606,0.4436484807081201,-0.4831403080498492,-0.1517359786826549,-0.0879517433384837,-0.39240902026450686,0.382940102216868,0.18105637282615952,-0.4898345550226027,0.28357520946500714,0.19939138004510837,-0.41963978177863,0.12084140141830216,0.1729155849997839,-0.3878543633883285,-0.05936116262876557,-0.360347635442679,-0.4073143923886221,0.3511839932799442,-0.15631393831728269,-0.5087248597351895,0.2852412092083304,-0.1280292699992693,-0.49179793979608083,0.14448332360638982,-0.15385891629016551,-0.47940768346396795,thumbs_down
0.0,0.0,0.0,-0.07465481606458667,0.4372632867464282,-0.15520633410967913,-0.2846806446469578,0.8282827627428899,-0.24992959431664333,-0.4390754206048593,1.1246949305153315,-0.3266603163478787,-0.5623681036736505,1.4181804899661623,-0.382446410013999,-0.7963830557771903,0.5068455039018069,-0.1648564249279594,-0.43270138746413855,0.6124065502410597,-0.3362439772647079,-0.27993219027115834,0.5674050911984142,-0.4596449614330665,-0.3229980896342872,0.5027331983481276,-0.5391089330969374,-0.8029080326269764,0.14637007421321907,-0.17186457087059584,-0.35299987167903074,0.2943361859292635,-0.31147287023199716,-0.2010853477127157,0.2819636578837809,-0.36150673891546853,-0.24348272426786596,0.22729856406236504,-0.3932508484116356,-0.7127901868918876,-0.18266454975921378,-0.19966777989289858,-0.2898928563701807,-0.03911020296604009,-0.34836803496872626,-0.15064101229760526,-0.01916539962824803,-0.32883840270739334,-0.20365422349058981,-0.0480996494893066,-0.30323553715988305,-0.5802179054515727,-0.4661514036776384,-0.24578630584681024,-0.2352164316537143,-0.35772202219132015,-0.35606679643547207,-0.11219690409060436,-0.30741932296434077,-0.3473330032317821,-0.14478132085721185,-0.30909710478145896,-0.3229458567297888,thumbs_down
0.0,0.0,0.0,-0.09695489191456906,0.5168645420105996,-0.17866511123387893,-0.3490103128833453,0.9948763806465701,-0.27489498207065466,-0.5377567353443004,1.3404603984001742,-0.35709465821054587,-0.6863869340414209,1.6684016514278148,-0.4052476111536697,-1.014772767185166,0.688543564535535,-0.08526368526366666,-0.7438628483210634,0.986579892477923,-0.29411385572254145,-0.5132806908476092,0.8548279387019742,-0.4288414351250481,-0.5258829791338291,0.7029342674052947,-0.5058286507847234,-1.057306313041304,0.3573932593766445,-0.09293458491380469,-0.6843022790053929,0.6569164949531511,-0.28319525553397246,-0.43051374167087464,0.560872268133268,-0.3317949281075799,-0.4566825260568205,0.4330640428107396,-0.33610344376263385,-0.9798124439188594,0.02505974790677899,-0.13918044194211063,-0.5889940451319138,0.2920114554508948,-0.3271247796631181,-0.3633465952847961,0.23466018159866953,-0.2793644550382272,-0.4165900015291851,0.12432531535075596,-0.21523374586048116,-0.8491502161333226,-0.2897600280119846,-0.20972754102788602,-0.5328523100753291,-0.06447947745120786,-0.3236612624691152,-0.3622028877008195,-0.08595800744346292,-0.29122169858643937,-0.4050809502313327,-0.18259295966934475,-0.23942904766909667,thumbs_down
0.0,0.0,0.0,-0.12278024151998825,0.6207154235963461,-0.15293797121475394,-0.3449793717820228,1.1804236994290578,-0.252132750354482,-0.5158614722012561,1.557477284934439,-0.352754399583331,-0.616595084711982,1.8968967899222515,-0.4266812821780557,-1.0702432694893038,0.7755806921948839,-0.03427411213016006,-0.98874526419456,1.1305534063995635,-0.2595522326438101,-0.7137747078164899,0.9923578259413978,-0.4318060803844897,-0.5683630149939747,0.8173797166869808,-0.5232355329073315,-1.1626037406302077,0.4442000156788947,-0.053674063337199526,-0.9808862077527926,0.7966586248015894,-0.284483042552569,-0.6619435930456339,0.654799119159427,-0.38855955876504883,-0.522755436692197,0.4930511499816059,-0.4089204870751873,-1.1323173349651496,0.10765866539784194,-0.10890262378203908,-0.862660641550687,0.4064938461267173,-0.3136142495977987,-0.5716854183765117,0.31963286721353873,-0.30105791671656296,-0.4653500373202091,0.20399755013622364,-0.23871875507985452,-1.0321744019817503,-0.21213910548236464,-0.18580088403238007,-0.7935367190465584,0.04118716881085401,-0.29614780866632356,-0.5708915378828813,0.04753821275989681,-0.2655160233100633,-0.49507775296704815,-0.021339255357162662,-0.20411330104890218,thumbs_down
0.0,0.0,0.0,-0.12690673409015774,0.5661039681088723,-0.11985297140151507,-0.32396100346507395,1.0752973221596653,-0.21120522324473476,-0.43947546915308094,1.4535149454315281,-0.317336458822972,-0.47555803130887425,1.7843557353267498,-0.403988160574188,-0.9746599815014809,0.6582251615604833,-0.001070825787626785,-0.9995977661757477,0.9254123627186306,-0.20038824393277535,-0.7387446416538253,0.806631324320521,-0.3581249272892569,-0.5673279721184813,0.6602758006170842,-0.4406603871419888,-1.0332207912321696,0.33898646932620236,-0.031507963024064244,-1.0244129582977177,0.5897516487139844,-0.23434166120179886,-0.7116697498218079,0.5059598313704632,-0.3269710949368347,-0.5298115766942889,0.39174430871306176,-0.34731533379427065,-0.9987042624638667,0.007370925244678569,-0.09517761741423784,-0.963441802209645,0.21646693453704832,-0.2809621388825492,-0.6640043051386625,0.2073082332632642,-0.2694393036476623,-0.4860072209544848,0.14497664571710175,-0.21013080905011483,-0.9013603957028092,-0.3239855988360677,-0.17395573803554976,-0.9211124001241202,-0.1476229539149566,-0.2658861132011651,-0.7129967469474531,-0.05574540835725206,-0.2212403507804228,-0.5686649611135927,-0.054697030668645015,-0.15573041200624752,thumbs_down
0.0,0.0,0.0,-0.1310774652867934,0.46736054890618806,-0.10916321198238056,-0.3718544521823645,0.8951937266030374,-0.1946550987374539,-0.5338404785471708,1.219831946521381,-0.29425559742521246,-0.5973368064490826,1.517995463230062,-0.3795131600530678,-0.8871035687560149,0.5197279661257715,-0.020087017045051704,-1.0691914440260881,0.5977878117952659,-0.20161908117735605,-0.8306818202908545,0.5345266017246709,-0.33702611161392115,-0.6262994772040215,0.4651857089665077,-0.4053896598221141,-0.8981051239463799,0.19804831225149777,-0.05404825763064636,-1.1020832675515975,0.2741256211458146,-0.25670366500868214,-0.8041338241769854,0.26398217347252406,-0.3408911557705705,-0.5699190920610371,0.24141666704466294,-0.34682348162288634,-0.8530934841871133,-0.1231291763781118,-0.11709952729780065,-0.9859789620563937,-0.05813578648235266,-0.30153579157806615,-0.6903273600795121,-0.026780936928229186,-0.2896601867568714,-0.4839962239803295,-0.012165896426006295,-0.22624368281003632,-0.7658883531189465,-0.4582149006713561,-0.19018881238735336,-0.8983903131676994,-0.3669137121992769,-0.2836945026551471,-0.7020495078825238,-0.2865861405332858,-0.2355750804812413,-0.5560043253465324,-0.2518003122555024,-0.16859308764326414,thumbs_down
0.0,0.0,0.0,-0.1463016080296781,0.5042051620280313,-0.10605361604432387,-0.42291515560474413,0.9232876910326917,-0.17504971786772916,-0.5926812021581253,1.258781992870178,-0.26127739320967236,-0.6375761256135215,1.5897664364747792,-0.3337420484575788,-0.8680182113969882,0.5554910590409978,0.007602958014600062,-1.1187490124944235,0.6301679870354793,-0.17325273887985962,-0.8803619719526061,0.5719042325763727,-0.3004922904479778,-0.664817099846098,0.5123025786047725,-0.3603705638021116,-0.8843335082094458,0.23251067267743192,-0.027061468621025625,-1.1354257002838066,0.27864147798412714,-0.23248361417923508,-0.8191592806634383,0.27563365099908943,-0.31410920129939024,-0.5897403830833925,0.2620039408839109,-0.3142347234909201,-0.8379711868081575,-0.09052091074119843,-0.09285069902639063,-1.0252748598636605,-0.0538525258470074,-0.283953712361365,-0.7114342771759058,-0.012087022382427011,-0.2677599850266272,-0.5032245125541861,0.014857686538857271,-0.19796301162356217,-0.7472044549128627,-0.4215286941797261,-0.16800011160751777,-0.9208294794917284,-0.35598592312704136,-0.2679111763298645,-0.708837532427121,-0.2632996781157632,-0.21435232770772597,-0.5532417766585697,-0.21456158749012283,-0.14191705900475307,thumbs_down
0.0,0.0,0.0,-0.12394115931939585,0.4892755461036951,-0.12415349780731368,-0.3810127413571689,0.9544789423214914,-0.21078309849681562,-0.5516370300298735,1.311620811323601,-0.30874562101863057,-0.6194563088791124,1.6342763265387756,-0.3864212717298425,-0.8416763449632182,0.6125835449667978,-0.04695620765498669,-1.1271911338440412,0.694034655949593,-0.2335543266171469,-0.8548919624821048,0.6171273550941304,-0.3535915153851644,-0.6316743772780903,0.5560683497208089,-0.4071013829878602,-0.8653853114401773,0.2796849720145344,-0.07032179581936947,-1.140683156435218,0.3525152980537131,-0.2780652606217299,-0.8008824917068651,0.3198593243675854,-0.34856620601489563,-0.5666448612515037,0.29417374022250287,-0.3439507836722494,-0.8246633717128067,-0.04448434307330074,-0.12229132911443545,-1.0418012505811072,0.0029593019803653454,-0.31168388126111624,-0.7140904955045507,0.022409701936570593,-0.2821489396671474,-0.49586386991254816,0.0367618746146281,-0.20610918363819003,-0.7491276506782736,-0.37362814595924665,-0.18414673162418824,-0.9393200525138421,-0.29986093528550206,-0.28500524259168647,-0.7207306452644582,-0.2188979524463592,-0.22674852966774997,-0.5529419190920819,-0.17393673027304574,-0.1516134804844649,thumbs_down
0.0,0.0,0.0,-0.10187248390843552,0.5043771189224194,-0.12100138047370587,-0.32946474596618547,0.9827998158613513,-0.20315268423139213,-0.48036790096444604,1.3342870351205323,-0.2967430428858214,-0.539064400643026,1.6546484466670317,-0.37313429190354175,-0.8165020389849871,0.683000173081388,-0.03987367728169003,-1.0736157075271398,0.8065810321823818,-0.23302457661489512,-0.8113136978927465,0.6992222166761628,-0.36066987467293676,-0.5949742864049075,0.6033964391141988,-0.41707411523864385,-0.8658162885217654,0.35842450604967163,-0.0650204345203688,-1.1327475361519395,0.47994698407681574,-0.27479890866865203,-0.8011510771667281,0.41012903789193567,-0.34836981849286414,-0.5647136260916756,0.34210751242183624,-0.34361391863657464,-0.8498536619816026,0.03181165214791379,-0.11996548726982671,-1.0541166161395454,0.10657717326977353,-0.3135183346782538,-0.7254140137423017,0.09084259636258667,-0.2866749218160326,-0.5024730316522932,0.07466463671173285,-0.21002252046826347,-0.792382187283135,-0.3060934735428381,-0.1851733364742401,-0.9660657203025711,-0.22137939315342242,-0.29382179278943155,-0.7334567902034268,-0.16094200157403926,-0.2401659370953039,-0.5584460761415231,-0.13237221484062345,-0.1654414002650582,thumbs_down
0.0,0.0,0.0,-0.08332101128573051,0.5242636770739313,-0.12470639156723931,-0.2906504738670231,0.9936452884371033,-0.21604566681088871,-0.45138202370450164,1.3390735150208684,-0.3197875275993915,-0.5097395476665794,1.6720638720776297,-0.4053290233985984,-0.8060591865260597,0.693323254013178,-0.04061828944118183,-1.0694374086481948,0.8622574762815023,-0.23935817995468453,-0.8116728373071085,0.751173539253274,-0.3754563337749544,-0.6045376744657454,0.6472375046391318,-0.43874782318072125,-0.8572312016727748,0.3772799530745935,-0.06936784458384045,-1.121271565074531,0.5302225008952696,-0.28183091671083776,-0.8043288443720799,0.4541519142366293,-0.36186441780877315,-0.5682300371188854,0.37955961730436466,-0.3641535955626768,-0.8514581713815534,0.05501726967725402,-0.12972020066125797,-1.0690044873382598,0.16673156162211974,-0.32241891241253146,-0.7471496543166709,0.1431031015437886,-0.2967332087024561,-0.5154570637463923,0.11678488838366936,-0.22373249637660364,-0.8058147449177614,-0.29351975274538195,-0.20229951982994782,-0.9786197403460625,-0.17611435874064763,-0.31367338150611374,-0.7506694343980654,-0.11352029459665224,-0.26507354347529055,-0.5666205726832948,-0.08975931672334618,-0.19485487940578805,thumbs_down
0.0,0.0,0.0,-0.07890096771277401,0.5043910458128907,-0.11835883215889463,-0.2909697075976727,0.9703426727654737,-0.20063217366694946,-0.4553095023976893,1.3161666041107145,-0.2957103223066435,-0.521813306361126,1.6375436064610651,-0.373738112903493,-0.7923965869561946,0.7051016592915893,-0.026295969296828158,-1.0417926193224027,0.8631264711598251,-0.2179471269906594,-0.7926451799115002,0.7379583390793919,-0.3476514742499124,-0.5888427197491197,0.6267682595239593,-0.40553923136088416,-0.8507924707748122,0.38805134739746344,-0.0518062774983613,-1.1044682722408898,0.5388006420292987,-0.2600648389942641,-0.7809265711617627,0.44327778382765776,-0.33772205238845643,-0.5454039206025317,0.35224223149438094,-0.3358261645311554,-0.8461838010135676,0.061532847191102545,-0.1072215519443861,-1.0407346329699683,0.17458895299543453,-0.3032961859661489,-0.7147800913736472,0.13468414408279952,-0.27796587220449254,-0.4885257621952531,0.09352148188633191,-0.20059476911213855,-0.8014650414056335,-0.28407632871543514,-0.17273596102133437,-0.9721121493003343,-0.16081663257137638,-0.2848899868309773,-0.7405128459994278,-0.11203646863738016,-0.232761755717793,-0.5601318124954413,-0.10483764977194505,-0.1575167765852888,thumbs_down
0.0,0.0,0.0,-0.11179709009473443,0.5410810934888354,-0.1091660697622459,-0.34673896951217087,1.0025714638347754,-0.18716320823417076,-0.5287566302766883,1.3403471873744754,-0.2827957727561007,-0.6001272769587018,1.6526931384504557,-0.3622765569681586,-0.8483261136522561,0.6332002040507966,0.013728631488728504,-1.080407402693653,0.8282327504000778,-0.17742526809283504,-0.8332319546874767,0.7178226274863504,-0.31553423235927813,-0.6201504676777834,0.5937199124433875,-0.37973468257642357,-0.8896374845125532,0.32176790877486866,-0.02016193052782276,-1.1272996092398357,0.5056557381899052,-0.2338764071209458,-0.8044386102010902,0.42573628734163027,-0.32186521360136,-0.5617805778825946,0.3216577049309448,-0.32381317839490553,-0.8690439653533361,-6.593392371510521e-05,-0.08582915483291395,-1.0526030670629931,0.1548656000220391,-0.28201071754208035,-0.7277503925714534,0.12383426978212281,-0.26230421570034296,-0.5059496151070354,0.06525668812723148,-0.18700795444817284,-0.8042685948692249,-0.3502457123406185,-0.16203559858022623,-0.9589966755646582,-0.18000432130821686,-0.2698321920057277,-0.7300123971114795,-0.13223519357662314,-0.2181527999455924,-0.5605805804709797,-0.15814251603067983,-0.14267124670691042,thumbs_down
0.0,0.0,0.0,-0.07678554843929297,0.5367300995401928,-0.10324934254378294,-0.2805418840022474,1.0216913569542097,-0.174510348820152,-0.4520289362029087,1.3563380903441828,-0.2627235557773223,-0.5142372612124565,1.64555712184614,-0.33824443759510964,-0.7984340212407445,0.6758440885413552,-6.677237066005593e-05,-1.0235862999076346,0.8860482269529312,-0.18850403588227493,-0.7877432566219159,0.7724996321078907,-0.3147332896436792,-0.5821265713846051,0.6367171680659193,-0.36810579450890035,-0.8494067374861332,0.36341681048203445,-0.03269600455113841,-1.092581153623351,0.5739697644575523,-0.24686632096426242,-0.7677790909016532,0.4847219872337923,-0.32421121750182885,-0.5218698838691781,0.3651166857784892,-0.31488859905283095,-0.8453136799252235,0.04067208694050051,-0.09588414965708336,-1.0204402333612281,0.21187999059756651,-0.3054173376078352,-0.6831519187445992,0.16579501640724698,-0.28767681104992543,-0.4532718919383323,0.0919085769387873,-0.20596145008336272,-0.7989370651738672,-0.31014412164079247,-0.1668810293411193,-0.9575414841569361,-0.11693489249609003,-0.2896938514622853,-0.7167467973423131,-0.08770068890985824,-0.24247051215372625,-0.5363313159064852,-0.1280941077689727,-0.1644666166527916,thumbs_down
0.0,0.0,0.0,-0.09934680667398209,0.5387710391096941,-0.11340687662204606,-0.31335125334220437,1.0106983624103318,-0.19545246998985524,-0.49495306881119017,1.3458805739769812,-0.29259178523568363,-0.5822247212030054,1.6530072293927052,-0.3729464421811588,-0.838483673663911,0.649080628719063,-0.008568398394928177,-1.065695640360562,0.823453249604678,-0.19461465588473983,-0.8090114411594582,0.717307371770324,-0.3217830598522961,-0.5933928124842905,0.6049466493750906,-0.37873674102499244,-0.8823499231221393,0.33057179564711436,-0.036439148269736085,-1.1152593183345432,0.5242316970084655,-0.2477845493518431,-0.7882289697371075,0.44323584771253516,-0.3281803228291794,-0.5405997951598588,0.3432609242938565,-0.3253998516512417,-0.8667338094585737,0.009083309384097578,-0.09450918214353009,-1.0305840118656817,0.17298666763373033,-0.29538143067313977,-0.7011041054975856,0.13243509947496032,-0.2765240602655299,-0.47168397682889573,0.06902846970365317,-0.20085987303568573,-0.8092177248419168,-0.33864758236464126,-0.1619844512346941,-0.9459096807333802,-0.14850864598520708,-0.2802486267543652,-0.7065489218442756,-0.11151608093419743,-0.23408389001485366,-0.5263862154696994,-0.14236792700289438,-0.16023437741358781,thumbs_down
0.0,0.0,0.0,-0.11389919070575022,0.534404860868385,-0.09917764675452731,-0.3425205770480333,1.0078946501318935,-0.1770477836986641,-0.5237013982858013,1.358173172709169,-0.27293463912855803,-0.5999842787080536,1.6655420557836431,-0.3541487375967754,-0.8586780892818386,0.6201088018908139,-0.00027380719480853637,-1.0657371374138302,0.8617966133099408,-0.18744060346110014,-0.8011796610683526,0.7468701326015154,-0.3117600128092935,-0.5868000720466974,0.6087167324510611,-0.36599950155276795,-0.9110302930765948,0.3022803276473311,-0.034189408623039284,-1.123136355412976,0.556313213028198,-0.24809081922590784,-0.7881831229897877,0.46237629037633643,-0.3246727353619503,-0.5442178751232455,0.33840359751304927,-0.3176113689392438,-0.9041813672452478,-0.02124760235790195,-0.09678979770788607,-1.0267822223171412,0.21223557320731815,-0.30000112826362585,-0.6824915004595505,0.14337097772826654,-0.278862143985217,-0.4638224136484183,0.04898834219227564,-0.19978399744691985,-0.852040290606132,-0.3657377220847085,-0.16779267417438357,-0.9493821273629596,-0.1109883727914144,-0.2858275379653568,-0.7019420783931722,-0.09310805307786668,-0.24018544817341653,-0.5381303754689528,-0.15667589829574105,-0.16587513438659376,thumbs_down
0.0,0.0,0.0,-0.10802424689742461,0.5399987883852947,-0.10501088066527219,-0.3282086447645792,1.02534643772796,-0.18211566331288798,-0.5028737042770258,1.3677468726775022,-0.27624468412524933,-0.5780632636810282,1.6596976004534019,-0.35300102151824797,-0.8428352615967905,0.6390768169678818,-0.005030293189354781,-1.0669034967563147,0.8432595182074225,-0.1930194498184189,-0.8013829513821094,0.7386073221611316,-0.3169388209916463,-0.5876929799627126,0.6142862643984832,-0.36904645316709594,-0.8832754782510462,0.31922368373783505,-0.03292787915925381,-1.1030212703550109,0.5316695836304518,-0.2437597422783949,-0.7660027242248952,0.44907681811668376,-0.3153458856932996,-0.5301691405779686,0.3337517223977407,-0.30610781159424555,-0.866191855520558,-0.00331561085107217,-0.09065673579792896,-1.0260313706100628,0.17792375205837194,-0.28705865390398744,-0.6883408058351467,0.13925852557554275,-0.2576851314778978,-0.4683285977986882,0.061877372270846,-0.17428397058189254,-0.8093099015602425,-0.34865188241398426,-0.1575690313899418,-0.9541430729045743,-0.14587826795564066,-0.263380011187496,-0.7167664770525758,-0.10392995536753745,-0.20736697314973795,-0.5478678636481105,-0.14859312761961724,-0.1277047978404359,thumbs_down
0.0,0.0,0.0,-0.08631965704544242,0.5181962515734015,-0.13519362003597493,-0.2586811226125682,1.0091062114719052,-0.24679884627589319,-0.3735744822373576,1.392992421923531,-0.36793970828949285,-0.3969229737728777,1.7360058704323331,-0.4739687554135432,-0.7962364585594569,0.6652652074926698,-0.08468334020764035,-1.000701639210935,0.8181040128555714,-0.2761390513747646,-0.751881144141391,0.6920179194154733,-0.40613195770179805,-0.5500916954591814,0.5793238483543687,-0.46755718761844617,-0.8464924830857458,0.33586495431709734,-0.10276780743773566,-1.0630314031535726,0.5086185411010041,-0.31447111780436354,-0.7501523088824458,0.41912182672335835,-0.3922347221540333,-0.5159117192669382,0.320335848267798,-0.39540553019833713,-0.8329396495379431,0.00919065780248429,-0.14699993600791814,-0.9714542806751438,0.13994350057696323,-0.33983504788535973,-0.6572559818873965,0.10014987834001607,-0.31925202463751934,-0.4372967142377066,0.04328262559002102,-0.24976391739505863,-0.7837765880271709,-0.32771565250747453,-0.20230035980808972,-0.910248812583206,-0.1858166143934741,-0.30341313245948076,-0.6832493333339895,-0.14171104110289975,-0.25068164116232955,-0.5099423533875046,-0.15524590434817065,-0.17993795982543379,thumbs_down
0.0,0.0,0.0,-0.10492004596542778,0.5222706818001492,-0.14206907813574282,-0.2906326422089467,1.0295232236754337,-0.2644501051758151,-0.3775442401225632,1.4767736108151133,-0.4006035234992771,-0.36350653689029094,1.8566550103121098,-0.5208284728508765,-0.8525260959641748,0.6757506487472138,-0.06697629728360222,-1.094069828544147,0.8530122707821416,-0.2688897208906168,-0.8390792235772203,0.7368098293590636,-0.4105924953325383,-0.6308203890777949,0.616241328758589,-0.479663154301757,-0.8967656258530773,0.3523530586299685,-0.08629125839617788,-1.1301780608170942,0.5117651194909724,-0.31375097299200116,-0.7943225977713609,0.43609595746092666,-0.3999694031153732,-0.5678398189456243,0.34085326406095734,-0.40560771685708097,-0.8789013176934812,0.025446637341174142,-0.13552471672997438,-1.052964270965191,0.149764677976105,-0.3349062077707442,-0.7208012628480863,0.13028057993864497,-0.3122311415129878,-0.5024997311059045,0.07756724179882021,-0.23985303989530582,-0.8271422522394112,-0.315385695514313,-0.1973772465196138,-0.9780448266583505,-0.1878718403714556,-0.2933957621859741,-0.7444930088942707,-0.12279386830932848,-0.23448287749185895,-0.5723895018801003,-0.1298429274606318,-0.16017984826656784,thumbs_down
0.0,0.0,0.0,-0.03977866636717514,0.483882867135189,-0.1581522770421947,-0.1748787202285087,0.9886395741677442,-0.28547840396909274,-0.22222648558721766,1.4265454033781573,-0.4193756536974111,-0.18573931121107923,1.7821653113518083,-0.5363383253248047,-0.7743507170397151,0.7956505255362285,-0.10227103839376137,-0.9836846449286895,0.9920868410833882,-0.3037883620736014,-0.7365594446221748,0.8415540413726942,-0.4402508146948016,-0.5463748041466409,0.698854101145347,-0.5062756029278209,-0.846642688909863,0.4802260622678611,-0.11431269997796872,-1.0526773130859177,0.661082128275988,-0.3373645212657083,-0.7315268576773425,0.54560190319328,-0.4175827486470094,-0.5163938750729021,0.42957393855266107,-0.4201347692592138,-0.852653119629221,0.14979665980148815,-0.155889261420094,-0.9882839110655437,0.28118890284672854,-0.3564478685561954,-0.6678048042258508,0.21958842115603774,-0.33619497438982715,-0.4583389960909701,0.14698811602803896,-0.2663665094302539,-0.824149984530517,-0.19721013552662434,-0.21065803332956667,-0.9369857119993179,-0.06414986010284657,-0.3135802118560598,-0.6997042002914335,-0.030428954299378953,-0.26279620789495345,-0.5296797759436049,-0.04614154359736995,-0.19404525796282782,thumbs_down
0.0,0.0,0.0,-0.035810570566841594,0.5017758775373836,-0.1481611522627863,-0.16429666866840345,1.0178393862643043,-0.27523718719929813,-0.21930866958615133,1.452503136417924,-0.4118319607565827,-0.1994002510166166,1.8115431755360567,-0.5306514967407603,-0.7648508145270603,0.7854121575102695,-0.10419197230925763,-1.0002677254866676,0.9967055214491469,-0.3102831823535593,-0.7480018528173549,0.8361674424345499,-0.44728770872317636,-0.5504471645100206,0.6958261222825752,-0.5125301295189499,-0.8419920087716817,0.47311836424137105,-0.12211579870527481,-1.069944417977221,0.6824645070343006,-0.34804767428149264,-0.7530709121365405,0.5605640272934529,-0.42824945171521334,-0.5344877141211387,0.4438545969957895,-0.4317797719703253,-0.8522230062544611,0.14480504968919738,-0.1683636727328277,-0.9994539959095404,0.31120327549375915,-0.3660459250500346,-0.6808033157624253,0.23306490440220948,-0.34111734140372174,-0.47304489291669005,0.15215680299532722,-0.270494099122909,-0.8299713607197859,-0.20481956985849534,-0.2274820391266338,-0.9418321456723066,-0.04292204029539836,-0.3269995548920341,-0.7090366361272608,-0.015298670550556035,-0.27348461885537456,-0.5438550769760642,-0.04189621425268257,-0.20464584314101297,thumbs_down
0.0,0.0,0.0,-0.0650752239664181,0.5276735933220748,-0.127754842693246,-0.24733063883810394,1.0421282642090168,-0.22771445842676086,-0.3634177283363866,1.4515276321403863,-0.34144602053066453,-0.3957568278788478,1.8070641133285872,-0.43433234757966593,-0.8176375197287289,0.769973539684071,-0.04376306776754691,-1.052263828898198,0.984087985234459,-0.24793686361468698,-0.7905161948920814,0.8381302552395359,-0.38438121729596897,-0.5786112791169736,0.6992760515027243,-0.4461625285319114,-0.8878754667722691,0.46246447259773743,-0.06889517504397381,-1.1161307162687597,0.6706687992306318,-0.2930433047800216,-0.7890825198499707,0.5547701915797337,-0.372699716563373,-0.5622506815326144,0.43982705626409196,-0.36996958732905755,-0.8905258761163077,0.13480930864566304,-0.12510917163822352,-1.0303724087872452,0.30954691042637233,-0.32747069221635444,-0.7009052064806125,0.23509098223876365,-0.3022674559321207,-0.49292901752932966,0.15777983398681486,-0.22531714661293545,-0.8527646576869575,-0.21820879379951352,-0.1929668209703438,-0.9715483439126724,-0.04498464526859495,-0.2982449547238298,-0.7332200459833114,-0.007268681144186071,-0.244613617230364,-0.566305373947513,-0.02681480856503457,-0.17064567449400903,thumbs_down
0.0,0.0,0.0,-0.09650625243957625,0.49342019556404076,-0.07609361983964673,-0.3817515825981743,0.9314528686252602,-0.10250470974978838,-0.5976522968282488,1.202728783430206,-0.14648836637311033,-0.7151026322088627,1.4657672612167452,-0.1757427768114345,-0.7980470056525394,0.6691546192511229,0.04870762264480186,-1.0012109536916605,0.8748888301870675,-0.11887014823784665,-0.7739749784830166,0.7492325471594748,-0.23566074705947254,-0.5747280344288805,0.6127557859210002,-0.2853369703885382,-0.8603265931887112,0.3623230967949831,0.012425404522121698,-1.0780532345938905,0.5563879855946035,-0.1736384510767099,-0.7846548954417284,0.458420443773701,-0.2489144067187346,-0.55217799354503,0.35651079774421157,-0.24231276268164947,-0.8609276294520486,0.03710543236667921,-0.05209903256453164,-1.0002808763152886,0.19504060294617734,-0.2326341164607982,-0.6905733246020853,0.1368007823067887,-0.2147055829401743,-0.47768691904273525,0.07887676811708076,-0.14104506913226655,-0.8128976670384656,-0.3157188270819818,-0.12393001104019168,-0.9202362632491718,-0.15360606655974166,-0.23000482525403837,-0.6979710450490864,-0.1119442590577843,-0.18636497751735293,-0.5361845874336696,-0.11684382270485423,-0.1155690695124718,thumbs_down
0.0,0.0,0.0,-0.055556347655248445,0.5125686234899888,-0.12534912526350225,-0.2896566753285731,0.9991734802923316,-0.19985107005330868,-0.4618576626440371,1.3492834515786751,-0.2825753891349387,-0.5387479265096752,1.6759083239958377,-0.34598554511551644,-0.7626502269553801,0.7165124453959327,-0.03135514328558421,-0.9937994720479874,0.9302575961942324,-0.21990728607445617,-0.7498866670513394,0.8042617455419784,-0.34538779760199534,-0.5447248790621843,0.6707983042132546,-0.402023975312997,-0.826816879461278,0.40548422790245436,-0.054136671644168834,-1.0478800461538986,0.5938146722382628,-0.2629035762393813,-0.7391307537573822,0.48305686864690145,-0.33897112073845664,-0.5144777922931917,0.3803380128190997,-0.33495515977372653,-0.8286744867712558,0.07931179597539398,-0.1078579556265394,-0.9882113210254736,0.23245221796194654,-0.3039738152766044,-0.6692444916471442,0.16639590640703894,-0.27824431080113976,-0.45618311128152444,0.1121885188988711,-0.20198410747940543,-0.7893010157014049,-0.2730947520902769,-0.1726609469268535,-0.9147050704764618,-0.11848924046739777,-0.29038257147033575,-0.6875678669783225,-0.08155820481536707,-0.24420440588100314,-0.5231410521909374,-0.08099520905150284,-0.17298949176811634,thumbs_down
0.0,0.0,0.0,-0.05650987367740866,0.5371929212203763,-0.10736350209569769,-0.2359724546378278,1.0408674428606508,-0.18606876864426236,-0.3305337921589191,1.4237496748538718,-0.2803526035518578,-0.3386802617221887,1.7541323342459973,-0.35972946202626627,-0.7667130632673795,0.7420526975537786,-0.030855086975084576,-0.9928007918387567,0.9374457746224996,-0.21345891253680663,-0.750942427957996,0.8003862705751694,-0.33393405018758676,-0.5586964955254519,0.6677486632243563,-0.3883757247789894,-0.8454201601187336,0.42752290072105475,-0.06066956381049237,-1.0584999052332988,0.5999208287315742,-0.2627883863514493,-0.741308517972607,0.49143598312078507,-0.33433998981328833,-0.5274997524905607,0.3892362393801129,-0.3322503725958181,-0.8589040510114059,0.10172291756458814,-0.1180198048638959,-1.00081542217993,0.2585417676023589,-0.3034391959729464,-0.6766631996146129,0.18977865556188206,-0.2745234839390004,-0.4746478430136886,0.12109823014153538,-0.20099499555619843,-0.8268285329525756,-0.2441065212080778,-0.18537410054795694,-0.935869675768796,-0.08036036988384569,-0.28154768360842675,-0.7007929928490452,-0.04900009108914147,-0.22393444598834006,-0.5407410959641845,-0.07122257961923772,-0.15080124558677152,thumbs_down
0.0,0.0,0.0,-0.05729535478488326,0.5298320155024089,-0.11266612575089835,-0.25938007293053833,1.0368587881621405,-0.19176966093549183,-0.3886587484180202,1.420849594210098,-0.28626868675156086,-0.4294169761464092,1.7531405710474988,-0.3638393912685382,-0.8057464438264805,0.7669246846201403,-0.021231985348790044,-1.0826106286585035,0.9630521751750651,-0.2183613562764384,-0.8570439199638731,0.8400891956879294,-0.3552099052540952,-0.653313295963242,0.7183605301060689,-0.41986982836961895,-0.8824060218880246,0.4603473489591047,-0.05852850708916756,-1.1614533532456208,0.6190592373165433,-0.26779266596792706,-0.848168131275265,0.5359730967362153,-0.3508579324615805,-0.6394896269455155,0.45546090715895393,-0.35502079699998884,-0.8852326561643644,0.13231457031737318,-0.12663685169874553,-1.121497521944426,0.247225868902956,-0.32382243902475677,-0.7870663593573469,0.2044221539093876,-0.2968561505474892,-0.5780049035951598,0.16213396822655546,-0.221828389054203,-0.8360060742026266,-0.21549217577541255,-0.20546408673191954,-0.9963675639656561,-0.09268256163878255,-0.31963177124227143,-0.7569189813311192,-0.044608991468798986,-0.26525301429400205,-0.5942930429289955,-0.04476974792053395,-0.19056944425893396,thumbs_down
0.0,0.0,0.0,-0.0612137511371384,0.5149686551481787,-0.10353218252684092,-0.2874533065825093,1.011644083135948,-0.1792985554468575,-0.439033242854927,1.380891722910206,-0.2745337877221104,-0.4860720345066372,1.7097058870265573,-0.35610954547045753,-0.8425453747644165,0.7268326223513002,-0.027353114368764312,-1.214605090796869,0.9226818316323168,-0.23440892784638562,-1.0318383729921101,0.8347849235040669,-0.3782663961144982,-0.8332575260220673,0.7209419001580157,-0.4463349923388234,-0.9220949106770475,0.4296289452537236,-0.07955698032116966,-1.330453466378932,0.5681488380226749,-0.289595559049315,-1.0638145749009411,0.5279426480892789,-0.38222939864434047,-0.8631390514698216,0.4677671156937324,-0.39597562523276214,-0.9343342001753365,0.10773249808585304,-0.1639710620875636,-1.351530709831547,0.19036348593017285,-0.3485953496407924,-1.0893968458930854,0.19966068799451836,-0.3441797340137218,-0.8864882168353436,0.18204277068224353,-0.293133657698343,-0.8894555582386773,-0.24437517913014223,-0.260922892011323,-1.1914537481915692,-0.20263597972154884,-0.3804463047222663,-1.0179491574936697,-0.13211006120487084,-0.35451039047126737,-0.8506383366217353,-0.09988506093093767,-0.30416829778176807,thumbs_down
0.0,0.0,0.0,-0.024782368067152602,0.5437089218596906,-0.13275613538932346,-0.2555942211265579,1.0733951990931534,-0.21780569082458862,-0.3841982394135335,1.4825393818393406,-0.3224407464736257,-0.4329889736355693,1.8353984125869591,-0.4141771711329718,-0.8430783638926117,0.7928917556119114,-0.04868824391473415,-1.224566404373658,1.0020143868783347,-0.2631060245562367,-1.0486652895659574,0.9227438102540373,-0.4244853338464289,-0.8243578185653578,0.8020567394381543,-0.5034816059575326,-0.9313474877027441,0.48879627602471476,-0.08627902396979859,-1.3826144473466604,0.6667842869310541,-0.31113226497637037,-1.1330252983576845,0.6325116920899274,-0.44807257118821703,-0.8922892433301185,0.5579185096464911,-0.4957531813644091,-0.9574813785175069,0.16599598867225127,-0.1559910510427267,-1.4041191104581585,0.2699249404510765,-0.3455518331473415,-1.1824364740386621,0.30170527774844497,-0.4048986264901182,-0.9395210051238065,0.2768065471017522,-0.39891641554580143,-0.9325840785582675,-0.18463498481466345,-0.23955521013253211,-1.2894895703198141,-0.1523691675747872,-0.3614869790328408,-1.1818613376824103,-0.05238700558397247,-0.383545347994779,-0.9972873955324236,0.0016576898626298434,-0.37321065795145747,thumbs_down
0.0,0.0,0.0,-0.03027422421533102,0.5507915258688837,-0.13873469088669277,-0.2662718268309616,1.0916371617803184,-0.22701535949329524,-0.39854977935053243,1.5296615853732338,-0.3355975122790908,-0.4387922427217587,1.9022743749535767,-0.43107847181401676,-0.8496892092405793,0.8071487516202211,-0.055342102385825716,-1.2548583245220455,1.0458163384769006,-0.26538961611773293,-1.1034191625523428,0.9669077751981923,-0.42840960503289016,-0.8750739254847186,0.8433047882177587,-0.5112572766188621,-0.945608492430033,0.5111450411228915,-0.09193824746971133,-1.4214308737330061,0.7251897710780227,-0.3176142918303983,-1.1835579250433055,0.6760672261908078,-0.46568577104033393,-0.9251480495768908,0.5815917012209839,-0.5233928292940855,-0.9824399714695026,0.18797861148280753,-0.1601724455635588,-1.4602315654800202,0.3081606811543972,-0.3436665351753532,-1.2554508266052993,0.34616623808557806,-0.4226874652573609,-0.9923307334041175,0.31693547311326115,-0.43426078038889326,-0.968946022096493,-0.1677491103469435,-0.24336330150789476,-1.3286797135855262,-0.13261319049626502,-0.3612514432428476,-1.254254896163996,0.0008075510371922542,-0.40381350508837055,-1.0710262343243047,0.0831827233193458,-0.4131780986023425,thumbs_down
0.0,0.0,0.0,-0.0760433397197248,0.5672380641120369,-0.0887583151676985,-0.32786272852379084,1.1094186946185682,-0.14710170487060756,-0.4831561658235944,1.5189414448234246,-0.23057402533313406,-0.5362043773112763,1.8660163333066617,-0.3023748322474429,-0.8550564100799213,0.7928376380641203,0.022276722369524837,-1.2321066905272593,1.0426908395669474,-0.18010456709920467,-1.0389258000539368,0.958333037589324,-0.3271053150010579,-0.8265168129459805,0.8232069647180084,-0.39711105155132004,-0.946119568142621,0.5022104530944661,-0.036860287300343186,-1.3861829642596293,0.7289325666050582,-0.2543855813421818,-1.1074609736760226,0.6843457335996583,-0.3634017463929338,-0.88463139307994,0.5694552540474765,-0.38263046555394203,-0.9751148545827,0.17984737157360878,-0.12829968863142463,-1.4215105889811805,0.3424243674551295,-0.31221821928112764,-1.1570250295508708,0.3475988066800212,-0.3177465958762446,-0.9502979651683034,0.26945929615206066,-0.269777234688649,-0.9453595879446244,-0.17023456830904093,-0.231371185918848,-1.2557407798300948,-0.030881292344281556,-0.3375436504908578,-1.0761727980933642,0.02181432020488035,-0.3082240589359801,-0.9127416960260216,-0.03886257848654475,-0.25743060685043917,thumbs_down
0.0,0.0,0.0,-0.04416081312528837,0.5407982038784924,-0.09196274705010316,-0.24153980849492168,1.0458682157902504,-0.1542065787629535,-0.3622008721359901,1.4259469612015563,-0.2348821811171556,-0.39597865880589533,1.745446953915724,-0.30014514132002246,-0.732879830493964,0.7847765930482818,-0.006301361597796342,-1.0274516503997522,0.9870915328799639,-0.1990313712520803,-0.8221419865415518,0.9015024028658208,-0.321751121093885,-0.6496764682022198,0.7994742080988406,-0.3796154602502716,-0.8276923982244994,0.49067182333954457,-0.05900558468322062,-1.1664144686650821,0.672714855798343,-0.2521005669998618,-0.8770366878238427,0.6053916594493958,-0.31643859731857993,-0.7393735274323123,0.5006934255028146,-0.3131295788194886,-0.848343640369029,0.1637816912242522,-0.14392399737668168,-1.173871198310624,0.3003541493365339,-0.30729480957126426,-0.8989513076400412,0.269390144925558,-0.2619361183164452,-0.7865125318337809,0.19287565787476457,-0.1909851170246045,-0.8073355308846006,-0.1843658838812996,-0.24128903806219165,-0.9944251853841,-0.06123363330775219,-0.3140935874181951,-0.8162976592970383,-0.03620396778201938,-0.249409029504283,-0.7516518500167311,-0.0997889255822994,-0.18368869191142062,thumbs_down
0.0,0.0,0.0,-0.04983111736819344,0.5460727270737661,-0.10786604527336224,-0.22292106863675618,1.0806167709346812,-0.19533867853487144,-0.29987258656490695,1.5270404152900674,-0.30215599271035776,-0.30264531378970566,1.8735199959517772,-0.39086987702844533,-0.7457898782270298,0.8493826874877459,-0.017433057525703708,-1.0312051089979202,1.097488931177739,-0.23302283573656873,-0.8150888005349162,0.9896264132140886,-0.37361240375784355,-0.6377897337892365,0.8584528827631759,-0.4405232072960821,-0.8389714560905472,0.5613694634455763,-0.06636450750588448,-1.1640949777987253,0.806146367720124,-0.28107521606229496,-0.8795092635921233,0.732395487316923,-0.35721427394950994,-0.7455958859614289,0.6115237446847948,-0.3594192626112858,-0.8644379903861448,0.23211432922353584,-0.1504018439390217,-1.184857317082234,0.4167094779585088,-0.32067239006173465,-0.9199066263299834,0.3810289925358153,-0.2796208612139496,-0.817848375741708,0.28414559131830175,-0.21022689502593564,-0.8366703226542794,-0.1191262819566493,-0.2492328006801371,-1.0059790687458763,0.04034099694640228,-0.31489971101532266,-0.8334494873873907,0.06420721247952486,-0.2519280249416812,-0.7842412120148067,-0.01983136429459625,-0.18941513292476048,thumbs_down
0.0,0.0,0.0,-0.07160933884004661,0.5647717052499692,-0.0909668810903668,-0.25695540049310406,1.0814041192424813,-0.16606748787987802,-0.3405192253780518,1.504844943785749,-0.2643972051367099,-0.35131901674816135,1.8307564617647334,-0.34327710944492,-0.7809895713036209,0.7890625968717175,0.012366788174707898,-1.039762034938111,1.0271433066827211,-0.19720937489646997,-0.79280774248022,0.9281787122954924,-0.3370714160536206,-0.6120406424685775,0.8137379302142415,-0.4048987785067446,-0.8701441795328435,0.49896675655813466,-0.04074085395700261,-1.185529941186243,0.7224079053238699,-0.24724993066155818,-0.8847593819074875,0.6648399347908731,-0.3224839977876576,-0.7537401822864601,0.5595242854743038,-0.3266066735135901,-0.8882749938889524,0.16727473866558898,-0.1277804005725429,-1.1975963834288217,0.3371221276978942,-0.2884199486135872,-0.9149407116830744,0.31003247534771267,-0.2404917316780851,-0.815965343268454,0.22127322708016312,-0.1692495295323054,-0.8485164906342116,-0.17897439554088093,-0.2291792664121775,-1.008082646919123,-0.037116992799913213,-0.282927448992012,-0.826642872849468,-0.002907113651828227,-0.21264947838190482,-0.7835167833809031,-0.08185731263331862,-0.14745178373665208,thumbs_down
0.0,0.0,0.0,-0.026741892792661297,0.5351901927296894,-0.12183317216508567,-0.21028845566989374,1.0569887273682832,-0.20531789969444664,-0.36474960939506884,1.4630407890413222,-0.3031317498871169,-0.5163235052569003,1.7485536439670755,-0.37441277339570644,-0.7653075964498488,0.8417880290572092,0.0020453838632070627,-1.026013554618005,1.0996605321553194,-0.22897592231440664,-0.7971593262130584,0.9880754433793465,-0.3859121682012821,-0.6118182259204331,0.838541768484604,-0.4602749490516414,-0.8561733723661146,0.5499721530900733,-0.03662910986635657,-1.1581779737649278,0.7918457052112583,-0.2627602525790185,-0.8546530863572662,0.7103416153288091,-0.34900907629541716,-0.7187348510832653,0.6006791431841326,-0.3529964048776987,-0.8884383837627975,0.2238291427371152,-0.11511012182243097,-1.1815493358163935,0.40844033433836424,-0.29412067475520004,-0.905197715809604,0.36280604300355024,-0.25114521747767116,-0.8245206653250156,0.27275635547412,-0.17662717331202904,-0.8681285434892506,-0.12988089528270844,-0.210762873312185,-1.0192743976592704,0.03058569766251182,-0.29026199079428266,-0.8277540703629388,0.04308508642050959,-0.22988119597309706,-0.7865944573592105,-0.03952743623005708,-0.16303379938333978,thumbs_down
0.0,0.0,0.0,-0.06958633251398173,0.5674866077309159,-0.09101284699901248,-0.30937688610854575,1.099061410545116,-0.1493809118331251,-0.4458627207567055,1.5157718309903643,-0.2289728539689248,-0.4797560658032849,1.8558341697349678,-0.2887162895640706,-0.7856070829464247,0.8327391220396945,0.03460103567809492,-1.0317719461592205,1.091956279249766,-0.17767909708439514,-0.7921153527024715,0.9733448268337491,-0.32226719602882015,-0.6126888580773004,0.844633447443545,-0.3922016580468564,-0.8758456828279497,0.5455343072821581,-0.01615870562368959,-1.1714380230826944,0.7901541000086261,-0.22611024560134554,-0.8623166623615821,0.700763119789147,-0.3074029839041425,-0.7296780103189964,0.5909777812219034,-0.31255207670140306,-0.9027444971200083,0.21339992971855778,-0.10346501686021163,-1.2040008245540375,0.41314259955056215,-0.27382844968376857,-0.9176626985173106,0.3719467584504284,-0.2336775781061828,-0.8212585952110161,0.28680531797643716,-0.16376584998164131,-0.874497500373357,-0.13413271279672068,-0.2046840426066353,-1.0336783753091203,0.028763768239147215,-0.27352689039666345,-0.8372546751549359,0.053250346597599175,-0.21042925205809135,-0.7797719509647361,-0.023403455820674473,-0.14604606120480354,thumbs_down
0.0,0.0,0.0,-0.02126585439336947,0.5598650779739872,-0.10855562346872284,-0.181925803871692,1.1074357536954165,-0.1944086163595146,-0.23813651633337618,1.568065775952638,-0.2996946263760916,-0.22605530911115201,1.9107070439823237,-0.3864279161838805,-0.7282028476038086,0.9064567519486779,-0.005008661270676111,-1.0063915725352486,1.1639674249773846,-0.21484920013799275,-0.7913710889110058,1.026399249692709,-0.3583127924017307,-0.6165791546320177,0.8698907719319819,-0.430045834989774,-0.8355075917991639,0.6252184517146284,-0.050215650424918164,-1.134290863358874,0.88107394757129,-0.2562052310512856,-0.8587859699580922,0.7767464696419977,-0.3389502984542304,-0.7322470220413675,0.6527779913470227,-0.35034267463274044,-0.878484817553012,0.2974448546187299,-0.13063873762706782,-1.1809712448037293,0.5226945011097799,-0.28684927591604054,-0.9337755724658594,0.45537338855524745,-0.2508521464247568,-0.8493288809976361,0.3499402821316635,-0.19127638133165933,-0.8693832091464169,-0.05838371563738487,-0.22670885888674974,-1.02249922681833,0.13514045769636596,-0.2851168330396212,-0.8458319226882648,0.13781635855849972,-0.22434132107724333,-0.7956438532060343,0.046710704589213524,-0.16646013866542186,thumbs_down
0.0,0.0,0.0,-0.04070325826213928,0.5451891288338139,-0.09583202034058608,-0.21849717755489945,1.078624738054032,-0.1654233827075669,-0.35037725701734757,1.4893804910404236,-0.25433120837094897,-0.45490271171830143,1.7928625139442163,-0.322900766187185,-0.7424117766734021,0.8023887087564455,-0.00696313924740262,-1.0180313009529438,1.0649186430594906,-0.21103623821913428,-0.7907359282911297,0.9691273189379739,-0.3389936710365076,-0.622394312215544,0.8297210502040345,-0.39849586408033577,-0.8289694525954394,0.5178976401283844,-0.056932455617626616,-1.1596278337494845,0.7830570054722464,-0.26947312637579524,-0.8615801540243296,0.7193480825457835,-0.33820301959911503,-0.7253966095639341,0.5915523488278813,-0.33362670006475514,-0.8558923381500199,0.19228178721681002,-0.14026420113827318,-1.1916081030891394,0.40268733640987314,-0.31661434738425703,-0.9136581155636757,0.36011692213675817,-0.26654826733734405,-0.8144235552080947,0.24729650383458276,-0.18739664519041163,-0.8358178577356465,-0.16638671951610826,-0.23663567481908035,-1.0286103042294514,0.010020991957464113,-0.31571245346572824,-0.8460375425754323,0.03527727132621597,-0.2519300942534656,-0.7895674470182242,-0.053609939370330574,-0.1839731824959651,thumbs_down
0.0,0.0,0.0,-0.04323214253326367,0.527723254537423,-0.12340967153577886,-0.2267284853578334,1.059170169403477,-0.21210037094975873,-0.3743270530616636,1.468650360438847,-0.31293174220100783,-0.506463365666488,1.766615324936053,-0.38812143659575193,-0.7730183108506954,0.8355369826262364,-0.01744541252372343,-1.018489915933054,1.0828770621814245,-0.24910117543905105,-0.7656953336813382,0.9753142500221594,-0.3998013894110723,-0.5743881316050976,0.831302659728958,-0.46961079566242264,-0.8600677696599199,0.5430649628962462,-0.05566280399142244,-1.1518535272391073,0.7890989612349684,-0.2904280921680171,-0.8411419314512597,0.7156850472768652,-0.3728160049749315,-0.6984914752164975,0.6031000870679475,-0.37213439977250656,-0.8864741500684122,0.2170477278529372,-0.13236494618927996,-1.171963476143655,0.4212985175079127,-0.3199482803022485,-0.9025851744344635,0.37809342680217034,-0.27671922262650916,-0.8210243890512672,0.2801240469501888,-0.20020407766949708,-0.8644326057601519,-0.13842372683292842,-0.22491580346182072,-1.010863198945914,0.04645131000829608,-0.31010699155771937,-0.8202882945866092,0.06026767496969127,-0.2512333459060299,-0.7744221583210104,-0.02497026058253801,-0.1844264997059464,thumbs_down
0.0,0.0,0.0,-0.033105396676763856,0.5324957700807514,-0.11797135903491697,-0.18796179506425495,1.0797941786135772,-0.2107645899679018,-0.2373598878444596,1.5415273673353742,-0.3199986993318927,-0.20218193523571662,1.8734133412548244,-0.409901934010337,-0.725002823946327,0.9186338336616031,-0.021731923450834863,-0.9940344817945298,1.1778656225182043,-0.23792091981229133,-0.7701723243243591,1.0478449174353228,-0.3795952340364999,-0.600583243243074,0.9009825967323624,-0.44883091437806016,-0.8324343483088348,0.6362616127093808,-0.06446958860341871,-1.1238322611943588,0.9041791085140422,-0.28184366283660856,-0.8387644116897423,0.8015931863417376,-0.3600378192870562,-0.7209882961644917,0.6735060584177186,-0.36315729228993,-0.8735725315230443,0.3069686655635139,-0.14313727995389944,-1.16012857319214,0.5340114781768208,-0.31563450935158716,-0.9008450170744114,0.4617294577480221,-0.2763008349222134,-0.8242462599880073,0.35005581620340764,-0.20821847727471515,-0.8619841269780809,-0.04816966966480569,-0.23743335732531148,-1.0049942172584159,0.14871008546499942,-0.3062679288378331,-0.8164140132909646,0.14909157753348704,-0.24373857183791317,-0.7676180064036908,0.05446102419279814,-0.18105853304948116,thumbs_down
0.0,0.0,0.0,0.15062591886250523,0.5280201046865779,-0.0221428579544573,0.4042647372101939,0.9562737350198053,-0.11143868331068037,0.5923057057170746,1.3110514630644985,-0.19833524212011375,0.6303891906484259,1.6498131898197583,-0.2805633549578399,0.6179387855009776,0.714092244019406,-0.2571118090283268,1.1008253736005298,0.7774239796881338,-0.36465052494005573,0.9364805728045144,0.7185889075938634,-0.400250517443484,0.7399213859952595,0.6685483647050419,-0.40372372497699477,0.6553118869554474,0.35052181060360765,-0.2872350549768376,1.1270402565400812,0.45454237856369994,-0.34454272280306036,0.9497890920106861,0.4270991431936486,-0.3103835024363527,0.7632445795828329,0.38005424821439765,-0.2874377000708726,0.6684827066686677,0.011353368789696928,-0.3061839243780413,1.0788007500656895,0.11809327375628531,-0.3241365242689844,0.9129138973320535,0.12436817581587604,-0.226191661461254,0.7393942978699225,0.09893662972695492,-0.16822172803767138,0.6572688612062658,-0.28280192950387406,-0.32534048291513684,0.9655889689303879,-0.16846393066132143,-0.3190267673809187,0.8345163780669737,-0.14089758647306852,-0.22533098263548484,0.6988614034149466,-0.16219905969062118,-0.15993116130802934,thumbs_down
0.0,0.0,0.0,0.16602080850310336,0.5479641903499499,-0.018210870174442513,0.4269932665304907,0.9525288999815475,-0.09795890740793649,0.6369562464179044,1.2990724501472584,-0.17667687017602313,0.6805138350896321,1.6415131453393326,-0.2515360060714337,0.7239774359662648,0.6953255443492962,-0.20962578128529,1.156374041655584,0.7489733941658651,-0.2980844506219608,0.9785683145185289,0.6987714438164014,-0.3331996515345962,0.7901266215896015,0.6593282188279137,-0.341549070498923,0.7635731513569985,0.3292814448196415,-0.23596404763948742,1.16888017275802,0.4293026809242534,-0.26932322626375915,0.9903522740933471,0.4122525276467147,-0.23545417284227643,0.8176468234288957,0.3772976994035797,-0.21675310416329954,0.7653330248671957,-0.01254832970431525,-0.25228652978468913,1.108961994325828,0.09632694032189847,-0.253690292650333,0.9462729572529288,0.10786442169937573,-0.16224081239075977,0.7857840018325594,0.08890574074592847,-0.11249189010689155,0.7348934470251548,-0.30285361133354316,-0.26894874364267757,1.0028018207068992,-0.1973197033288698,-0.251417712121421,0.8645102889342198,-0.16609657417465953,-0.15742994699702545,0.7331997485951777,-0.17830156070913797,-0.09160561268460553,thumbs_down
0.0,0.0,0.0,0.1996019815642372,0.5286391988007184,-0.03119157573471257,0.47790709863275455,0.9111506580655375,-0.10803164861604261,0.7102840628661622,1.2378992910335738,-0.1828818888157,0.7838366458909174,1.5764087317783526,-0.25101992693203096,0.8104658241594089,0.5957756254103916,-0.15652348034460087,1.2191212144873806,0.6177137505938015,-0.2325892910984869,1.0513583816963032,0.5829304386747798,-0.2732082112853615,0.8656007999905083,0.5571123164494974,-0.2862496631852756,0.8355748912846451,0.22378907899932965,-0.17071341768207438,1.222176291280177,0.28378642988800784,-0.19213118641560098,1.056725809967602,0.2943420420547557,-0.17242153117051034,0.8856781506865067,0.27836750599491805,-0.1616661413676614,0.8169067380849675,-0.11891032281848699,-0.17921774631829432,1.1429898891713963,-0.05061425441809594,-0.1696641479677494,0.9948508494843884,-0.00696676344807875,-0.09656042634465462,0.8379377480845195,-0.006201261224146288,-0.05775446770308382,0.7674887665730945,-0.4027383453240953,-0.19003202804918917,1.010788744428721,-0.32538300869015424,-0.16265904132532022,0.8924706212608311,-0.268197120691184,-0.07904959391908763,0.7727987574200879,-0.2624137662438805,-0.01844239204851474,thumbs_down
0.0,0.0,0.0,0.19245248151641914,0.5470142849364192,-0.03610700182867035,0.4764092424014097,0.9235341103382305,-0.1054621048914024,0.733680009781659,1.2396250505570336,-0.17258530817543852,0.815400793839964,1.5792847284798663,-0.23135827642542908,0.8663126329553117,0.597453326899474,-0.11130012768653358,1.232127409275438,0.6073740535865711,-0.16994396415338744,1.0700391228383785,0.5740057935501633,-0.21005626675297992,0.8919258176674558,0.5528020432964806,-0.22653198287817755,0.9032048344785135,0.22275757695174217,-0.11567216315150308,1.2270698821103376,0.27274485722902536,-0.12012133648607917,1.0660153385994782,0.2819463712988633,-0.10521591637157345,0.9051861750870633,0.27351014753485553,-0.09923251565175101,0.8831199707059987,-0.12227716351177756,-0.11680831311449637,1.1557426218914228,-0.06006126536332284,-0.09349678250799731,1.0132463682969457,-0.020272179593444423,-0.0331106608319856,0.8626234128029915,-0.015368912516168485,-0.004910116183225103,0.8257672720795408,-0.40167123153936424,-0.12160500205986886,1.0083661400639552,-0.3368158831869009,-0.08234391589051362,0.8895908808835682,-0.28592608122695673,-0.00806893424684423,0.7762888497543018,-0.2688983719222348,0.0452321583298375,thumbs_down
0.0,0.0,0.0,0.23009538704621676,0.5521387644281931,-0.037354843797981825,0.5349231787250488,0.9306942410418156,-0.10436850887381331,0.8093001548574725,1.247729637339297,-0.17243378653168245,0.9104280556343948,1.5962590918124309,-0.23214198762073568,0.9650056790126122,0.5420655384422287,-0.06718620556404933,1.2927212977559874,0.5316862113255281,-0.11071226609801683,1.135469650542537,0.5297298711056183,-0.15146496432910686,0.9712984519179526,0.5256308229705545,-0.17146859838932574,0.9772257775549651,0.16691777951874182,-0.07002533178173344,1.2674804483939477,0.1994228043540709,-0.0630768841050028,1.1187090518942626,0.23738142688598718,-0.05757551504519239,0.9636646645351009,0.24123580234852365,-0.05938880146550983,0.9346673087795355,-0.1744224630233239,-0.07177851559642241,1.1720820527953988,-0.13161307461351526,-0.03760936275608407,1.045165652334099,-0.07235543564802029,0.009183573117324359,0.8967440856981126,-0.05610708787159026,0.027127593819247203,0.8629979977749003,-0.4526527734579754,-0.07858414129441067,1.0277751516991054,-0.4044189398402211,-0.027718166975249998,0.9210510142633141,-0.3385676326401925,0.04204544039706355,0.8075614171420658,-0.3109925018662114,0.09200577809659827,thumbs_down
0.0,0.0,0.0,0.2091915153879541,0.5259721383656023,-0.03869464582370686,0.4843188787361103,0.880864318128719,-0.10682458347718295,0.7356791466000915,1.194388710396481,-0.17736727169646102,0.8272479276981626,1.5208404720766548,-0.23977433301475204,0.9252295630325125,0.5237715384251146,-0.06264935114918305,1.2397387314752288,0.49431553782180676,-0.11471514750492694,1.0838709462364318,0.4772293117789816,-0.16469333260996466,0.9081864658732619,0.4672254645460227,-0.18921511937680985,0.9407795793175356,0.15351726108397842,-0.06715560949274244,1.2153904229409764,0.16498646348029516,-0.06647020039730268,1.065926250034835,0.18843214609402098,-0.06707533248874507,0.9039362170847979,0.18698835537245045,-0.07215513037472956,0.899460055096657,-0.19017681212243373,-0.0720896267783034,1.1239725929354165,-0.15707334022252664,-0.04184119310795467,0.99733284134389,-0.11432029406188102,0.0006935824615611557,0.8479076898086019,-0.10502499277336289,0.016268519407834556,0.826551704291886,-0.47114711231677514,-0.0826383131107952,0.981607228890027,-0.42310769728369346,-0.03269423359844658,0.8736155850536362,-0.37076052828404815,0.035309604617855525,0.7585466967982809,-0.3517078305258549,0.08355960990276658,thumbs_down
0.0,0.0,0.0,0.21667671937049485,0.4723264210065923,-0.044998712501841225,0.47369970956759166,0.8049000132161396,-0.12601747724338797,0.6793851876607202,1.1001570538310024,-0.20864446620097235,0.77114493554761,1.4072448964742448,-0.2846953763754177,0.9025100492975167,0.46418830510164705,-0.11288482731757711,1.214394536325514,0.3914622182832635,-0.18566810366273542,1.0508242273275734,0.38232471925167144,-0.2418756353933583,0.888117156469629,0.40637404055302306,-0.27081885410491546,0.896503884958893,0.09862619069188663,-0.1283191013491191,1.189168251480145,0.08268834823287464,-0.1526402732972189,1.0287430889854128,0.10687776075237418,-0.15209749690172963,0.8660123407384854,0.1227248398869523,-0.1542951778864252,0.8356796323358372,-0.2403620008162367,-0.1429651927139444,1.0869993314617146,-0.23077759106759532,-0.1406513907844526,0.948261670717305,-0.1850772706572696,-0.08663757068457799,0.796932571823445,-0.15889303811597358,-0.05761084139045958,0.7446785474542695,-0.5220035562081453,-0.16303290516939836,0.9420483292250823,-0.49508927083988125,-0.14194476815763518,0.827225817911122,-0.43311666485116224,-0.06829904754327032,0.7061702339474534,-0.4052671226180796,-0.011379826064862805,thumbs_down
0.0,0.0,0.0,0.21575122386029016,0.4735952315104527,-0.03305275035865736,0.48472021461624004,0.8210217945833171,-0.10821771542256163,0.69110921677835,1.1324351420987677,-0.1840466998552429,0.7660804387557749,1.423346595131854,-0.25520832205970856,0.8541382055608967,0.4575286405920067,-0.14854769955045605,1.2167088477488928,0.3855599888788726,-0.23160793065277324,1.053559403603493,0.37879881956880607,-0.28151467464130747,0.8799959567867073,0.39720792453558335,-0.300667720008389,0.8490213009193704,0.08964914863143378,-0.16567903202294307,1.184365113854981,0.07147214058332477,-0.19696024311632163,1.0202138336429245,0.09723587786739629,-0.18654838268970206,0.8564856161686936,0.11450212585490828,-0.18102549206148624,0.8001134856653103,-0.2499321468656858,-0.1785784670720616,1.0855290403542348,-0.23746060990686527,-0.17726467426220271,0.9441683065187523,-0.18686641957286088,-0.11282833111709577,0.788300046298663,-0.1636841484390407,-0.07717537227148735,0.7236282475011294,-0.5328200975584803,-0.1952009705073337,0.9319288664786,-0.4995773553466889,-0.173631901492944,0.8156786688944813,-0.4342219968477609,-0.09610619799844752,0.6948452916505841,-0.4095707578742681,-0.037334619466634335,thumbs_down
0.0,0.0,0.0,0.23016670930059369,0.48357348554721413,-0.035599099091970246,0.521683518766202,0.8243347395623026,-0.10944014925601261,0.7524611879080442,1.1355703639202739,-0.18342743825524624,0.8361346694970191,1.451684819641264,-0.25282397291837705,0.8909244470545167,0.4453233690178837,-0.125477760608719,1.2492654192370176,0.3622347966896373,-0.1894263831405702,1.1031187133983515,0.34796694289095575,-0.22983859033296325,0.9388575152110357,0.36945326509557086,-0.24620864610753362,0.8811756316954479,0.07676860319005398,-0.13592512627803072,1.2133333128535664,0.04761161382331175,-0.15063293690326304,1.0629516673590702,0.0778902527135689,-0.13651584162333277,0.9024732100713909,0.10551369847235031,-0.12992988315562262,0.8207146919108183,-0.26362892573853103,-0.14268847752547187,1.107545346005177,-0.2599110655300004,-0.12966298758539097,0.9727645575993591,-0.20605812583044297,-0.06923513326682254,0.8220457291192663,-0.17332385108589984,-0.03841620979098725,0.7325261040453278,-0.5416633309841504,-0.1531764781067914,0.9430246250534369,-0.5124453930893995,-0.1251577117166189,0.827135914248767,-0.4467694219969288,-0.0509497723035806,0.7067606053500374,-0.4123030294080094,0.004270672633150443,thumbs_down
0.0,0.0,0.0,0.23333152595643372,0.48868590909935267,-0.0484862771101181,0.5053860667293752,0.8367423905569714,-0.13100138160603764,0.7515731889616906,1.1308257972082776,-0.21280555927252826,0.8583676726307725,1.4453768112979624,-0.28907570042286207,0.9459904234101236,0.4338175392030161,-0.09563884508032278,1.254093109664613,0.3511799997862371,-0.14203235409552326,1.1186842338173928,0.3426927225066472,-0.18137964696207998,0.9605214432716989,0.3657320500693901,-0.199840226131673,0.9381230428427539,0.06765086042101928,-0.09891912924121546,1.2141723622668203,0.03700653183630521,-0.0943582582711702,1.0712626360568709,0.06739348811885355,-0.08554064376693161,0.9225094569942481,0.09759417495314186,-0.08563476429207309,0.8714596107872421,-0.27029900129552314,-0.10035430686136308,1.10285733940717,-0.2631246231915724,-0.07089556046927682,0.9758576278451077,-0.21458741163878362,-0.02266935153201315,0.8324311541335336,-0.1808496081848479,-0.0041304564377207765,0.7781195896846841,-0.5519213824376921,-0.10739305908806297,0.9537366286912597,-0.5205399876491104,-0.06766778977178808,0.8397076799994334,-0.4540788482202035,0.0011522187908454848,0.7240573859488276,-0.4128421973008319,0.052200398646960265,thumbs_down
0.0,0.0,0.0,0.22422879172676985,0.5116018909221732,-0.05955450560277771,0.5081021462712576,0.8533076394911839,-0.14384988437319657,0.7810751383878138,1.1364374882256074,-0.22611387361858418,0.8913783784086988,1.4711032294649904,-0.3004981510629725,0.9712890457794903,0.437243206310186,-0.07645427032008767,1.2664152695937383,0.38342108408681347,-0.11877068128383744,1.130390172576992,0.38289738857754474,-0.15811367044680522,0.9676586304889312,0.39997371139234533,-0.1768836309961415,0.9700471682275301,0.06347452939517433,-0.0693365744203667,1.2220064981781689,0.0646343579408468,-0.05616304775525118,1.0839251112507542,0.10860046990274053,-0.04777454189934661,0.9411912417816157,0.1310201076331938,-0.04915779729634258,0.9063356083697467,-0.27524807937732515,-0.06356602776494226,1.113906425918714,-0.2453295676524497,-0.02684703395981825,0.9929358021297269,-0.18642344589132157,0.014205024608427977,0.8529541196986602,-0.1552711602200452,0.026519434551745255,0.8174795734122009,-0.5507909274068692,-0.06500015227964827,0.9685044443191815,-0.4983464181285749,-0.01717763612284479,0.8645513922046901,-0.42743480473136797,0.04435817884378598,0.7574744001470949,-0.3880563464667237,0.08880209885710123,thumbs_down
0.0,0.0,0.0,0.24047731049779672,0.5220663427225426,-0.04784730660853535,0.5435885485772036,0.8625080417672075,-0.12478937687028131,0.8271389944146336,1.1580936887050608,-0.19723679205434066,0.9338657462119272,1.4969330195159327,-0.25869281036101527,0.9784448204550229,0.41540319324950964,-0.1014141602555005,1.2909343238310604,0.4051837359223346,-0.1431107011865356,1.1181391189420802,0.44091593202955826,-0.17727503909124964,0.9446648053650262,0.4425008609163767,-0.19211169176046938,0.9826333412607703,0.03211712206376198,-0.09574114709615474,1.2511459407863093,0.09149912435656017,-0.07454322012811615,1.1003458558081862,0.1565889223297842,-0.055769214123054175,0.9509942624729031,0.15724135907542597,-0.054289306009561306,0.926881800670529,-0.3068114571698627,-0.08765659122355775,1.1502480342543246,-0.21539747786029662,-0.037735478743766884,1.0240384543544703,-0.14829189654558506,0.013263498181821867,0.8790210516643705,-0.14065859179036425,0.027786596241151967,0.8447506831712027,-0.5754943467893898,-0.08566796068884883,1.0050346953717442,-0.47124603395038317,-0.02677136290365323,0.8995502405854131,-0.40085980371654834,0.04247954260035177,0.7874398597926352,-0.38577169105161246,0.08968283784285112,thumbs_down
0.0,0.0,0.0,0.2542049183612454,0.5142459416309468,-0.04400406351570747,0.5631211441166242,0.8473401699988268,-0.11909808362917897,0.8434815205348748,1.1311659577190978,-0.1879482598550329,0.9425621764758882,1.4451676540790375,-0.2441263539136393,0.9616116980598673,0.36692192681340097,-0.1294813648052566,1.3039029887514606,0.39147575860670636,-0.1846793076249604,1.1191773140687569,0.44162898511866083,-0.22249398276663912,0.9356098486598666,0.4335092315094054,-0.23650998867410883,0.9572604768357879,-0.024210772459328796,-0.12611097485840495,1.2617957836933995,0.07846227794016213,-0.11807415392303011,1.1047780385611592,0.15461428167897726,-0.1001492157177922,0.9479425757018977,0.14336193552454427,-0.09799067806794241,0.8998261999818222,-0.35925480671345195,-0.11795170702222525,1.1524981039461633,-0.23953631567503336,-0.07569475752493743,1.0226291528528901,-0.15667673391369039,-0.016930429712585366,0.8732703353588921,-0.1556158101226463,0.003927761303535053,0.8180418788195104,-0.6226148010321629,-0.11517153433856056,0.99986127771169,-0.4976080759619376,-0.061986596966871164,0.8933459627716609,-0.4147792159319955,0.012777087529700984,0.7788634788216675,-0.4040563076153712,0.06450097956048415,thumbs_down
0.0,0.0,0.0,0.24664539706386715,0.5162836187665443,-0.0500675410164115,0.525611033688144,0.8635555579472425,-0.1396331632018321,0.7984410320493801,1.1465728941582374,-0.2213352581294534,0.9252418024487652,1.453186764470272,-0.2872744711207753,0.9372112242437317,0.37791382494404957,-0.16332117432727125,1.3069303674839736,0.4220997561512764,-0.23252000997717617,1.1270363580557674,0.49355011949810795,-0.2685160569999473,0.9192451625842447,0.48466770691206945,-0.27584010239623225,0.9495654848883327,-0.02541284899513694,-0.15820594898097956,1.2462409697061674,0.12359447152008517,-0.14922293435907172,1.0880576802856439,0.2134693837812244,-0.12489877378835251,0.9318960914525533,0.1934940691520823,-0.12173256499052881,0.899191013042509,-0.35948823872826047,-0.14785377744267705,1.1462606664123074,-0.1767686200644629,-0.10202952579244341,1.01585631066621,-0.09238310724339324,-0.035690809912184124,0.8646270903776264,-0.10211921894870184,-0.014225510977868342,0.8232429104719167,-0.6153697681833559,-0.1433480153402704,0.9905897211799638,-0.44365591823821626,-0.08806310415157194,0.883452037663791,-0.35415962101782256,-0.010550782349567278,0.769871674646055,-0.3510051872125974,0.042122332358423165,thumbs_down
0.0,0.0,0.0,0.189291684616665,0.5286288308008421,-0.03978837143605801,0.42657367950667247,0.9270179015337563,-0.12204711906243,0.6288166076137699,1.2608743137312768,-0.20412441078847463,0.6868255944105243,1.5848597399114859,-0.27578863670298487,0.8846813052233933,0.5473946292848701,-0.10964094268489052,1.2168837860683515,0.5957420268777567,-0.17934329052912068,1.0542502378028045,0.5966251351779321,-0.23053324038095388,0.8731624573263728,0.5621758188406147,-0.2504666695110814,0.9267346594672624,0.16725848657986833,-0.11512825983676434,1.2226315768605593,0.27030093879153083,-0.11829568695255897,1.0631531428999923,0.2939051187185596,-0.10785483433561743,0.9004406914873507,0.26103184216551883,-0.10854186230901341,0.910205461729727,-0.1752064612814482,-0.11843639914546979,1.1671849191867656,-0.051447886642185525,-0.09077648365515628,1.0282334424165334,-0.016653621931030895,-0.03495716192875326,0.8720932185253584,-0.04029017237994469,-0.011865617344796691,0.8640187964726652,-0.45224451494029766,-0.1268060836659721,1.0528846064107804,-0.3382557684374558,-0.08058074922834793,0.9316185619566639,-0.2936421082282439,-0.0027565403355535524,0.8099013533537749,-0.297858368703767,0.05271179762567145,thumbs_down
0.0,0.0,0.0,0.17247890678157388,0.48126463851444734,-0.029285260867958168,0.41008860473200953,0.8979888834464675,-0.09924749283646882,0.5862901339191393,1.2230261368613817,-0.17723769115098503,0.6364281388542666,1.5326643403568465,-0.2507963530644455,0.7892232290742465,0.6282638950022493,-0.10437610757596356,1.1675044074004493,0.6237277709718205,-0.20029536260826475,1.0298336276290034,0.5423931965396233,-0.26234449880077904,0.8449125301273684,0.5091945362172674,-0.2859425003511512,0.8221890428237345,0.2972729787973975,-0.13182359759741724,1.187871175625559,0.30664237415835816,-0.181462693433488,1.0365131092339475,0.25499135362631165,-0.18570675454896893,0.862125639957612,0.24267971286760726,-0.18348276227933852,0.8154871533896024,-0.042776545920110286,-0.15952214055295408,1.1356492425759372,-0.02392571605224835,-0.1804403057813602,0.9985415812945233,-0.04413660372648453,-0.12312280649575397,0.8386178786323942,-0.04574607041425691,-0.08471511746808394,0.7808124991011599,-0.36799695898230117,-0.19036198106279967,1.0322731582501792,-0.32973997478408923,-0.18387698480140688,0.9179104178481442,-0.31322832743277784,-0.10759634249321728,0.7860793132138097,-0.30458280237993757,-0.04548015026294919,thumbs_down
0.0,0.0,0.0,0.2156229280796122,0.4405594453825676,-0.021750974437693957,0.4994774037783786,0.782071905797936,-0.08543065319880618,0.7243524358792706,1.0843520776658575,-0.15413496437945184,0.7987646651950858,1.378885114073777,-0.2204586084424594,0.9087039901893821,0.4693335740221042,-0.08993512413440409,1.2138862635947014,0.3487743357421615,-0.1479434045316565,1.0630999540541521,0.2879985783178469,-0.19718880949678863,0.8985296081371498,0.3103479763048396,-0.22429150134648002,0.9059712094392055,0.12119773845521759,-0.11191505665539137,1.1750891010926272,0.037428407311521854,-0.12761521432172845,1.0189847945366772,0.023104247083095466,-0.12582377792718288,0.8637110111716775,0.06637564044302185,-0.12933000113504778,0.8537333817660484,-0.2176254538145114,-0.13012023378253035,1.0856801580304294,-0.26536445654899093,-0.12414863133307855,0.94517606612727,-0.2563772118596771,-0.0751890882172518,0.7943443521298122,-0.21286366139623905,-0.050928690243864295,0.7742878792166957,-0.5196814411764477,-0.15142991109059045,0.9555708489807454,-0.5397539948347193,-0.13311611503317147,0.8327744952718765,-0.503533535262199,-0.06717763289881151,0.7068471258886967,-0.45816691540118537,-0.015256748694458366,thumbs_down
0.0,0.0,0.0,0.23712724175103886,0.4552688482668199,-0.02391182255109393,0.5061651110772027,0.770832826042712,-0.08740365506837304,0.7626846713052845,1.027504047242196,-0.1547817358298267,0.8743042482768327,1.304730643030621,-0.2195253034122516,0.9904524025345766,0.348765172598107,-0.06334915033629986,1.1857782097921121,0.20208872738992803,-0.09834728918999623,1.0197306979627554,0.19704141162193056,-0.14627154486030836,0.8644288972536293,0.24033433999979514,-0.17733919221521013,0.9759499428934385,-0.016465358328328576,-0.07669980617984881,1.1270139303443438,-0.07773252680095466,-0.06462536352449211,0.9742990600900878,-0.050520491358947275,-0.06927726345866149,0.8260103718164948,-0.0025173789265839994,-0.08438597455056916,0.8913839784383568,-0.35030496615488943,-0.08544435621614258,1.021121728528481,-0.3652479188085072,-0.055584208218590336,0.8888125038786612,-0.33131353495894106,-0.02380442181466553,0.7451856999871459,-0.2799661532081458,-0.018066262247747225,0.7832303859597416,-0.6289032726400717,-0.0983269580466365,0.8824842807980581,-0.6229199092205547,-0.06405900458441266,0.7604252126294289,-0.5697670857146614,-0.008819213551150206,0.646442815683044,-0.5123638910357176,0.03359949169924674,thumbs_down
0.0,0.0,0.0,0.2094444009149686,0.4945377051443663,-0.0250712127121733,0.4631697568352813,0.8776029952489105,-0.08870631265540427,0.7032537433489341,1.1672928031366006,-0.16025217193956978,0.8126953843911131,1.4635903422233083,-0.23151963084496618,1.0341701151583804,0.47705802885563636,-0.024476743633517303,1.1467422755900365,0.3506150853387619,-0.061282738083628045,0.9755883550156321,0.3159551021804075,-0.13214892398140854,0.8175686247289221,0.32864486776345053,-0.18102709795535155,1.0531620699559934,0.11509056709134718,-0.04418659671434916,1.097532527158802,0.05334742473240996,-0.025687131053534342,0.9400889029707141,0.047608996485777315,-0.056086101133886686,0.7898466050154029,0.07311609400227247,-0.09196017083100656,0.9905362507530958,-0.22233271734985816,-0.06071557336383846,1.0334726152746914,-0.2115790797625417,-0.03225499977734793,0.8915951721191957,-0.20833745419690178,-0.018951069970633973,0.7404537371456779,-0.17622262548138878,-0.024092338687766408,0.8992368080130622,-0.5120708769993968,-0.08293194207516338,0.9430939135315628,-0.4994222618519697,-0.0536007836037719,0.8025888374038561,-0.4711138484309244,-0.0025067573787088617,0.6749175533838481,-0.43099217370545406,0.041509165362707705,thumbs_down
0.0,0.0,0.0,0.19821952868845974,0.527967825165502,-0.04341584246158781,0.4477031260830963,0.9248302494092278,-0.11802253302568234,0.6852119383614084,1.2225954845621931,-0.19530943501015124,0.7762724925473736,1.5387300212207202,-0.269048707349819,1.0389642978361342,0.5006009298025181,-0.04876590463614797,1.1208700674963088,0.4892391882928313,-0.08655271560785709,0.931739303252925,0.47021178185569945,-0.15855450709315658,0.7856745903913979,0.44756584623272105,-0.21289541939237042,1.0632324411566774,0.12736531095239126,-0.06083882339551429,1.098473541067142,0.1815751327837968,-0.04891923922093322,0.9324665720785773,0.19018603759703204,-0.08205791394196704,0.7899407451309233,0.1643627545974284,-0.12273210462924504,1.0072757070308014,-0.2073061972579575,-0.06979429097251504,1.0513844565128367,-0.1173889431999269,-0.044101987916030996,0.9082099560737147,-0.09605712156451048,-0.029734214343952382,0.7644328914058461,-0.10194548400160051,-0.03664906254679219,0.9226819769415228,-0.49194391572656143,-0.08527825132898828,0.9708619647343064,-0.414688893974521,-0.05477718690109672,0.8354736420683787,-0.37220340012783937,-0.001303300873015473,0.7129319887593272,-0.3585215243530311,0.04167086048733404,thumbs_down
0.0,0.0,0.0,0.19993032913725078,0.51983600611749,-0.053185606923040626,0.435073564356894,0.9172248686650428,-0.13804106929201887,0.6634306162515965,1.217697043247371,-0.2241658928257945,0.7736109643752186,1.5289900234947247,-0.3069238694384276,1.0539378965931598,0.5131923851653526,-0.06304232449294495,1.0946753625960615,0.4788369971148592,-0.10505540718769306,0.9002867437399579,0.4469191040700387,-0.1824078296293415,0.7620773468461771,0.4157451079178906,-0.24112242424144692,1.080212249090545,0.14571053587781718,-0.07293259748036703,1.0630458099894668,0.15966235425681383,-0.06201965049791009,0.8929174481533259,0.16323391685967314,-0.10129183256380433,0.7582656791943861,0.14131682786187472,-0.14847557313271326,1.0239612099930506,-0.1894085828858501,-0.07946665878005006,1.0081303552266554,-0.13359059039446475,-0.05349432178872379,0.8662132647424513,-0.11125760515119529,-0.04595020641269802,0.7317576530333084,-0.11104215374568067,-0.059217802444874956,0.9424316112127138,-0.4800986205192906,-0.09369075588257371,0.9432473252405577,-0.43031005168969505,-0.0633374354714912,0.8033057419223409,-0.3880290532293752,-0.014294763921480819,0.6843186836111161,-0.37095908490688584,0.02534273736504647,thumbs_down
0.0,0.0,0.0,0.19046149665759435,0.5089527367310736,-0.05316153558680578,0.45716393381027787,0.8949127768460734,-0.1202173655668115,0.7000342110772648,1.1732947235077984,-0.18767967351740428,0.803355124402174,1.4793940235704275,-0.2574370035909635,1.027514039955244,0.44986124924669946,-0.05797386596700412,0.9878409062858184,0.3811231264637884,-0.08722577461470116,0.8055979208826773,0.34716575201116434,-0.15871454703818938,0.6861913057390667,0.3281487521735705,-0.21660146274042613,1.0462536813532024,0.08924415675329292,-0.06262869516219502,0.9492402252496501,0.045795685264358864,-0.027798807906760908,0.794679787482439,0.05109268762131848,-0.05947552738659664,0.6819841588978511,0.06777008744457552,-0.10929693784124529,0.9790122064641673,-0.24304539377201173,-0.06349881804278854,0.8985956618523702,-0.24093094354984962,-0.029491440044268784,0.763308916439435,-0.20707581103183625,-0.028186502150913728,0.6450846096247803,-0.17113668333601292,-0.0503306610372642,0.8851258308074855,-0.5398482915461532,-0.07213800234360729,0.8223133895113744,-0.5188549768661374,-0.04402848926166246,0.6842900408273694,-0.4548972083663551,-0.004221908974338898,0.5767108596939393,-0.41044154505348995,0.026303490704641202,thumbs_down
0.0,0.0,0.0,0.19239872039489053,0.5048000705431672,-0.052882080224495046,0.4486169253982027,0.8834037270665229,-0.11621165930417357,0.6976689242228705,1.155355873842226,-0.1803516664964572,0.8210689322419795,1.4441563113319162,-0.24641100633754906,0.9968222732226958,0.4135820164353954,-0.06367471517833985,0.9278313224813333,0.37408971170620253,-0.08809040021254601,0.7523540739249528,0.3534603962252066,-0.14982734128589842,0.6417363689891505,0.32841249314992044,-0.20264172919206055,1.015921437918216,0.04537451481393801,-0.07094559513991153,0.9108444311527195,0.02653148405424732,-0.043163465764659556,0.7549897032126888,0.03637878052222502,-0.0750278640115415,0.6441857190508287,0.03976174432402661,-0.12443699940456246,0.9484040889115617,-0.2838873229024131,-0.07335977962689733,0.869519271895707,-0.26979995643178406,-0.048953714341600084,0.7316327276358449,-0.2355024027387893,-0.0430874606526138,0.6165975439106695,-0.20608580829047848,-0.06121462356902825,0.8505198996427177,-0.575468643123968,-0.08302434850956693,0.7965421674776887,-0.5688723626726675,-0.06618808573016768,0.6630686667875317,-0.5011620816104531,-0.02363657957240212,0.5610408735438164,-0.45530634546253207,0.009371221769917282,thumbs_down
0.0,0.0,0.0,0.1807335227504428,0.4866787449510649,-0.0643802477053141,0.454722911905206,0.8491265209335086,-0.13149831020930067,0.7087879294575109,1.1009717601190725,-0.19627399020941474,0.8461503979654768,1.360724138812199,-0.26519045338086683,0.9605149555939584,0.36345915429155057,-0.10461323890325151,0.8712148480739584,0.2586063688558592,-0.15149075864075312,0.7026222432938759,0.2425611365688496,-0.22786235717117143,0.6018073091377246,0.24480718450206085,-0.2889729965328281,0.9717408169989363,-0.008470840621404423,-0.11171736086232413,0.8512466938607163,-0.07351100350607585,-0.09822409039879555,0.7069567217614765,-0.05948962240254947,-0.1306530749363109,0.6140325086338438,-0.027995695900460124,-0.1815899695532243,0.894802729633755,-0.33635881278162005,-0.11459884669099178,0.8001053207693765,-0.3540721625394942,-0.10415441937559386,0.6685429536250005,-0.3121525018445017,-0.09527860670702121,0.5696697782571127,-0.25460135453440697,-0.11128322891227058,0.7892406659033654,-0.6215313752958469,-0.12603225648392566,0.7189761429869116,-0.61431381190813,-0.12271315832969877,0.5855716224938053,-0.5395123159492003,-0.08258102533545082,0.49188011911218565,-0.4813482120881318,-0.05076886680816316,thumbs_down
0.0,0.0,0.0,0.20832420841070326,0.4732773115243047,-0.05809766451224236,0.49137370824519455,0.8301649368776455,-0.12204996396736245,0.7569178828496179,1.0655220066285074,-0.18384069563664307,0.9061874570364886,1.3328852065392784,-0.24819711333768113,0.9973968272959947,0.30450796482737164,-0.09680002396843407,0.8943325070976987,0.25763119105432813,-0.12923056776084207,0.7174077146323182,0.2502958709461136,-0.18940009522084789,0.6089745881705081,0.2430164177084872,-0.24089960811749594,0.9997622305966938,-0.07025705911415367,-0.1024089442958961,0.8608425528549701,-0.09544296171267047,-0.0816205849573227,0.7028242267340066,-0.07721248450236924,-0.11035401637978533,0.6027163813272317,-0.056108215469017335,-0.15958934103268244,0.917089318163046,-0.39316868845064956,-0.10248787370899881,0.8030706219798399,-0.38260649789726775,-0.08845918748161949,0.6651520785590547,-0.3371722067228084,-0.0838876451073898,0.562742518084051,-0.29184741461470165,-0.10345870025264312,0.8042237141887778,-0.6765712669072576,-0.10974951938162528,0.7325308765005105,-0.662338622956239,-0.10477056785363205,0.5976313787663049,-0.5791115111663575,-0.06772189831904227,0.5016163402988125,-0.5208099623580522,-0.03856162218229042,thumbs_down
0.0,0.0,0.0,0.1985575204860541,0.49885756506957707,-0.06081378160891375,0.46701178982069413,0.8616244499500463,-0.12977740437804208,0.7163032062113367,1.1120092787812406,-0.19673390917954317,0.8584236532900661,1.3802274328159028,-0.26592426021733817,0.9813580772318095,0.3604608990068537,-0.10580853794039843,0.8701157740090631,0.33592918134466804,-0.14595132828611582,0.6983783035784381,0.329144728169136,-0.21279749021542738,0.5964018708660378,0.2992496625013785,-0.26866911781930775,0.9852848732720955,-0.0175431461198503,-0.11392405319215641,0.8502390584525158,0.0016594271549845818,-0.10353920372622746,0.6951124097095854,0.017105119138115674,-0.139881470411528,0.5896119009778894,0.003252653758573502,-0.1930928960925087,0.9077375473672176,-0.3410939276960529,-0.11584288651819583,0.8061859015262728,-0.28398712537710874,-0.10624880608663342,0.6714766061762878,-0.24616895704981384,-0.10215304348274618,0.562198252644946,-0.23450441989389828,-0.12148854367204362,0.8005643713702579,-0.6228644379439302,-0.12542785575407786,0.740102304438077,-0.5800415079311233,-0.12410790468185567,0.6111226668113864,-0.5017317723426721,-0.08719151199060356,0.511203967904868,-0.4635285374747591,-0.057753919716553186,thumbs_down
0.0,0.0,0.0,0.2037314857808799,0.47210865082204795,-0.02875843195828187,0.4534360709315246,0.8336798091205315,-0.09507560420563545,0.6842527207926372,1.1149276262436343,-0.16637986588905873,0.7897673653334387,1.4073602004868238,-0.2395322483576488,0.9980033682102516,0.4819579933355363,-0.08197432259023416,1.0187598282853008,0.322136840014308,-0.12637058200891593,0.8477760867821189,0.29047959636002185,-0.1940036328985066,0.7180149579058619,0.31184411873815454,-0.24428931650399716,1.0216945734286553,0.12443530540567306,-0.10247682131411617,0.9609675178993499,0.012785143320563538,-0.0919251325314954,0.8044463693688144,0.008124387993977127,-0.11823962910617614,0.6837111653039535,0.05003212637559147,-0.15656651491054563,0.9597133893992401,-0.21075481651423877,-0.11645954914675317,0.8905980299457998,-0.24384776282858323,-0.09856673361399948,0.7578852653066581,-0.2273582955123251,-0.08869190671850524,0.6348085991094373,-0.1780851913518674,-0.0991414765309006,0.8698162339414556,-0.5083084154662098,-0.13620068340162125,0.8297780760090789,-0.5180701378908857,-0.119036638720507,0.6947576304766375,-0.47359080268581405,-0.07687563176704218,0.5847711944152427,-0.4205711479808365,-0.040021561800409465,thumbs_down
0.0,0.0,0.0,0.11487383693930661,0.48929379980978105,-0.025724788063971573,0.3078891881915977,0.9023009484657195,-0.09067885247849665,0.4632141221884815,1.238136741588387,-0.1637823900558161,0.5171569610323368,1.537646371822561,-0.23360125841362583,0.7419271674307814,0.7468664317672928,-0.05906363045075109,1.03547107517913,0.7277698866681608,-0.12916233055243742,0.926484543746563,0.639933821979239,-0.1875840010256768,0.7725309015377927,0.6077607429446286,-0.2160680261667786,0.8018819746712047,0.41861697869822095,-0.08229887824504199,1.0722013871136808,0.41619107907599373,-0.10724048076091944,0.94954617301895,0.3461727595195761,-0.11648430630093834,0.7939387368281806,0.31531467290347925,-0.12299919112256992,0.8129136350751414,0.07309166192904447,-0.10651239827451495,1.057026696314718,0.10204562343759957,-0.11002720530494109,0.929782078251704,0.05718507932528202,-0.06780221470334571,0.7790998315550461,0.04118902093769104,-0.04418013258959989,0.7870682030452131,-0.24927752305448792,-0.1342933331995899,0.9630409308428852,-0.22105143196718957,-0.11739017006955478,0.8425110179505532,-0.23302409612015423,-0.05201685482145908,0.7188192922476516,-0.23325834171152554,0.00024455010044633247,thumbs_down
0.0,0.0,0.0,0.12220538658042465,0.5048229525602592,0.0006680904686058604,0.3276020126508949,0.9623140061622724,-0.0520020270310915,0.44678686061263617,1.3317390120038535,-0.11423177165666072,0.4491429199375274,1.634346606617019,-0.17592787472548982,0.6315816884016842,0.8434408166303627,-0.11978618886552653,1.0363760057973421,0.865810639463409,-0.19965388338119497,0.9195501573343584,0.727157920274696,-0.24011651018950597,0.7453899384198508,0.6915984774772628,-0.254933945164266,0.702388915566719,0.5227433122755822,-0.1612370509878489,1.10205458968153,0.5587535817325204,-0.21392158240997777,0.9631970383801288,0.4353721256055611,-0.20639954572149935,0.7819804021864128,0.40368881202191526,-0.1942930735587463,0.7480311946097767,0.1864089832416669,-0.1967383028441776,1.0864167849444397,0.2236345245633577,-0.21919181343857547,0.9526065321135835,0.1450025146820451,-0.15647582224645523,0.7848911743140863,0.12590314524632096,-0.11376681072382955,0.7635886345945204,-0.1414017817537379,-0.23229939948941064,1.0170267215829794,-0.08881775221225888,-0.23288804679890018,0.8957318088431636,-0.12370585531021189,-0.16018707202264446,0.7536910293024751,-0.13698564060649998,-0.10083743443012716,thumbs_down
0.0,0.0,0.0,0.11826256553763394,0.4516507548405587,0.01253175617190632,0.2903345419144251,0.9077041620230328,-0.08260268447689394,0.3396504609951617,1.2561651050780955,-0.17830751072720002,0.29213721012797395,1.5519485999711773,-0.28310085295745213,0.29531800171731154,0.7647125656917027,-0.3597570242196767,0.812521868335998,0.8672189638359263,-0.4752106867377459,0.7182889171520255,0.7538108943699746,-0.4931878896314722,0.5374384643128585,0.6925935997154009,-0.4873588113483854,0.3222893070199756,0.42435751088043583,-0.4202333069241967,0.8855689966405292,0.5754738222776355,-0.5165690670492449,0.7723934384271867,0.4815317454947003,-0.47483135568987206,0.5741460606508937,0.4193232186579506,-0.4470079013531009,0.37051515310264976,0.09684140738227226,-0.45850188214741067,0.8786943825603479,0.23733844978884813,-0.506197782605622,0.7545427870780865,0.18059346671786214,-0.3980750492677434,0.5681591312314833,0.13848822049132092,-0.3311326945220396,0.4221486539806487,-0.2184231416514849,-0.4915074192599449,0.8233312882295654,-0.07165582615329082,-0.5112945563438641,0.720909610784673,-0.08320608149545498,-0.4175012997060389,0.560638757154177,-0.12950500233889445,-0.3537555334300689,thumbs_down
0.0,0.0,0.0,0.04819432223877663,0.5118784512348186,-0.09658661583254159,0.057979144568575405,0.901598869102676,-0.2053662623066153,0.01516021149311534,1.2060448302002778,-0.30560205181576877,-0.11146963866698152,1.5081063504568986,-0.4165200162287919,-0.1258639178550724,0.6094900128380412,-0.32412902965984436,0.28524517200829724,0.7557984314503052,-0.4537568215448677,0.2580043217029019,0.7569797594915388,-0.508885102452745,0.11658163029553853,0.7572283037818571,-0.5400259815288035,-0.1084158116098445,0.23673992185254883,-0.36478065776149987,0.394189759120253,0.42590985284100485,-0.461500560534354,0.29891015689431893,0.4504048333573467,-0.44504477479484383,0.13660083315356028,0.42561377816847434,-0.45216192347872086,-0.04936871876593762,-0.08741233375351076,-0.40405826791955485,0.43991992810621333,0.09996530573902501,-0.5132077679162824,0.33764048688322945,0.12463951540495892,-0.4386366209789662,0.16809268201806368,0.10936938990297775,-0.3933235496634739,0.037233122949224685,-0.3687179302278198,-0.4526147308243666,0.4245280059998133,-0.2089871297220757,-0.5674000159260227,0.34283120070732553,-0.1736532416287488,-0.5312853422832301,0.1921697912574562,-0.19822842966507384,-0.49620773454503464,thumbs_down
0.0,0.0,0.0,0.08324480188851933,0.4553601041561271,-0.26542220762736235,0.1303437854939131,0.8570123730234229,-0.4674361529654623,0.07824822887874029,1.1167180939867358,-0.6174557417265044,-0.07587932933478175,1.3308689555697573,-0.7506521636121366,-0.08070178902676478,0.35677256449301453,-0.5510054206124891,0.48601309985092356,0.3187934980350521,-0.7261579606348233,0.41005390202173997,0.38674454815887793,-0.8072234840965098,0.22474302131059326,0.4076732884319358,-0.8809881619278455,-0.07768329239500461,-0.05996100594386591,-0.5073747263764952,0.5444001639984439,0.024294931083780714,-0.6456611674103565,0.4241650676126569,0.13541011032213643,-0.6482438482909973,0.24603276717834746,0.12150021333711215,-0.6837811352038595,-0.02030097390705942,-0.3831249079925866,-0.46720646448697833,0.5653789551946602,-0.2650632995677883,-0.6063787136808347,0.4498166981880101,-0.14953724961193368,-0.5420091997957627,0.27334992209029374,-0.1808031028871069,-0.514143980619523,0.06378830419560202,-0.6283030822808343,-0.45747155993265287,0.5024447114325286,-0.544404956108108,-0.6185730354061075,0.4372358129498325,-0.45505234422436536,-0.6344932223952261,0.28363165960295716,-0.4482411590217765,-0.6422103825526464,thumbs_down
0.0,0.0,0.0,0.31337046868655966,0.4536407120247551,-0.0519540752191707,0.6386133421468642,0.7251347147694549,-0.16594183067743573,0.8625690887861994,0.9872992546129484,-0.27340687684562665,0.9526757828448166,1.2648264574186416,-0.3628919982019174,0.7873187906271335,0.1911600316137562,-0.2942317040600968,1.3263406689969208,0.16061598909170274,-0.43348202100011013,1.128396879820996,0.2880891717655303,-0.47623927280191874,0.9128199636071516,0.3166811015525683,-0.47344727351114235,0.7278710992969354,-0.22110495459878904,-0.3076524445699967,1.2756067402319133,-0.17110610792256145,-0.3749960850982865,1.1054788994500588,-0.02730415439842364,-0.33170161540903875,0.9040818825367682,-0.014511515280454456,-0.2978104968065189,0.660179434706406,-0.5500083157838973,-0.3131512592967125,1.1393357856113204,-0.44055293468467427,-0.315737587593288,0.9972361274506728,-0.31034502556326565,-0.20800959758770082,0.8215271897270897,-0.3107186462339538,-0.14424920589556295,0.596971218164134,-0.790098837925301,-0.32421224121963776,0.9775900914147558,-0.6900845637738509,-0.2863185522830477,0.8740529501701606,-0.5711234106107743,-0.17991419364390163,0.7320361960044882,-0.5753614628339052,-0.10828663598442742,thumbs_down
0.0,0.0,0.0,0.2841330261951832,0.4977136291242839,-0.03210008410568158,0.5902405292140872,0.8319532230409628,-0.1118645788765879,0.8709827458504488,1.1041646410674149,-0.18766959905930417,1.0033635323681283,1.4002356535164626,-0.25049897040165897,0.9286445242440636,0.32490845287990866,-0.16443356610715884,1.3123655889663066,0.3009669680316452,-0.23401282402721063,1.1318965607517593,0.37778018730812324,-0.26668382825167086,0.9396986398368862,0.3822208321240072,-0.2720664518098104,0.907338819229964,-0.0732973903344701,-0.16808792635258832,1.2464754606015824,-0.005143810604285545,-0.16416395894115268,1.0817206591365316,0.08788480482677638,-0.13189401307640095,0.9187881926106768,0.08727444818746506,-0.12155952665964033,0.8394210839257029,-0.4025383926683811,-0.16440843598278201,1.103025272278289,-0.28645707647563784,-0.12199766602772155,0.9710277329527353,-0.20750378740837233,-0.046762432602600316,0.8185193716782314,-0.2098458535824739,-0.017027502962303768,0.7555925848503425,-0.6600040747129025,-0.16501602882022703,0.9561957390557676,-0.5344245610150266,-0.10578796808192373,0.8499270796027216,-0.4556372365437813,-0.018771954562025416,0.7343785971129908,-0.4521956549210456,0.039459668168390014,thumbs_down
0.0,0.0,0.0,-0.30041009472320057,0.5021088736844501,-0.0802641258151859,-0.6179368775051342,0.8775920024594268,-0.19263020786912277,-0.8416340123450904,1.2476091150731543,-0.29689449639072724,-0.9352991232800004,1.6045358569775594,-0.3857890360119291,-1.0875321497452515,0.1366128992722696,-0.17310761976863137,-1.3941873917514023,0.30544843564916846,-0.2006242224784549,-1.2049988695664695,0.383317993905621,-0.20826381333485686,-1.0233651366508862,0.35545437765733995,-0.21952541116530713,-1.0631316745464563,-0.26987819634928095,-0.16662946660917483,-1.3395302547162447,-0.06954834109021236,-0.16475874662337706,-1.1819963540122786,0.02769665957934509,-0.15310577793747904,-1.022588425191054,-0.012705644472209066,-0.1696648379053373,-0.9611096564327436,-0.5888876269412214,-0.15091984028246636,-1.2006979205949684,-0.39293010067877854,-0.12891072825060926,-1.0783132380257474,-0.2907538291209404,-0.07930349169792478,-0.9288876242435815,-0.3054097210592703,-0.0734140347096641,-0.841724144749697,-0.8321779737624598,-0.14112842333231695,-1.0782418580006226,-0.7018761575590607,-0.11773108701415486,-0.9790478196958786,-0.5885803298839046,-0.050792162213183216,-0.8401029712977107,-0.5878387035211675,-0.009228133366131853,thumbs_down
0.0,0.0,0.0,-0.305574841671896,0.5477900195855872,-0.03464133454978237,-0.6150378466949982,0.9621609398143549,-0.13385328499380275,-0.8189857885683761,1.354534376521662,-0.23303268571925817,-0.8762703481221482,1.7178722465748868,-0.3172559993165766,-1.0596978977409546,0.3006463710971383,-0.16987665062164467,-1.4261458151732984,0.5160769607045711,-0.19229768402261277,-1.2161982850089277,0.5556775057125835,-0.1838214569554587,-1.0423401119412565,0.49332915106716907,-0.18281277202066032,-1.0725017718965582,-0.1060980460014822,-0.185574785433712,-1.4235897525351764,0.13945070639511073,-0.1902780486756128,-1.2365682495639263,0.21749066372607992,-0.16380668149932576,-1.071139464818098,0.15294328568128845,-0.16600477982876316,-1.0133933520013798,-0.43615212617413585,-0.1848150198285907,-1.3187023776579665,-0.22900533020743333,-0.16399573558862315,-1.1752638269059086,-0.14363610038161737,-0.10010364688270856,-1.0125874461731466,-0.18554199519513057,-0.08138396934207412,-0.9307747138067077,-0.6908944879365859,-0.18489455696442153,-1.2118703169778462,-0.5677455528076263,-0.14991747375678202,-1.093357454806804,-0.46595855927261515,-0.06830657654799031,-0.9393200945715946,-0.49317086971259855,-0.01768189873328944,thumbs_down
0.0,0.0,0.0,-0.26476802126987975,0.5243676431246252,-0.05781742219030999,-0.5425219037022043,0.9598019597895382,-0.18041798378941826,-0.7086338729412553,1.3970112088362845,-0.30073546245942845,-0.755604112242482,1.7730665205387233,-0.40616600266189107,-0.9791643625245606,0.3132852644776772,-0.24176135636915058,-1.4261745360076066,0.5634222174524972,-0.3027352544657109,-1.214481115065273,0.6368551952088339,-0.30766409408212725,-1.0241080994513099,0.5811860898969134,-0.3073179769634831,-1.0003895955906537,-0.08757302992117605,-0.2532033203628856,-1.4442730268518766,0.20007149347494513,-0.29168553507044587,-1.2644223050507095,0.3046057966350908,-0.2701595356810694,-1.0895811601632968,0.23434684413533896,-0.26936557472235817,-0.9486661989103433,-0.41902467883149946,-0.24961005598678274,-1.3778070224098886,-0.18883267982767935,-0.2501426720947023,-1.23829721595922,-0.0837625022735648,-0.18203540077299632,-1.0661063457894906,-0.12908632205666987,-0.15554472062066116,-0.8786497235119348,-0.6816334415139164,-0.24755582029383927,-1.2325020132371134,-0.5486626362937255,-0.2321420624365761,-1.140238869983203,-0.43419283390603475,-0.15629570819621633,-0.9910972668744218,-0.45834234081432895,-0.10692655579119131,thumbs_down
0.0,0.0,0.0,-0.24090135202842172,0.5385085049772068,-0.0630838967781114,-0.4878518662792474,0.9476852982616208,-0.19591243385160845,-0.6673966593924947,1.3454243078036734,-0.32287469178880446,-0.7112884502067788,1.710335283596556,-0.4324757095420345,-0.9222802554916674,0.33667196166070895,-0.279322518246414,-1.418810859366851,0.5776937934361286,-0.34108028296086523,-1.201775885876822,0.65514968331955,-0.3290894387381148,-1.0014552295262833,0.5920434707651369,-0.3149431833699893,-0.954748048803296,-0.07200732819082803,-0.28983096707466555,-1.4397995102169994,0.21899981234903015,-0.34013169226629597,-1.2443543875086558,0.31959141006641406,-0.3034776960290876,-1.0673630457496932,0.24057707569446207,-0.28744978752279693,-0.9212798540103759,-0.4030700884962797,-0.28374808850515393,-1.37383235322268,-0.16187443022021625,-0.2981187261632808,-1.2189937004664528,-0.06973559564793157,-0.2166970258765399,-1.0444581075803785,-0.13261763195668683,-0.17647321773279123,-0.8734314124004033,-0.6621339122350723,-0.27853715213445357,-1.2536553040965515,-0.5090059520058706,-0.27354761977642666,-1.1491214412249116,-0.4063260386738558,-0.19226293897807042,-0.9934484212655943,-0.44709614529726793,-0.13652519994273096,thumbs_down
0.0,0.0,0.0,-0.2399718644345408,0.5075059656637502,-0.07825836448612121,-0.4966930789434651,0.9015858569575017,-0.20019651488041637,-0.6935744076525675,1.267366092334559,-0.3173728323584109,-0.7747006865015729,1.5990095684848633,-0.41678921533819907,-0.9673897396176016,0.296157575120754,-0.22448119826455018,-1.4127166685652346,0.4788687250191158,-0.29728814966113626,-1.2314683858212805,0.5635617900273339,-0.31393417426803627,-1.0384124188076855,0.5252147985730419,-0.3165206404144305,-0.9810463586826458,-0.10351161792744107,-0.2260473160671312,-1.4122743368029156,0.10771347039222941,-0.27349547806134095,-1.2432754715364394,0.22494635126878842,-0.25904381030053536,-1.069929305066009,0.17597382064712855,-0.2562108145268,-0.918173597321701,-0.43062403664776683,-0.21850160157808085,-1.3138258912400964,-0.2630682862377869,-0.23208828329284983,-1.1850863989984246,-0.15043828932906583,-0.16937475612898817,-1.0173325270548486,-0.1814769305561405,-0.13897805523162016,-0.837563870990803,-0.6953347563846106,-0.2150896913911279,-1.1714477365678453,-0.619615220172989,-0.20970531972751513,-1.0872311209274295,-0.4903501970959776,-0.13875306421322314,-0.9457986823369968,-0.49544150152126104,-0.08775986977426171,thumbs_down
0.0,0.0,0.0,-0.2702203555299288,0.5156675344482201,-0.06882204589991328,-0.5709357590692444,0.8705186779319145,-0.15910311219331433,-0.8121472669528382,1.1842983771426006,-0.24096577766087782,-0.9299779875767448,1.4993062723333124,-0.3046633220360319,-1.0714743683017427,0.2524899851987211,-0.14829635487341963,-1.3719591135447127,0.3946206762386695,-0.16333896900305728,-1.2152684147880186,0.4722419488001377,-0.15182465026781816,-1.0407706577613833,0.45940474454424163,-0.14643118270654193,-1.05455189648789,-0.14572372903766237,-0.1396919607165223,-1.3345300491214716,0.02748876191500566,-0.13575789546800157,-1.200687005786045,0.1304087315364864,-0.11455812043178126,-1.040341443096534,0.1060243449398233,-0.1175428380433936,-0.9613273035548138,-0.4642343012440147,-0.12281277448824343,-1.2142994121513089,-0.3007213483407678,-0.1031271682481571,-1.109892053206486,-0.20407790009252733,-0.054764773322226706,-0.9573930339537431,-0.21423637681405883,-0.04363210155146704,-0.845004779059332,-0.7207822079140124,-0.1101812232075847,-1.0894502589329265,-0.6486325306091556,-0.09599397311939697,-1.0198907316207964,-0.5341784572101026,-0.04119923335653649,-0.8985394995768927,-0.5177767500034632,-0.0033224406240796754,thumbs_down
0.0,0.0,0.0,-0.2781255566636225,0.5741682322867268,-0.06856825133801987,-0.5908752556088518,0.9535951637911309,-0.16822790736237273,-0.8459801069379341,1.2758747671058874,-0.25941251555366346,-0.9943988183301354,1.5938288402325758,-0.3359665519147457,-1.135854183632996,0.26759355187504286,-0.13981496410970218,-1.3698269775665852,0.4943866590138327,-0.15291287518728447,-1.1995084239607057,0.5592298102807381,-0.16513241371125537,-1.044297127985549,0.5120315866999781,-0.184839950614951,-1.1336387777738355,-0.1372075123413812,-0.13561975191334913,-1.3339323953558915,0.11287720748418459,-0.12100123690472644,-1.1967800916218378,0.19476312744103347,-0.11671878828796484,-1.047763714957287,0.14675988533016976,-0.14120743672715177,-1.043576848248088,-0.4578488323317166,-0.12172279053265456,-1.2227794939098713,-0.21428001209191713,-0.10024800644835814,-1.1062103713007858,-0.13109476398121692,-0.06101075571340596,-0.9603517985832679,-0.15990852132186106,-0.06186168445349112,-0.9285978619221499,-0.7103075222723724,-0.1123503269880937,-1.1076355237225002,-0.5249105992605342,-0.09996260483057211,-1.006053612121228,-0.43084925550628184,-0.044200507140915814,-0.8768686807772185,-0.4441545298722517,-0.007011259140250385,thumbs_down
0.0,0.0,0.0,-0.2686054859479291,0.5724148748607806,-0.10729864088979313,-0.5551774627238812,0.9439385644514185,-0.23052068056458816,-0.8084697424675263,1.2229663005154543,-0.3409788754183045,-0.9778017798056932,1.5110928364970861,-0.4397178046461549,-1.119928073410459,0.2547676745380293,-0.16878586658099914,-1.2534011861225012,0.48310720415683317,-0.2210869681035407,-1.0849137819790424,0.539408422731977,-0.27885422459078607,-0.9324929227925173,0.49203873733443404,-0.32615913003785624,-1.1045069737746513,-0.15146194833357612,-0.15607528017623926,-1.2151488149000347,0.09873078933878573,-0.17662595634914005,-1.0723285558510907,0.18080513117195277,-0.20451914164504248,-0.915107396595775,0.1406470682743511,-0.24642219326087783,-0.9868910033832131,-0.4618745429402036,-0.1387671328023823,-1.093848507270002,-0.21515610144743455,-0.14605978510486295,-0.9698329880170717,-0.13632366994134806,-0.12188094291312647,-0.8200628597635987,-0.16115448133588747,-0.12631312248418097,-0.8448809027047034,-0.7059052249849598,-0.13061999165519858,-0.9506241266698485,-0.49787647424479725,-0.13369298930883347,-0.8472762645690607,-0.4087641608784014,-0.08848870393421726,-0.7272968534468519,-0.4190236132132152,-0.05590999000780032,thumbs_down
0.0,0.0,0.0,-0.26261909416286483,0.5691807113963764,-0.1086512678400331,-0.5546334797314239,0.9529241280746621,-0.22581558504529115,-0.8074906074349105,1.2484237945212844,-0.3263193911156882,-0.9777980943412775,1.5283427290425793,-0.41451399045996884,-1.1000252411345381,0.3021433241203902,-0.17070994741226841,-1.1519928142269733,0.5374404873999123,-0.20043880102699846,-0.9774018662414539,0.5316223579341236,-0.2420038561236785,-0.8385140592507948,0.45341087422993626,-0.2820757020941673,-1.0852325134077365,-0.10409160222428743,-0.15564506130440073,-1.102938757868554,0.14824909334909206,-0.15394944512721617,-0.9633430826995584,0.1877485193003684,-0.17996569749411312,-0.8225523632294895,0.127084280016941,-0.22591251544471128,-0.9638232628205324,-0.41615907284491455,-0.13241939876555023,-0.9949968106742311,-0.17568614026143647,-0.12318520312663583,-0.8726189318429959,-0.12220361478733202,-0.10391635595964445,-0.7350501891846549,-0.16268756898664521,-0.11679013207799548,-0.8206062027391842,-0.6566078374223039,-0.11854471739503641,-0.8725108118157567,-0.4668012216034295,-0.11554379038899874,-0.7621781400191272,-0.3948937714874471,-0.07172429856809787,-0.6458905987222595,-0.41651523293464365,-0.041331199926646425,thumbs_down
0.0,0.0,0.0,-0.25914031756308786,0.5743450675521737,-0.09542990161277233,-0.5526671506389015,0.944162237952146,-0.20681265317140618,-0.7983557138467701,1.2435549200916318,-0.3036456496552243,-0.954195475830843,1.539235634507447,-0.38958694823681145,-1.101595020992168,0.30133632026995005,-0.16622736712295744,-1.1608156422646616,0.5206396782688372,-0.1937820005618752,-0.9847321904583585,0.5219887917946888,-0.22769296784819512,-0.849407973564437,0.44732386949532027,-0.26278798233384565,-1.0859614375591238,-0.10257581992317844,-0.15527541683566706,-1.1161621441568956,0.13861188714336026,-0.1504442890965758,-0.9742327334986939,0.1804204325758489,-0.16734481017863226,-0.8405606090156671,0.11534666575687562,-0.20783256695875957,-0.9691691115457329,-0.4175519066027979,-0.13537004748029433,-1.0074759324640878,-0.1757696749316466,-0.12058533688515273,-0.8830818217626591,-0.12498609460260268,-0.09526126242204089,-0.7528028067217695,-0.16711985007522126,-0.10634398946405517,-0.8313461128200317,-0.6605130246694203,-0.1236672300053174,-0.8814309997034838,-0.4627052881120919,-0.1139812348293813,-0.7701494594482328,-0.395532900252905,-0.0670833080854369,-0.6599267573509828,-0.41704630661853337,-0.0364296764389471,thumbs_down
0.0,0.0,0.0,-0.24149284642936564,0.5489278008369097,-0.11215177194996674,-0.5041045740065924,0.9174806964327028,-0.23686362727063798,-0.7329110259534206,1.2093163287012274,-0.34204817882809985,-0.8834139483475656,1.489238777889085,-0.4356506095639935,-1.0634146989570203,0.29042368101293553,-0.20554897404560452,-1.0188492092606598,0.48624911811525595,-0.24312488091225193,-0.85584043288844,0.4739337654970621,-0.28405506693152743,-0.7361931278138553,0.41155390843796696,-0.3231730581824654,-1.0329525354264955,-0.10766066068520526,-0.19175655497048152,-0.9895947994496423,0.10569090152617355,-0.19188569590460025,-0.8587695469349773,0.145364988658529,-0.21148718080396425,-0.7313658482566076,0.09800112114300046,-0.25586909504772704,-0.9008429551162924,-0.4168879465146369,-0.16842373752226236,-0.8765378453414009,-0.20547252557525197,-0.15767893165452596,-0.7608916913777822,-0.15258038330239043,-0.13216513432993146,-0.6360958691586994,-0.1775597184784297,-0.1435267350417926,-0.7468829933384233,-0.6568374829075804,-0.15550932310626034,-0.7440871057331101,-0.4971799118302619,-0.14901911570098625,-0.6414797115124624,-0.4271140097087756,-0.10399066995781094,-0.5428298896603245,-0.42896299349585654,-0.0753193592846975,thumbs_down
0.0,0.0,0.0,-0.22547967708174219,0.5671361423753325,-0.1074256214935279,-0.49933814276611704,0.9574252546422922,-0.2212187495901751,-0.7449750652154812,1.2541277925103822,-0.3153698844869355,-0.9111301406365588,1.534163478549351,-0.3976855090846138,-1.0593999712962823,0.30623463338282125,-0.1960236442952046,-1.0277287536599318,0.5332590927306005,-0.22291980745097958,-0.8617524607004509,0.5205050954880227,-0.25657411466719,-0.7338740104470237,0.4505483453727678,-0.2928195348682965,-1.0386656594067099,-0.09699552966304857,-0.18249039649464713,-0.972943699556176,0.14533805278414738,-0.1723843162286003,-0.8358519082836046,0.17644492862891015,-0.19157112196454232,-0.7138713705533092,0.11916964479316539,-0.2382649375608446,-0.9141306320560937,-0.40925532287262884,-0.1583942207844335,-0.8714595212576697,-0.17924818672782253,-0.13688123492622598,-0.7607677280686822,-0.13005946903760127,-0.11351707915371595,-0.6437390191590484,-0.15642765529527836,-0.13109017037335902,-0.7620185690633399,-0.6471543367884087,-0.14489857058561967,-0.738647693042607,-0.47128838339100343,-0.13421144731938403,-0.6369815510999134,-0.4044911838248177,-0.09157137293361038,-0.5403652184016746,-0.40702722258611246,-0.06614841543558204,thumbs_down
0.0,0.0,0.0,-0.23096278389570435,0.5527539981783385,-0.11775752301077784,-0.48662719940438326,0.9163369852088399,-0.24415947516485512,-0.7037253392511982,1.2266205765348257,-0.3510239371096417,-0.8320512003906383,1.5477746555905951,-0.44851854492631205,-1.037775085865,0.2484979083636455,-0.2066642764398943,-1.0313910920243898,0.47244335566346335,-0.23187822750906903,-0.865761216183452,0.46718699004182834,-0.26495160188642264,-0.7405281156244183,0.3892883594572273,-0.3009986887907255,-1.010021146701896,-0.16184751751002588,-0.18844425530602085,-0.9798337049361834,0.09416201291320482,-0.1781367915874774,-0.846547923037608,0.1360220501496647,-0.1973360209845142,-0.7274832775172391,0.06921892727576363,-0.24422029297746414,-0.8792687358244261,-0.47133848227401914,-0.15911113689921025,-0.8710946953940528,-0.21364130199391432,-0.14074184645390894,-0.7590164146182644,-0.16508502408939268,-0.1164382860905316,-0.6453996545347489,-0.2127538636422097,-0.13142191665881292,-0.7315709298110238,-0.7011572039071984,-0.14037564579237433,-0.7458420003984787,-0.5062987495338355,-0.1300783447125406,-0.6393228508928058,-0.43936794678312224,-0.0813579535257643,-0.5377478201813163,-0.4623629661812802,-0.051484328907770355,thumbs_down
0.0,0.0,0.0,-0.1883649130073662,0.5248416071254853,-0.1123336387737189,-0.41563670139342873,0.9082785314809779,-0.23208319673708733,-0.6079622502275733,1.2357096964296563,-0.3325380939684365,-0.707394238998611,1.5507994531703273,-0.4236236488910315,-1.0010307067048012,0.3110330040275372,-0.20654693600817503,-0.8864178308701403,0.41984476068895377,-0.2345172406136057,-0.7328670742095715,0.3934268794469911,-0.26564926756320073,-0.6226941784155764,0.35459813779526744,-0.29934065853126157,-0.9771465906089505,-0.0880232244151475,-0.2003723368448653,-0.842871920479681,0.037803081457972086,-0.18277436200866715,-0.7079095495312636,0.05683422495630159,-0.19620055392257754,-0.6021636114901058,0.030354332819916237,-0.24080396322539352,-0.8548443638658735,-0.4032357627267753,-0.18477363200166433,-0.7329408671739345,-0.25956396165668844,-0.16385346225357852,-0.6175026263345073,-0.21102183350259152,-0.1405465222467694,-0.5156670952956455,-0.20391166434808367,-0.15634624896912475,-0.7086747639684399,-0.6449455476612772,-0.18138721705724015,-0.6328341998715779,-0.5390458226019511,-0.16698181498518166,-0.5241960737145449,-0.4666642261959878,-0.11909234180568154,-0.4361095981870862,-0.43457234811434725,-0.09123902462826021,thumbs_down
0.0,0.0,0.0,-0.1498716389421928,0.5464653761330498,-0.10916738964981848,-0.3493667563743064,0.9527309393588916,-0.22754563258840274,-0.5191070840009224,1.298420559826006,-0.32953109722003326,-0.606389095603417,1.6167756965038915,-0.4225094506533695,-1.008112904153635,0.42722818261293294,-0.17223289994866778,-0.9565177189504864,0.5252446241861082,-0.20897036737457197,-0.7984992409895135,0.483341940684146,-0.2624233864930046,-0.6859816389849251,0.4228599782263348,-0.31173022968575437,-1.024106471763602,0.034816568812859376,-0.16314015899077797,-0.9534965655436912,0.1423325392026726,-0.1497994888522338,-0.8172620947998195,0.14964921889669044,-0.17181098713524084,-0.7002021115842677,0.10627793655907343,-0.2202305975496509,-0.9356547186823668,-0.29062468255412904,-0.14792850748443617,-0.8755536897109372,-0.17045645751959956,-0.13012154102021234,-0.7558096291012107,-0.1415857090780563,-0.1090993126693421,-0.6372973369688296,-0.15180324739369622,-0.12340034400787657,-0.8167289132259533,-0.5538910729761307,-0.14435505338630714,-0.7866376739431746,-0.4567981444932948,-0.13295434224058741,-0.6734183523584099,-0.40645477689835374,-0.08605815250403352,-0.5711301928409108,-0.3937912446175275,-0.05566555951259735,thumbs_down
0.0,0.0,0.0,-0.14334498076486835,0.5874715444081938,-0.11216841584935003,-0.33975597979046296,1.0456013988674442,-0.23987280749628279,-0.49972773267011905,1.4119861329278331,-0.3508926817485484,-0.5816430187405313,1.7464764524165484,-0.4528898257970714,-1.018484570047693,0.5198258302489218,-0.20623618196651616,-0.9579775103344785,0.7767180990511483,-0.25585051944148374,-0.782617547044413,0.7266134102585166,-0.30884698546698885,-0.6704100462125197,0.6113117617851285,-0.35277820819016614,-1.048596255253096,0.1326118539076141,-0.19759071017884566,-0.997562483995077,0.40385622241804503,-0.21244097877924092,-0.8432471089563947,0.41259385293222234,-0.23904271406091904,-0.714105935764381,0.31198086283944143,-0.2820249074146334,-0.9690949072468132,-0.19500286848818588,-0.1800168630882266,-0.9493507765476064,0.062384567096426126,-0.179948862278878,-0.8163901137477129,0.08168704513165634,-0.154458663189715,-0.6923476110180747,0.004729874369244735,-0.1593788088606141,-0.8556417524779815,-0.4662614214637372,-0.17285731476385963,-0.879680552366602,-0.2642204792821659,-0.16940106029403512,-0.7566116197429562,-0.2136902565359216,-0.11611977665639615,-0.6484692576648918,-0.252114683050304,-0.07745965429971455,thumbs_down
0.0,0.0,0.0,-0.07313853798830497,0.5695018077482887,-0.11251108356030955,-0.2434881510673478,1.0035344901554206,-0.22648465511797647,-0.40872746280750905,1.350456362404531,-0.3234077652582532,-0.4910066813263172,1.672138483775417,-0.4128356615505824,-0.8774068160903892,0.5398937343736999,-0.18983894749464347,-0.7340490215765224,0.6083391003051769,-0.23886929130903956,-0.5940388610168352,0.5387951068774689,-0.2980105582081177,-0.4987207672419642,0.47142342797692816,-0.34998615664169286,-0.927596384937787,0.15507856617910534,-0.18439095615261952,-0.781096715308422,0.24098225781686403,-0.17456905019427818,-0.6558213816448364,0.22868162033352388,-0.19554343593443246,-0.5609896269432117,0.17491371822797072,-0.24655861212203847,-0.869402173754059,-0.17770705034097578,-0.17411751086401325,-0.7388076623547489,-0.06688908089708852,-0.16278474853912286,-0.6242635873958352,-0.052321355118461255,-0.14612876539526679,-0.5299986047680324,-0.07751746018241983,-0.16710372593520717,-0.7671749475809271,-0.4539289385959692,-0.17697699366426475,-0.671727786898156,-0.3670800033235419,-0.17198309415325075,-0.5580759570851598,-0.329255293657618,-0.1323965159769038,-0.4714065931628542,-0.3273860057837812,-0.11122104773531107,thumbs_down
0.0,0.0,0.0,-0.13739131791998824,0.5502314542248525,-0.09203266629152831,-0.322429828312683,0.9941714646759869,-0.20815401873088088,-0.4789234260239216,1.3684499776479593,-0.31680002903662097,-0.54262776273463,1.7064177567948067,-0.417520572535559,-0.9766469524460946,0.5184767529179709,-0.14473782489648207,-0.9466353026274303,0.6645902676805557,-0.18107040206499456,-0.7794411477887417,0.6124867177294677,-0.23408719302608294,-0.660566676514486,0.5349231344951801,-0.2799629061214342,-1.0202194545234349,0.143432382361237,-0.1485672113913337,-0.9633630453931105,0.3092424420261475,-0.1460386472521478,-0.8099833463955315,0.31053064728815977,-0.17851581517014853,-0.6808290980671666,0.23495047117618698,-0.22916962163204307,-0.9636261117957838,-0.187717119375312,-0.14526173985333515,-0.9453477282201007,-0.027005627255741214,-0.14605012092168887,-0.8058619727536478,-0.009160009992369707,-0.13367981959156847,-0.6685469882502626,-0.06588393963933352,-0.14467165415453262,-0.8798366236982251,-0.4768100628369768,-0.15038712857979272,-0.9669633330671087,-0.3747617476588977,-0.14784538549200169,-0.8631423162307266,-0.32486492738778955,-0.09459407430263071,-0.7502874603385088,-0.34281652823784964,-0.05542479005376124,thumbs_down
0.0,0.0,0.0,-0.10710872229358984,0.539653594426129,-0.05112306671040165,-0.23518907178527612,0.9923584375284366,-0.15466996501731156,-0.33169580712096647,1.3698838560744053,-0.26057254193984547,-0.3655667260889914,1.6908101125188075,-0.3566980347766917,-0.8570466857691678,0.6479346398369201,-0.13969569987270658,-1.0586663286973252,0.7860470104776647,-0.17454718194485583,-0.9196482418969575,0.7531135762553295,-0.1932780531927636,-0.7827175380751986,0.6899501521935781,-0.20977034868756567,-0.9365210985790152,0.2909379570244729,-0.16066612017598925,-1.097280110691052,0.4269648134269655,-0.15126620045263772,-0.9596561041968993,0.4254573628724346,-0.1420444242436172,-0.8227085817119287,0.36085874621661745,-0.16333847728443024,-0.9291619990537142,-0.041928304473338056,-0.17555396581211227,-1.0997773707212646,0.06927295920176761,-0.15413276056285144,-0.9715026722324652,0.07911499174787877,-0.104698884305721,-0.8233364784718324,0.03524444313031447,-0.09937442450906094,-0.8861890687208933,-0.35006863939612776,-0.1957329745742662,-1.0952089234622027,-0.269190802578281,-0.17902075169871656,-0.9844835656646431,-0.23653892523637882,-0.11118871784138033,-0.8529497839934859,-0.25956928139427893,-0.06746639829290325,thumbs_down
0.0,0.0,0.0,-0.09054731080664435,0.5478499556873456,-0.04042174395890959,-0.2147325946656172,1.002164343691903,-0.1366456811803778,-0.3063242316491696,1.3894125093454748,-0.23350613880938212,-0.316431444830496,1.714665842831872,-0.319166008473836,-0.8389679887406317,0.6980845241434283,-0.13339130279772474,-1.0307744657022646,0.8361305857925674,-0.1479288057135561,-0.8853831668558239,0.7959641943730261,-0.148768678059331,-0.7492528274478243,0.723935736306515,-0.1546891006724561,-0.9340329454341122,0.334687223037515,-0.1522838313725361,-1.1001752445743829,0.48234010435044855,-0.12324992135499517,-0.9628662821998436,0.4777580695918713,-0.09904440060218321,-0.8285811438877434,0.39799681464291103,-0.11213434203182691,-0.9397052984208413,0.0008266304676876585,-0.1617966164548917,-1.1039993303284632,0.12986806171065055,-0.11912945515735829,-0.9806842160790221,0.13730037719164048,-0.06065875433505853,-0.8417489747725039,0.07945709418340155,-0.05384754234276076,-0.9074311429947274,-0.29867606014100906,-0.17559478756530245,-1.1051804062044026,-0.19411957052551856,-0.14256584508821463,-0.9947455192126111,-0.16538251045372404,-0.06958808712983915,-0.8677964196875639,-0.20087733592160018,-0.0255652095142841,thumbs_down
0.0,0.0,0.0,-0.09878364015907863,0.5496572117968276,-0.06952162855327619,-0.25667659206572224,0.9864882812923341,-0.16395317896009978,-0.40259432667440437,1.3684022421244961,-0.26005577972191013,-0.47256815995359447,1.6944694425633402,-0.3421411614700425,-0.8843775654338689,0.6402431278734033,-0.08290140048098582,-1.0714944076392101,0.7388501091457889,-0.12936187525398626,-0.941356320891919,0.7024671487863515,-0.17348955807379907,-0.7990412999618609,0.6455792285714592,-0.20558893196214953,-0.9772036665417019,0.280243639290524,-0.095309005282315,-1.114449454453602,0.368491644143204,-0.08612761773796958,-0.9884202529468075,0.36257795658865516,-0.09154516671817156,-0.8512308455306603,0.31016664773656016,-0.12029817220624496,-0.9768572397177966,-0.05450365169448834,-0.11088512542700563,-1.1133995243326886,0.013401017390562441,-0.10002488137396456,-0.9945613418342273,0.018387559014948988,-0.061568234634790976,-0.8471595472873326,-0.00947442908633444,-0.05811074477999355,-0.9291186210637291,-0.3573784219803124,-0.13533689617422767,-1.099357648640399,-0.30362901602901016,-0.12443234057530565,-0.9984678837399653,-0.27656512516760967,-0.06275460359777095,-0.8707140655130781,-0.2832255410659109,-0.020649125696337818,thumbs_down
0.0,0.0,0.0,-0.10918485379187592,0.5405678852643021,-0.0743286011615277,-0.2803545413451081,0.9832958967005588,-0.17286552863199003,-0.42466203933830304,1.3722037015203374,-0.2685496143647049,-0.48604079529773025,1.705241586910954,-0.3498998667433266,-0.8704335071700784,0.5989380311905392,-0.12913857475308557,-1.0567794077738735,0.750432591414002,-0.15467426908287402,-0.9335664041188669,0.75428684799013,-0.16471939417158418,-0.795385643330799,0.6951015460879924,-0.17687196580609987,-0.9469698084859638,0.23574310823042513,-0.1370246157317248,-1.1024324982195925,0.3897889199815154,-0.12455629755239317,-0.9783296678122673,0.4277552762514339,-0.11244611713990665,-0.8495754702905479,0.35953107686385294,-0.13111688363581966,-0.9354698866610652,-0.09835012413357093,-0.142344840492232,-1.125457232128196,0.034370958385374135,-0.13139360303264822,-1.012158018555668,0.07626375298195841,-0.08431229786932493,-0.8716867317009666,0.026867789868268602,-0.07652186076367029,-0.8873657279794132,-0.4005850697386709,-0.15496241271958427,-1.1249021793568195,-0.3311176019237242,-0.15314615303353832,-1.0313017388599266,-0.2730859635172503,-0.09400271732453314,-0.9045225833744731,-0.2878409089375195,-0.05334325935868559,thumbs_down
0.0,0.0,0.0,-0.15268580624327827,0.5490769367408933,-0.08687376124103402,-0.3532681242395607,0.9705404581323037,-0.1884503425462848,-0.5329708228797243,1.3429657831008617,-0.2793514801737452,-0.6173935860376683,1.671210655473781,-0.354967508595017,-0.9745296537003427,0.5044025411969802,-0.14452037135529408,-1.069904676390951,0.7141036586608213,-0.12689075819587786,-0.9104083286179796,0.7095050115222373,-0.11124581131255795,-0.7761075383912802,0.636326151213962,-0.11540915726802445,-1.0374831291763211,0.12913863969880507,-0.1324562017337639,-1.115526753172832,0.34627570449247974,-0.10268056378359945,-0.9708040220052201,0.3893470190466449,-0.09843344815136351,-0.8353711196464296,0.3133729777132519,-0.12611581140746078,-0.9932158855716832,-0.20161423756651423,-0.10838902701841495,-1.1321210664596209,-0.010989273345325725,-0.08676371694239961,-1.00856257810411,0.03312863867029902,-0.04918681969024038,-0.8634460965500832,-0.023647997275516267,-0.04948214245144511,-0.9085167951571465,-0.4919059122394792,-0.08964079302230929,-1.134482930608927,-0.4121424222925819,-0.08399151997929281,-1.053296961551302,-0.34956738114260694,-0.028225950927058447,-0.9388298313884457,-0.3625541240332793,0.010307816202176372,thumbs_down
0.0,0.0,0.0,-0.15222278817150006,0.5269962969634306,-0.08125524803522756,-0.36032042047776136,0.9275195679061198,-0.17498215517981214,-0.5582005214363395,1.2553389376649917,-0.26244964937638837,-0.6592125873363047,1.5481149330534596,-0.3396484573153936,-0.948376392880818,0.4589206492965037,-0.10301840582591286,-0.9198443602099513,0.517409553775452,-0.11734886343336014,-0.7584627753274484,0.4717936751125898,-0.15117245313249753,-0.630894527903926,0.43568538190786116,-0.18242441188097216,-0.9761205587718186,0.082039565947443,-0.10513540162164155,-0.9122254287123447,0.17867012781652003,-0.07494835687608704,-0.7716536689024444,0.18028667708070378,-0.10013695623608648,-0.6530487975443692,0.1371246880430448,-0.14849111065050385,-0.9146304631761589,-0.2483932457358515,-0.10146988273581489,-0.8889474903599573,-0.13189409367561325,-0.086545268676896,-0.7574900010380219,-0.11542928586779837,-0.07883067537198124,-0.6284041515126223,-0.1452816447356935,-0.09479604158036836,-0.824484032536985,-0.5333734415740897,-0.10478483491768815,-0.9114641539823484,-0.48239462671421096,-0.0891567587139371,-0.8202967123121234,-0.4272068469377161,-0.03454659507591789,-0.7138796576711612,-0.41700910502249416,0.003679089495775462,thumbs_down
0.0,0.0,0.0,-0.20194524290579347,0.4472155465286775,-0.00519094104661899,-0.3850746401536781,0.8010086472450181,-0.0615335456547107,-0.47301637106309297,1.0924582238784912,-0.12792052898540665,-0.4567153687204885,1.3309800405006156,-0.1879931312060467,-0.9557314182294341,0.42070587366642626,-0.029502243756068403,-1.034140080078564,0.45719713466365486,-0.008604829991924584,-0.8925874601055767,0.44332503561784736,-0.006232601726151315,-0.7647952798842773,0.4319270054260086,-0.014301384897989334,-0.9742756432449067,0.06705203341803219,-0.06769507644330042,-1.0364905709497154,0.10747646168564216,-0.005145752210758283,-0.9083232656841278,0.12790760331184955,-0.0010512274067506246,-0.7744914467899048,0.10653551257789542,-0.029562998683613905,-0.9095803736920774,-0.2586117073719224,-0.09682948273462179,-1.0196130804537649,-0.2149867975391632,-0.049008429958972456,-0.8992249151116221,-0.17867494417181162,-0.023785872559810038,-0.7585429867130029,-0.1794753782128015,-0.030968301275257046,-0.8131079981718308,-0.5641755206215964,-0.12782416011428827,-1.031442692636357,-0.5928418488388032,-0.09018724457061196,-0.9753614985152463,-0.5430995152068799,-0.025692664270057668,-0.8762670114814122,-0.5130832386697591,0.01511312160448534,thumbs_down
0.0,0.0,0.0,-0.17786828944055352,0.4906016184401033,-0.0017176569390470841,-0.3621442667981368,0.8472212606394208,-0.06184238146994151,-0.43703061446944996,1.1416616429449453,-0.13366341775507073,-0.4062233069556747,1.3846097652223193,-0.19950878027730612,-0.9634020984429656,0.5508742350526799,-0.02711989721553385,-1.0704416194736186,0.650933688438879,-0.013855122673618539,-0.9200475569494194,0.6150529565618664,-0.020357038925561417,-0.7889809788022587,0.5508587653303171,-0.03365592541385879,-1.0184369248922,0.19959551449912316,-0.06294490133130677,-1.1153154166175459,0.3086119371333906,-0.011189953130286506,-0.9683955959073284,0.3200827362654158,-0.005333880161981832,-0.8339669314333165,0.2473634388684266,-0.027753579242822384,-0.9905237446038009,-0.13357331774170142,-0.0894058513614631,-1.1478843387653865,-0.036491785910343605,-0.04551265937238944,-1.0168396760582397,0.003962827211940376,-0.01649054497820457,-0.8674988437982419,-0.040276711315111645,-0.0176514627897036,-0.9328203910469813,-0.44462431443429534,-0.11682718310734254,-1.1722987835127296,-0.408524428157143,-0.07987267020539854,-1.09267418879604,-0.35091002550390965,-0.012923372785344778,-0.9620981297621336,-0.3580995789720266,0.033770808326904024,thumbs_down
0.0,0.0,0.0,-0.11801302433821935,0.5348569314673093,-0.023213217723779832,-0.2638714141749464,0.9591497003594239,-0.10364192391833661,-0.3251078301436401,1.3146376807557452,-0.18928045208882496,-0.28708927148598723,1.589666645565982,-0.26439043734425105,-0.8519697485067212,0.7199932407014052,-0.1043584664463581,-1.0179367881955677,0.9482485195890041,-0.10562851930332383,-0.8576291614635678,0.8851532614672499,-0.09184276593169263,-0.7252504292587302,0.781483456411011,-0.08566452927979636,-0.9516963408794716,0.3701441122702617,-0.12671358535013838,-1.1077420595571161,0.6088430898636488,-0.10662967294112058,-0.9463048633453097,0.5962083604831505,-0.08856788587290836,-0.8132444057604523,0.4812017386455084,-0.09558066988489422,-0.9673336175746093,0.03453861081770273,-0.137228986498553,-1.1674710978240885,0.2561950964415853,-0.11490113500364602,-1.027209152907222,0.27429776454401406,-0.07415929408250424,-0.8803246410800223,0.1811346262305492,-0.06374204958230556,-0.9479844393522575,-0.2744391213617373,-0.14778030914510776,-1.218560021873223,-0.129043353837559,-0.12764597813249579,-1.1227278098287476,-0.07456186616306686,-0.0624678202739071,-0.9821786535595073,-0.12269257753584797,-0.01449791608566289,thumbs_down
0.0,0.0,0.0,-0.10935076870445998,0.5561171335590261,-0.01598625620449561,-0.26037703497164083,1.0004226632727775,-0.09221512439323451,-0.32548150055016317,1.385967111114581,-0.17710433697551276,-0.293074468228804,1.6915215760221975,-0.2540355617536696,-0.8545966151236096,0.7417985700043341,-0.07180082038626975,-1.0252693936803836,0.973919132968385,-0.07302863994660451,-0.867013395272179,0.917548426146252,-0.07839564516670729,-0.7384112175921448,0.8065375650173889,-0.08803902641213725,-0.9700497545130926,0.38644001535357986,-0.09282192694386651,-1.1294443089711952,0.6343028113591932,-0.05835590733275155,-0.9779386506830047,0.6279442820255813,-0.04650914088327046,-0.8454019025008648,0.5068464332898139,-0.06552709421708865,-1.0043618433135466,0.052040374500485154,-0.1025836025330797,-1.1794584619762865,0.28780905806397783,-0.05925092437506694,-1.0445978478021916,0.3029981464659138,-0.01876670831913928,-0.9018634830852222,0.19775315969963422,-0.01785381388077941,-1.0089009218861011,-0.24533413479589194,-0.11374368662519999,-1.254001945726722,-0.08833456492626765,-0.07564334930776187,-1.1469743845086935,-0.04457292186552664,-0.007503553965032783,-1.0068174104101744,-0.1115824439231438,0.03611060443677209,thumbs_down
0.0,0.0,0.0,-0.1058722876096904,0.5659343976213043,-0.038704454608121254,-0.2504151471642885,1.0364296919765366,-0.11877444354047233,-0.3230568387745742,1.444628029420604,-0.2013326940788155,-0.29134409032416997,1.7633346951687363,-0.2709986926993885,-0.8424931937218849,0.8000186414457521,-0.09502961796335284,-1.006679621768991,1.0185654462594622,-0.09639425232797548,-0.8406977305003748,0.9524348105962923,-0.09610652870111065,-0.7118123948753208,0.8393393505586066,-0.10136846543861498,-0.9606916171910036,0.43969157582783625,-0.10413795414192624,-1.081063190319814,0.6786205359464988,-0.07545143340912128,-0.9256913826838107,0.661948100767687,-0.06676509423709802,-0.8010380720199212,0.5434423632052785,-0.08495570986161063,-0.9871987489729305,0.1068006860679901,-0.1024817426189381,-1.0935784922072547,0.3392489342781601,-0.07448904922405249,-0.9554169194133203,0.33664063819225554,-0.045431626084307175,-0.8181656677780803,0.22728847040854883,-0.04425612748436054,-0.9858287479099875,-0.1896282903880077,-0.1023691831831146,-1.21164262716502,-0.04400014723924982,-0.07264235521791887,-1.148368204839484,-0.0006107544795212221,-0.010346229918018847,-1.0444024267203076,-0.04645865998556781,0.03302289586361922,thumbs_down
0.0,0.0,0.0,-0.09218650736382421,0.5653539977837004,-0.05712647784674268,-0.22051957910000444,1.0460522310787703,-0.1591441043817321,-0.3144435650394219,1.4576456338510562,-0.2579049609940156,-0.3337767695500484,1.7962912239484894,-0.3453365407515764,-0.8347846002152282,0.7544988196656438,-0.14897896868493368,-0.9785221469883323,0.9602673558731478,-0.16698052746134157,-0.8285757430574887,0.9182924772011072,-0.17392561065321183,-0.694344257021456,0.821753510898279,-0.1821693432901592,-0.936848322781299,0.39378800272960707,-0.1543903992224582,-1.0316172640798846,0.6074903568132709,-0.13495513505756915,-0.8879704717712839,0.6011337889408916,-0.12556167635759807,-0.7586847911042488,0.500114681555896,-0.14640552218043934,-0.9379079593909818,0.0585660465689517,-0.14890093744869753,-1.0114453631386764,0.26358351134608393,-0.12895584443214,-0.8728683029850846,0.26917148278804953,-0.08874527949200703,-0.7375565258750338,0.1828683682954704,-0.08460127221365883,-0.9116580128994904,-0.24253848986706852,-0.14631779938447015,-1.0868629490337347,-0.08391595912971435,-0.12829888186081082,-0.9963582157810845,-0.034495459011255544,-0.06333728602987748,-0.8897480074898302,-0.06901970909400867,-0.020197206338372697,thumbs_down
0.0,0.0,0.0,-0.10823260929988512,0.5880631095773748,-0.07494668673268066,-0.2834005717183862,1.0435684150952842,-0.17621310811944457,-0.44903772029320876,1.4426063392206594,-0.2701665884561922,-0.5156671911211275,1.7930719178681216,-0.35109843624542253,-0.9029557107141255,0.6874735952791063,-0.141569726007805,-1.0640128069650725,0.932287682474727,-0.17267227278332412,-0.9046103702660657,0.9079152836579402,-0.19342333367809653,-0.761930757566698,0.8106862547865719,-0.21152850882466673,-0.9926755181651064,0.31087081546276896,-0.1283573398982811,-1.1089479224883785,0.5667457573429835,-0.1267133110933909,-0.9621905086338108,0.5770312067145342,-0.12344793109942674,-0.8265732522799438,0.4904854000701089,-0.14448123291957884,-0.9822887374174193,-0.02284298736330085,-0.10820968453310613,-1.0668085459265477,0.22127122101080693,-0.0943805479136454,-0.9407831539970127,0.2348458490884967,-0.053344433427602485,-0.805109252774498,0.16579071910760063,-0.04886579607038119,-0.9382001479866808,-0.31073109145343814,-0.09314211997030085,-1.0303248448054683,-0.10050813737863667,-0.07617264493757989,-0.9168456618939538,-0.06176808232309322,-0.019436870372385815,-0.8049172896085255,-0.10777126831412165,0.01789229597924625,thumbs_down
0.0,0.0,0.0,-0.10653875247380715,0.5966235100806272,-0.0919912004316272,-0.2780953707331462,1.0384481698052888,-0.19992072724258614,-0.45044715220036496,1.4045767901083601,-0.2976632990478455,-0.5253586472471736,1.7400594580901512,-0.3815497771734577,-0.8973950865762667,0.6482285403887049,-0.14876028249083856,-1.0320375178002075,0.8882653886608161,-0.18194497527887124,-0.8601054925589864,0.8608900369337679,-0.21119263809619337,-0.7165888400511919,0.7587830856853385,-0.2374300178894983,-0.9819241212238001,0.27105758293803256,-0.1353354520263645,-1.0823895258027028,0.5099001248052216,-0.13773693821934885,-0.9369177587303652,0.5225615216816709,-0.1432466388438016,-0.8044584346639573,0.43728729480554335,-0.17050335829483135,-0.9607982650936377,-0.06317830911058654,-0.11698579611412903,-1.0272746588370636,0.1673178299414513,-0.10587804773543999,-0.9028150639170142,0.18387071682975456,-0.0700916334788331,-0.7767008049453754,0.11451474540500504,-0.06959111360955665,-0.9045128279382371,-0.3508537412099934,-0.10652365912386828,-0.9805986409982538,-0.1488173241354979,-0.09254389703044662,-0.8701802666201729,-0.10739138230786503,-0.0397081190784024,-0.765313668040705,-0.15321227176365268,-0.005579989817391575,thumbs_down
0.0,0.0,0.0,-0.13936653546603708,0.5834705860888724,-0.09255672283880945,-0.33922448911124536,1.0183151289592514,-0.2093203339125397,-0.5204087799404356,1.387783768215414,-0.3116222388753476,-0.5858420527184495,1.7234457569704211,-0.4024608729288259,-0.9776397682491051,0.6186466135867544,-0.1743628509703596,-1.027055196348195,0.8743734026803804,-0.21133047614159736,-0.8488653264380766,0.8062325548022814,-0.24691048466348814,-0.7228564524687976,0.679080039024261,-0.27833578872323045,-1.0444174749091513,0.23386040759671534,-0.1608267097958774,-1.0697297477011034,0.5046029517364148,-0.17103801172881966,-0.9098986337839852,0.49573193299532503,-0.1858106688406637,-0.7773883369695916,0.38853266181714907,-0.2175033708846541,-1.0022074890674275,-0.09854650469066291,-0.13799350978923888,-1.0114302057257092,0.16334996382264128,-0.13321898841374108,-0.8752838263667287,0.16998358517563666,-0.10430618675904564,-0.7455721470210552,0.08504729101801353,-0.10586290018789361,-0.9260779851305557,-0.3786265038162387,-0.12156406474423946,-0.9589237021381065,-0.14946413187222757,-0.11258567368911337,-0.8319383052285391,-0.11362461752347248,-0.06140334257455571,-0.7193276253173969,-0.16909311598104393,-0.02538480535329376,thumbs_down
0.0,0.0,0.0,-0.1403991182192484,0.5599390161475764,-0.08651264209895497,-0.3136711282386039,1.0456633609926234,-0.21168155860717536,-0.4311715097755881,1.4703968791201512,-0.32851900940777823,-0.4569426598947897,1.8304998160147887,-0.4367432963970479,-0.9329908337407855,0.5910623702888542,-0.19554559468098665,-1.0277056614045745,0.8526156924802295,-0.2567015995587748,-0.853593412904334,0.8035199313802329,-0.3110952912858209,-0.7279118965694473,0.6886400196261003,-0.3554145739838131,-1.0115435399400612,0.22143673061085234,-0.1961722165960265,-1.0716161151670542,0.475993181068708,-0.2163820622492786,-0.9208451033709747,0.47749077507345145,-0.23287629852430172,-0.7926895515090374,0.3763181327837427,-0.27048178640849035,-0.9844954063761658,-0.11385679031622072,-0.18821912597487106,-1.0017887164804704,0.11396166026360667,-0.18693530839869757,-0.8715926768007979,0.11733412430332354,-0.15459045316960804,-0.7451879414994872,0.030327877223301446,-0.15838607384153625,-0.9184490808535649,-0.40880607514283546,-0.1883602447950768,-0.9592786601861326,-0.21621369567031243,-0.1799917908495379,-0.8282922591956731,-0.1824404570048429,-0.1247246491605557,-0.7122344788861446,-0.2387492242421179,-0.08970181353341312,thumbs_down
0.0,0.0,0.0,-0.143850110750177,0.5736063482898384,-0.05075002199192654,-0.31193246912781974,1.0548520961130814,-0.1566087116237522,-0.3949043099136561,1.4710442720957044,-0.25698166276652035,-0.3774232255644172,1.8053506393435934,-0.35096857496886297,-0.9127204861955072,0.6260622003172663,-0.17640620697946457,-1.020881467117872,0.8621884983699738,-0.18188136921563175,-0.8464158356695686,0.8301681914340525,-0.18136455513069866,-0.7195371805393139,0.7386000667912894,-0.1921097524646106,-0.9892265305935746,0.2465380948860127,-0.17562115274211854,-1.0634823972152283,0.5088337336967772,-0.14436003276332382,-0.9219889256200243,0.531458981462084,-0.13076189490334797,-0.7937445410890797,0.4398026639613429,-0.15695103968263854,-0.9612473464000089,-0.08795599715957256,-0.1572800699121579,-1.0009448416229274,0.17055868783987188,-0.11047269483554875,-0.8699482099740792,0.18216612784776653,-0.07068604706674433,-0.7373344992793031,0.09934169512455074,-0.08020072272246805,-0.9017102378259216,-0.3732901302701701,-0.1421469924481993,-0.971311411393286,-0.1600927153938086,-0.09985783788392996,-0.8438991894722637,-0.1265643105864611,-0.03680253558690888,-0.7273838251034264,-0.18342476592091173,-0.004536388291043022,thumbs_down
0.0,0.0,0.0,-0.13339071829912866,0.5524771834058673,-0.03773501348476986,-0.28947071953841597,1.0194642893903834,-0.13349963205429488,-0.3499040945644456,1.4400609940437639,-0.23293177747321916,-0.29976627047765014,1.7788430384145941,-0.3241305110726827,-0.8728351818977845,0.6611593308137924,-0.12265907881908757,-1.0166961430240051,0.8730787487235075,-0.1321688293308609,-0.8543516531179881,0.8449251786674516,-0.13919394580926647,-0.7233897155823023,0.7507092727543916,-0.1526833861079292,-0.9568006186491221,0.2988358326806726,-0.13888737406879195,-1.0850144461639908,0.5199394104867987,-0.11057506880437518,-0.9443843457594417,0.5444050406880782,-0.10328446096391773,-0.8128952018811886,0.44649869037704654,-0.12964399542253752,-0.9496107012718049,-0.037370289014003105,-0.14234870168127167,-1.0863017813662692,0.17612699110862146,-0.10137748612177791,-0.9608060093538768,0.20585967564918425,-0.0624167290202291,-0.8173820910152001,0.12615634528009856,-0.06639912390943663,-0.9070391021773896,-0.33790545425254725,-0.1491099214872379,-1.11551477319385,-0.20314725536889705,-0.1113842025737122,-1.0272840993812666,-0.14839418430934148,-0.0447585108151333,-0.9069476863507687,-0.1873335696350712,-0.006111783440716868,thumbs_down
0.0,0.0,0.0,-0.11372714223147494,0.5275932053660456,-0.06578114956491189,-0.2695556072374656,0.9792227410737595,-0.16311829981111184,-0.380821374918224,1.382705798913716,-0.2551565097306378,-0.408265431205375,1.7232141419508402,-0.3355940185846061,-0.8514250309439036,0.6250007684413682,-0.15736475056371768,-1.0006942297209072,0.7977829030008077,-0.17407521840465087,-0.8465862673255562,0.7652613243648229,-0.17718841778726188,-0.7055614435060223,0.677516891014809,-0.18349180949423224,-0.9428546273124531,0.2599950597807828,-0.15835268604879119,-1.0219479560083398,0.44152248271466676,-0.13623125661909063,-0.8819369569489109,0.45399672653811296,-0.12962547967949278,-0.7524679357056513,0.3642498393128148,-0.15503434087568777,-0.9342107214140191,-0.07741781830832851,-0.14845339401920307,-1.0050326798185873,0.10835207131399498,-0.13277790665660305,-0.8703817542689446,0.13429998620960637,-0.09996943698481453,-0.7285170756185545,0.06152296573806636,-0.1011435277928881,-0.8923403587179888,-0.37404134684798307,-0.14184741086524943,-1.088496853012773,-0.2681944425151707,-0.1349128438821031,-1.0029816343423748,-0.2037955738777295,-0.07794175072658044,-0.8874614020470218,-0.21769877070624685,-0.03919356711101789,thumbs_down
0.0,0.0,0.0,-0.1721834994372577,0.523852882849308,-0.043277987851518526,-0.3540508861690943,0.959984854353993,-0.13313529051061465,-0.46573377145519423,1.362973739809474,-0.2247891804889186,-0.46230724925784605,1.7009625375213195,-0.30553522464674127,-0.8980694259693031,0.5369493263638225,-0.11299046867275594,-1.0762097183812172,0.6957424895444929,-0.1097136632713113,-0.9262035838586764,0.6947600133943407,-0.1006733684439897,-0.79179076672545,0.6419030394027113,-0.10260524642550342,-0.9521110791753621,0.16411602222407892,-0.12164531390879889,-1.1066239738872912,0.3413345601267648,-0.08540420973964614,-0.9757451562558487,0.3846703808214919,-0.06974782723357818,-0.8394827579400737,0.3234751110981621,-0.0889074499351994,-0.9197889497114522,-0.16903083184047732,-0.11875006811851119,-1.0731900311780607,-0.0018750842717368751,-0.07716549749906133,-0.9566311981257537,0.03460404872983842,-0.035520710461715344,-0.8095864580310823,-0.014406816525657092,-0.036096814145800245,-0.8536072188354336,-0.4620443245526446,-0.11888941479667565,-1.0706530810202508,-0.38412388605317477,-0.08331635304300859,-0.9903748212036974,-0.32231654218932987,-0.014885442776439438,-0.8710822998769865,-0.3302880792098486,0.02618607978792267,thumbs_down
0.0,0.0,0.0,-0.18294348547410905,0.5322278928392724,-0.06854130576115605,-0.38988124106094024,0.9575337748414795,-0.17866936022211777,-0.5688079571014851,1.329567572834426,-0.2857986880651155,-0.6451647359616078,1.6639909967602886,-0.3790428006002701,-0.9021504002484658,0.4432846942620787,-0.17314593082021612,-1.1579512395381006,0.6385355963124131,-0.2098779102595246,-0.9935695953087692,0.6705446382648526,-0.22387273673684083,-0.8395798797245662,0.6044984642644098,-0.23748704218440933,-0.942525157453211,0.060255920476525865,-0.17894500093721888,-1.1906465291262074,0.26838475673638407,-0.18869138293737775,-1.044620288840131,0.33009074286421064,-0.17853136392368524,-0.8967861582467818,0.2547186073755923,-0.19255351988466893,-0.9017118773746255,-0.268526135009548,-0.17528099297202343,-1.1311988419635213,-0.0936574758628719,-0.1659129229660941,-1.015509501487552,-0.03582125078722228,-0.11296230249719692,-0.8698229443976173,-0.09242385659437967,-0.10016820411793621,-0.8313818165838001,-0.554202830802556,-0.17637778888129632,-1.0919013121321755,-0.463063890018259,-0.16525138524985145,-0.9980248876161737,-0.3865569749388471,-0.09644995748862388,-0.8637899706525164,-0.40783002607695407,-0.0504241111103609,thumbs_down
0.0,0.0,0.0,-0.21415683561935148,0.5339573999343918,-0.07004381983274009,-0.4896997998743393,0.8830919999915151,-0.1582321080132127,-0.7362024693004559,1.1653236101490694,-0.24218996276841598,-0.8853885198584419,1.4465837135633612,-0.3070841137184275,-0.9928957866853497,0.3504939465342798,-0.1261183819816192,-1.2828600310127722,0.5307529536084474,-0.16229953748474904,-1.120907695181247,0.582301304862866,-0.1728733659347155,-0.9469335992046906,0.5268898155377255,-0.17914879959620644,-1.0059233869271356,-0.04130811067393029,-0.12638208121052505,-1.2831944633079007,0.15376001620656618,-0.14299925541564965,-1.1387858353080786,0.24086754883348854,-0.13484825304103035,-0.9785488955454815,0.18760380151014183,-0.1401465670122903,-0.9417537134472562,-0.3666802152973538,-0.12294652055135033,-1.1864983880140005,-0.1927983107329525,-0.12944434612582675,-1.0736185871683963,-0.10793389053419125,-0.08528760029165773,-0.9231176963322252,-0.14753550637898766,-0.06699052569816857,-0.8506749562663957,-0.6393391778589916,-0.1242154240741685,-1.1112689240897158,-0.5675862838772197,-0.12703093788008338,-1.0313612228506892,-0.46796615131089525,-0.07046539685496161,-0.896050297723474,-0.47246509222406646,-0.025016158219077624,thumbs_down
0.0,0.0,0.0,-0.18471189642438504,0.5347130838241992,-0.06906067084289447,-0.4202210915424142,0.919297578642053,-0.1664953404477611,-0.6419758215569497,1.2390705353229645,-0.25695276862221444,-0.7379368329052581,1.540333490470764,-0.3300118142448026,-0.938269126983178,0.42550049593995104,-0.15568655284173002,-1.2299444961645296,0.5891250097923608,-0.18016856822245483,-1.058705694062283,0.6295054191639834,-0.17709095960615756,-0.8896746653277768,0.5734867179443977,-0.17709408337716767,-0.9698857003732421,0.034833209098848454,-0.1511566124549067,-1.2417848995053822,0.22977873361266168,-0.14778280478622455,-1.0893461082942237,0.2969337941785242,-0.1266504264139277,-0.9411679864805632,0.23006504072351455,-0.13214100351650931,-0.9288894838968109,-0.29223194033219063,-0.13927629426225835,-1.171804407343409,-0.11428960277238909,-0.12874889672011977,-1.0537607259881994,-0.047113562806162315,-0.0815783058104858,-0.9081778794078301,-0.09919800941626998,-0.06960695958082513,-0.8651515974255672,-0.5715146543101611,-0.13089508166436445,-1.129583981151607,-0.46753951202272126,-0.12083992309706035,-1.0372505549427469,-0.37868558106838524,-0.0632273611052727,-0.9017304160429561,-0.39821863688984677,-0.023341850099893535,thumbs_down
0.0,0.0,0.0,-0.17130987690313268,0.4960161780808489,-0.08873632656343013,-0.3759981859511635,0.893232482410345,-0.2006408715206968,-0.5648867679446791,1.2541878393817458,-0.29853836133895767,-0.6837245223065846,1.5595715375482235,-0.37458729405941543,-0.9284772955895307,0.45419592436066725,-0.2063823603656716,-1.1831565522644587,0.6286237694523326,-0.21369652718455465,-1.0236431072569188,0.6430066166072915,-0.1807436644010108,-0.8672868726004672,0.5872827457779094,-0.16200107244391307,-0.9719873406124985,0.07330198134154453,-0.18937025115832834,-1.2119763531924461,0.27412909942536273,-0.1798256542090603,-1.0644490105328523,0.32937849683475084,-0.14464282580936627,-0.921531432817136,0.2644779057494928,-0.1428730451553477,-0.927480782491899,-0.2554569649873995,-0.16105019322470812,-1.1620686465164252,-0.08809627662511994,-0.14507153528694788,-1.0450360316320912,-0.022517866368441764,-0.08514825138871049,-0.897185832998742,-0.06861551580721685,-0.06756739095227812,-0.852320149632934,-0.5404775482566869,-0.13692178168193722,-1.1193374989623701,-0.46133205216363615,-0.13263569025686836,-1.0378006092662915,-0.369475662871796,-0.07471297626506755,-0.9097688918801143,-0.3762003425461485,-0.033868044503126034,thumbs_down
0.0,0.0,0.0,-0.1631129176321234,0.5536031815956762,-0.03974239098344394,-0.33261764512269093,1.0095375994554603,-0.15336181772580842,-0.4571367830112144,1.437502495141256,-0.2655486052608941,-0.48857021822451446,1.788950463505739,-0.3627815116293928,-0.874238171878437,0.5590306517703267,-0.20357100318245602,-1.1438818657086245,0.7964050677425047,-0.2087485925078875,-0.9653694957782564,0.7874543311342986,-0.17331668127541885,-0.81940297828526,0.704874791130862,-0.15543034279210724,-0.9429822521164821,0.183568422472999,-0.2191304266457271,-1.2118745442133583,0.4520489121541435,-0.20775524538238396,-1.0479282314991747,0.4899787905291419,-0.16476969689641852,-0.9051013249944682,0.39449325267635593,-0.16369814249563905,-0.9289944315761766,-0.1472135506627752,-0.21623857401092134,-1.207676974269942,0.07587444212589207,-0.18143654685054672,-1.069484527641538,0.12550978887079622,-0.10211478921955777,-0.9184919402483636,0.04755614227438978,-0.08183139774903883,-0.8872671597509098,-0.44082561362613454,-0.2144196907740516,-1.187372606422656,-0.2935410836465319,-0.18331897110838025,-1.0770144541318705,-0.20809055265555748,-0.10219547273985773,-0.9350521491330018,-0.24870418347542814,-0.054802303719056394,thumbs_down
0.0,0.0,0.0,-0.15104130775007865,0.5811492816546655,-0.06921975103520485,-0.32895373323454535,1.0819884958593764,-0.18458438020750523,-0.43083898636953993,1.539492240584832,-0.29868327501494796,-0.4223244733474686,1.9057476201383827,-0.39715652434311666,-0.891905869696623,0.6273162519391458,-0.18613774261231494,-1.1883711327821749,0.9408837048484807,-0.2335031606205614,-0.9937092044116784,0.9082764217240029,-0.2448035643352291,-0.8395443660692637,0.7938457690407714,-0.2514787235221927,-0.9831779974636243,0.25952881033329805,-0.1919522698497223,-1.2686624402886317,0.586350788655076,-0.21756056980421842,-1.087446388754253,0.602578139780425,-0.20835389303352006,-0.9437033243561569,0.477776990331768,-0.21838469803038574,-0.9924497868715453,-0.07674567818542694,-0.18776624249915375,-1.2763221252186665,0.20650695669482635,-0.18894981905937655,-1.1268416447675809,0.24103150604474996,-0.13691704435859567,-0.9726930650428642,0.13573819650770716,-0.11926313632151547,-0.966040163747196,-0.3699310778161636,-0.18750512753559775,-1.2739633749895791,-0.19403659692057937,-0.17444590095160695,-1.1523501652725996,-0.11354143136144945,-0.104928106559243,-0.9972560843956082,-0.17602329917426715,-0.05790428074091572,thumbs_down
0.0,0.0,0.0,-0.12879064117319672,0.5747768125030339,-0.07644018864589577,-0.3077729180583548,1.0310562594317956,-0.19001085622553474,-0.45760659317846664,1.4344847271644108,-0.299073258465313,-0.4839708395861396,1.7680037773685637,-0.39059994377233004,-0.9226570751695028,0.6283664982225652,-0.17784092274809143,-1.2123998716993973,0.9590999303231509,-0.23254701421582466,-1.0122583882174927,0.922269412088,-0.2530734271261931,-0.8523928259605771,0.7844191983472409,-0.264007447766435,-1.012556396319234,0.2553954686848908,-0.17907778264493823,-1.290820829947304,0.5972928398850401,-0.21595902776234402,-1.110476681292111,0.6012048275934948,-0.2126189062364156,-0.9718757649391258,0.46384455937593794,-0.22045193791118375,-1.0207465681323513,-0.08000254785566636,-0.17262106539979688,-1.296996921581278,0.2187947702570152,-0.1923902252020588,-1.1532313732955688,0.24549680127153506,-0.14777676093609307,-1.0056144491187082,0.13178776926422872,-0.12656085900828495,-0.9951772204536881,-0.36896812410326457,-0.16981100131913374,-1.3004429559442132,-0.1611845006563607,-0.17266133516513418,-1.1811008131662752,-0.09637910324331926,-0.10999596699886471,-1.0278968684548577,-0.17664051406871875,-0.06065613744887441,thumbs_down
0.0,0.0,0.0,-0.11912299420077775,0.5738894320720789,-0.0644526482468911,-0.3336345227261569,0.9827426155494755,-0.14984866843192704,-0.532083646377682,1.300176452036583,-0.22982627276349374,-0.6083707867516585,1.5723205806561764,-0.2903751652312464,-0.9322519918910013,0.6024675808791272,-0.13438114150860617,-1.2028001230872978,0.9289434821904002,-0.16900719947442103,-1.0169544496052252,0.9100386270319742,-0.17804956438835481,-0.8538074061433745,0.7712694359093618,-0.1818626450252395,-1.0187975609496582,0.22590565694087753,-0.13480460818353251,-1.2878066717666505,0.5715591349919342,-0.14918759067852477,-1.120557921328842,0.5944511028468275,-0.13786135257158985,-0.9759937166981335,0.4617726937078678,-0.14045479836948588,-1.0245925744577542,-0.10936135412439169,-0.12958670731169117,-1.2941522499695057,0.19826218773190915,-0.14066864233831886,-1.156216588187099,0.2420679316895949,-0.10100327692472214,-1.00826641068362,0.13114579067471074,-0.08241714710912168,-0.9922001646607328,-0.39570877148576766,-0.12729692235025614,-1.283500743700427,-0.19238651009411592,-0.13200544084653,-1.1797897198038807,-0.12063128538781641,-0.07936301350204787,-1.034601968646782,-0.19644148309016976,-0.03552428467733869,thumbs_down
0.0,0.0,0.0,-0.1363462276863698,0.5617652483542683,-0.08586647826858763,-0.3531867635744026,1.005326984166431,-0.19123503896694666,-0.5266784870084731,1.421118189954485,-0.2857700813080666,-0.570989513458548,1.786788513617378,-0.35858389934277457,-0.9037919689947285,0.5933026633146655,-0.1745949555992954,-1.1873632435515638,0.8981592968929765,-0.2109718742475864,-0.9825333578587814,0.8614829277593701,-0.2118219494852644,-0.8181940172252181,0.7282724079384444,-0.2111163088108135,-0.9855234094771076,0.217356953491451,-0.16213545480162345,-1.2581881208027772,0.5315948582585973,-0.182253928366108,-1.0801797926150014,0.5395624441399068,-0.16675300611295665,-0.9443871847769847,0.4146700940678128,-0.1685763496155017,-0.9889926764539171,-0.11824512861271097,-0.14214481469265539,-1.2556186437161725,0.16183228765286636,-0.15158285477325845,-1.1164790949270644,0.20157059070857147,-0.10234911219865825,-0.9740392656296645,0.10300860239903863,-0.08077108106700363,-0.9614831926908772,-0.40383478259389516,-0.12572127479466091,-1.2566029268406362,-0.21994723861335824,-0.12582274352362924,-1.1454659491965864,-0.1415602168959732,-0.06519814843031703,-0.9951316774146982,-0.20476998377297198,-0.018439372392771932,thumbs_down
0.0,0.0,0.0,-0.17914849297888552,0.5359013721505487,-0.04345216294295802,-0.3788780091268626,0.9918484224161214,-0.13798691495276533,-0.5070734012427076,1.4123070646952907,-0.23257675413827358,-0.49702792347337593,1.756003791038008,-0.31428619887380355,-0.8604951532206451,0.5624328703921933,-0.17618916141507893,-1.1222736525388959,0.8045929144829473,-0.1971748576271117,-0.9486582593576993,0.7903367320175639,-0.1767719307291522,-0.8033492694331712,0.700961480851478,-0.16492076727548735,-0.9286872462057166,0.18732577721021937,-0.190043074985739,-1.1889246675860081,0.4564316659693335,-0.19522475267699765,-1.0267546857883822,0.4912803812267728,-0.16555905916218294,-0.8862645932681257,0.3895256219081171,-0.16520985190096124,-0.9190809514179181,-0.1453168649297142,-0.189534266357392,-1.18655065640721,0.09196067594564986,-0.1806624104547032,-1.0524865681188216,0.13765751373177473,-0.11653718973923112,-0.9006631315964888,0.05420547800490515,-0.09337966742746329,-0.8742994315422715,-0.43737294187968057,-0.1902525766261109,-1.172422897103323,-0.2902593642282732,-0.175599179656352,-1.0699085026690223,-0.20235613326236065,-0.10059397671573228,-0.9240694643185059,-0.23370228852086875,-0.05088622462955151,thumbs_down
0.0,0.0,0.0,-0.195875410945692,0.5177741260799396,-0.02381935094218119,-0.4121148033608162,0.9363888873226532,-0.10893108003205443,-0.5553670053009564,1.3261110904311582,-0.19561175584797966,-0.5611949458102364,1.651499149554482,-0.26911623663244016,-0.8639253078904477,0.522828319071148,-0.160754856527847,-1.1451463267459376,0.7313033077376422,-0.17836008101603423,-0.9823505670388217,0.721653305822389,-0.15382162920844464,-0.8325248024644849,0.6486218328135014,-0.13680967473211983,-0.9217373527267797,0.1524492055018123,-0.182802191398629,-1.1934041156862674,0.38833149217888513,-0.17470809969699228,-1.0417651608723661,0.4245976906206562,-0.1349189994084213,-0.9049494850763697,0.3404405301748105,-0.1282499712608895,-0.9043839851501689,-0.18032206853099872,-0.19035535549228677,-1.1879011132298203,0.02454568886021659,-0.16911924372992376,-1.0594859537978523,0.07159169224440176,-0.09772401782893025,-0.913200996697939,0.004705916846183218,-0.07181809033174417,-0.8545715202222521,-0.47645852194792254,-0.19733785835089346,-1.160861240568117,-0.3599056958885246,-0.17285107573298947,-1.0738149439913742,-0.2779542843611722,-0.09211341330319205,-0.942295219885195,-0.3008375829621445,-0.03917216902788469,thumbs_down
0.0,0.0,0.0,-0.21784401325492392,0.5213111268100619,-0.003851417969045595,-0.4480262507383779,0.967267107648532,-0.08743166353310308,-0.597376653544133,1.3596115593412574,-0.1791051843032085,-0.6149188581826341,1.6866241123931411,-0.2588657600734784,-0.8848239808729043,0.5129119547786218,-0.15478675108662188,-1.190587809609563,0.7530450014516649,-0.17869056725364227,-1.023649547874659,0.7534954571193896,-0.15932934349476496,-0.8792809412643892,0.6759890809724747,-0.1460581357916054,-0.935625031886372,0.15257542189711396,-0.19211817894751265,-1.2480470823711023,0.4048330307184555,-0.19932286353201695,-1.0925272630891445,0.44510376741304497,-0.16435161982795787,-0.9428457144952241,0.3580282519463564,-0.15699641875397422,-0.9169974725782044,-0.17863245610336279,-0.21301313957808088,-1.2236439509340535,0.02350161137772404,-0.1972844184772149,-1.0931505963374553,0.07447980103890509,-0.12603407831169627,-0.936479071483423,0.004348723365169409,-0.09802498077307517,-0.8715276252646462,-0.4840012230449494,-0.23216454382618945,-1.1882971816667953,-0.3655204254035939,-0.20439252521437803,-1.093737406153248,-0.26911560782400135,-0.12202265455261894,-0.9499726536272795,-0.29512394412022586,-0.06814142744052779,thumbs_down
0.0,0.0,0.0,-0.1999992859091499,0.5161437960031159,-0.012077138271034024,-0.4191828891823971,0.953180284418472,-0.09261136236703443,-0.560442989774691,1.3460201754875096,-0.17652304921002887,-0.5702042200806092,1.6612146062588335,-0.24710005594015932,-0.8741124369942725,0.5408701415693854,-0.15514791494780794,-1.1695610019200653,0.7726992095650829,-0.17167341407971104,-1.006503106977109,0.7626362607777888,-0.1408460814030691,-0.864187902319159,0.681243906180173,-0.11885706651461585,-0.935738285045418,0.18057335092817617,-0.18358696865304916,-1.2349094610935374,0.42543277201089563,-0.1865000014004871,-1.0772387890957096,0.45702397187776367,-0.1453940359944761,-0.9343450377320227,0.36848022148415827,-0.13218662439471002,-0.9279251726604956,-0.1531515726510243,-0.19609138226200404,-1.2261845153906543,0.04830773930985352,-0.18185282726320512,-1.0864269364108454,0.09385569548824961,-0.10830115973692263,-0.9320751677081514,0.02710488280979139,-0.07707865154489597,-0.8872223174878544,-0.4577063291676357,-0.20685055631011354,-1.1882979017373336,-0.3290661959613376,-0.18346536305284677,-1.0773972368293898,-0.2489608497752242,-0.10150698276293164,-0.9336681441571052,-0.2827047533341618,-0.04635317541544382,thumbs_down
0.0,0.0,0.0,-0.16168555556137412,0.5344231843148788,0.007811803290321639,-0.36565561564412735,0.986784169345757,-0.05265431270384046,-0.4861294392042355,1.37118207612467,-0.12337501467718655,-0.45958321783609224,1.6714346945137462,-0.18264953293759606,-0.8143065957096141,0.6799834748550311,-0.10312153485539212,-1.0902363015322198,0.9399483416839661,-0.12580324744618526,-0.9261412939921669,0.8940689470566597,-0.11033031590758036,-0.7836199132792532,0.7837570714096785,-0.09616964784338616,-0.9045793011135906,0.33540673706757973,-0.14250898526938618,-1.1749749212987632,0.5925684346059451,-0.1383963079132759,-1.0213051562972075,0.592033272972053,-0.1050108268706942,-0.8892384091507392,0.48294112498492653,-0.09711894360350559,-0.9334523121943081,0.002957472187298337,-0.16944496304916948,-1.2093673225029398,0.23300227256485745,-0.15504866925700952,-1.0760557428602442,0.2550173771243035,-0.09320304836420545,-0.9325901753744912,0.1625421815634508,-0.06641400180568391,-0.9288275114840256,-0.3092634177075611,-0.19409155961874763,-1.238356673069286,-0.14294203980042391,-0.16638001078115133,-1.139176649257726,-0.06738015619765705,-0.08709301530116674,-0.997199614874938,-0.11444988745686985,-0.032617988759929065,thumbs_down
0.0,0.0,0.0,-0.14715099748928237,0.5298105091877036,-0.034376087904240744,-0.32424183980850635,0.9646747233970281,-0.12364354181815256,-0.4338349827941477,1.3700161194039973,-0.21309242911796586,-0.42885066599379523,1.7015304671743945,-0.29017638030574705,-0.883365441598064,0.6066525144673198,-0.1456387888294307,-1.078729081468477,0.7956298279594627,-0.14233907700384166,-0.9219246449225954,0.7661348923513936,-0.11466184219169957,-0.7886870619821749,0.6817197320062778,-0.10324048186212502,-0.9626889977691605,0.2391684077808923,-0.16244041963440095,-1.1328582891284886,0.45406077423208535,-0.1392586848915297,-0.9862061476195892,0.4749824182404723,-0.10964346771164142,-0.8553998056722629,0.3778406720337244,-0.11592065040222274,-0.9582017185191289,-0.09531725471105769,-0.16440750635413146,-1.1426862974710539,0.11050963173696482,-0.1333227798512583,-1.018587537879644,0.13671442121925087,-0.07634939603820586,-0.8795370401738847,0.05592884727818592,-0.06490288549493319,-0.9180926066382918,-0.3925032797681919,-0.16758697449186086,-1.1703591661568489,-0.26706918636781,-0.14372137745176258,-1.0813942937962342,-0.20607661750989106,-0.07262899231193644,-0.9582593021377638,-0.23956725010785712,-0.027144530134960352,thumbs_down
0.0,0.0,0.0,-0.14370865546028438,0.5486116917822756,-0.06438361382538398,-0.32764330052179413,1.0031846704412943,-0.16588224728344264,-0.473406284049107,1.4079673384017624,-0.2647076774252331,-0.5174921271402098,1.7475624726762504,-0.34841574877582915,-0.9254049929557544,0.5867833533164726,-0.14880591667553733,-1.1279260021295883,0.8409901646551126,-0.1610171105100476,-0.9716903506942798,0.8362672576040039,-0.15353702537241343,-0.8390940527333852,0.7442847339141907,-0.15460141673423383,-1.0049920572305586,0.21271943576330743,-0.1509305985762944,-1.1959142718151354,0.48846473834895027,-0.14268523008731643,-1.0510447441671704,0.5331424959601211,-0.12588597162602314,-0.9195764342539527,0.4319337994050969,-0.138970718291701,-0.9954066406471932,-0.11997375184321783,-0.14337976212564504,-1.2007507222175777,0.1274725766750228,-0.13021848615537115,-1.0762712227383706,0.18055874683961246,-0.08386441297334737,-0.9317832752055438,0.09852088345131914,-0.07378066400536691,-0.9508107831582959,-0.4128535527372444,-0.1398280617236686,-1.2275438508549956,-0.2753159473991784,-0.1317157712387684,-1.1455183965761377,-0.19110028530497453,-0.07307277278516176,-1.0174998190859579,-0.22242708207461143,-0.03195087456655162,thumbs_down
0.0,0.0,0.0,-0.08356176461996288,0.5704811029051521,-0.0909493702487321,-0.21634231731292874,1.0520152062408317,-0.21481925923286532,-0.3488143797142964,1.4882080644645026,-0.3322429347734093,-0.386154739798737,1.8466911630363962,-0.43107264118443983,-0.8749715726944208,0.7257739984270447,-0.18032194055497947,-1.0886585148213188,1.0065783725877644,-0.21041694914731746,-0.9123932451092425,0.9775306287925642,-0.2134555513637246,-0.766922382533528,0.8616065566809534,-0.21910805792590612,-0.9871279665967736,0.36891590505314753,-0.1728371715786467,-1.183330274872503,0.6624037613436831,-0.17931756258095047,-1.016492890550941,0.673412581890537,-0.16476843575630934,-0.8890417093743985,0.5492877578018718,-0.17752331833653845,-1.005258133452494,0.03632364560227171,-0.1583224841725627,-1.2251738483685033,0.2976776137720005,-0.15588057325080754,-1.0841174384162229,0.329962953866952,-0.10565873590001389,-0.9390072053363204,0.22625186963760865,-0.09196371829380495,-0.9873154194500183,-0.2674219784125143,-0.1496525472471732,-1.266831210420883,-0.09085008052327584,-0.14680411346756367,-1.1648661688278894,-0.01873907827635993,-0.087732538464647,-1.0299410810092255,-0.07638393417319818,-0.0457214619560022,thumbs_down
0.0,0.0,0.0,-0.07224067302636215,0.6403208400194439,-0.04556271819455925,-0.18785702977246466,1.1824082021042621,-0.14992063936760439,-0.217644511160885,1.6592319002411486,-0.2535773824771731,-0.10413490896078652,1.9865389830454938,-0.3426234034088269,-0.8638237060676127,0.8964754193364449,-0.16840054110721964,-1.0153861066419014,1.3211504810389008,-0.15652970987807335,-0.8149760272908245,1.2255890491343122,-0.12435481633111904,-0.6968672188783108,1.055765679225283,-0.11312504295816066,-1.0192715743686147,0.5526549330161111,-0.17541887635638523,-1.1663374887539641,0.9864515328032473,-0.15602758292460517,-0.9800464423071389,0.9600955629087586,-0.128717341941055,-0.8680292626416742,0.7824243832061529,-0.13720760749436461,-1.0805656064415656,0.22162474639312787,-0.16275613794625265,-1.2662217768723254,0.6211380413127335,-0.12829668687717452,-1.1055007264629393,0.6275411436793553,-0.07422558618079372,-0.9682137583125174,0.47104089217009476,-0.06446689919243165,-1.095484530109273,-0.07617186773126804,-0.15135596530854395,-1.3661299225445265,0.2095886104810408,-0.11870172545848913,-1.2391063415139423,0.2647154648864506,-0.04698987416588968,-1.0947714543334002,0.15936050713069916,-0.001350450280345696,thumbs_down
0.0,0.0,0.0,-0.04035124760164003,0.6776018641242662,-0.09798861531457441,-0.1467072037909518,1.2560743205100589,-0.23736966254706568,-0.21011738122196208,1.7902675075457042,-0.3676041608556134,-0.15846803034855841,2.1955297200639627,-0.4773546314894358,-0.9001355396012106,0.9315296399931432,-0.23085731928603614,-1.0763674963885552,1.4272956060883715,-0.2538302360673963,-0.8556184154453419,1.305986921207204,-0.24647237194256605,-0.734318615944848,1.0981920417951303,-0.2489006866751863,-1.063919078064984,0.5843955878409108,-0.2212642479446171,-1.237070541721909,1.0807630258586527,-0.2448646947360431,-1.0318202986365608,1.0334640940611581,-0.2338470149326986,-0.9094050421161324,0.8295678462922869,-0.2458961464622544,-1.1322018615591767,0.25396741833649733,-0.19612084198378524,-1.3366756590718252,0.7011139483679848,-0.20198572720549807,-1.1566804018238435,0.6891145835138358,-0.14919763790606821,-1.0103627878008834,0.5091405144813063,-0.13079167863635724,-1.1522021699644003,-0.034599672342602465,-0.17557110307434343,-1.4476438113215035,0.28854248500954244,-0.17424549398602773,-1.2931906060557243,0.32534436477753037,-0.10376081277322799,-1.1252569113266062,0.186829481967544,-0.05134604295638607,thumbs_down
0.0,0.0,0.0,-0.0508453705481759,0.6165802742650159,-0.0990382765319725,-0.1848046365747046,1.139895456241174,-0.21973325254941042,-0.3010433537024461,1.6132371098658729,-0.32940665706889666,-0.32628726598523117,2.0086505802164623,-0.4194265094796258,-0.8840952716311831,0.8369128042200289,-0.20034443911289634,-1.0667513936691058,1.1960224027715385,-0.2328727435460603,-0.8721187766703462,1.1257814581234544,-0.2349945190518739,-0.729749407313828,0.9566492537863058,-0.23905848741191155,-1.0266887549550592,0.4829435768967077,-0.186276166559868,-1.1961998803063827,0.8649477774431193,-0.19937533647424033,-1.0133630420924689,0.8514815075547582,-0.1879566772094312,-0.8910868501388777,0.6774045459146874,-0.20157741003898721,-1.071405320997046,0.1505177904818469,-0.1629359477846745,-1.2773103523713298,0.5041242899967274,-0.1706718267524234,-1.1176997530057498,0.5198861087299348,-0.12173394499443291,-0.973379426222404,0.373100528305651,-0.10605652322536022,-1.0712783662640917,-0.14383582606778564,-0.14471519076076528,-1.3598257469657555,0.10253667416389388,-0.15125697261693838,-1.2338445495402344,0.15980880420376384,-0.08981921124728227,-1.0795284807214296,0.0595404742990831,-0.04321661241270766,thumbs_down
0.0,0.0,0.0,-0.09253986026143123,0.6305099396527815,-0.0768927301594883,-0.29236927870070323,1.1273063204552913,-0.16943732550219465,-0.5169957559885179,1.538790340645742,-0.25183022761348545,-0.6476120901511666,1.877566626067295,-0.3111686610410956,-0.8793890216981138,0.7729424684984755,-0.15566094761857216,-1.0677245520035086,1.1456700892188463,-0.16476190424474269,-0.8646065794908525,1.070915515249256,-0.1460413792093528,-0.7249637358167424,0.9012397364149191,-0.13748208779159177,-1.009075032773622,0.4074622508199553,-0.140464125608026,-1.1909817673084595,0.8105881302592711,-0.14600563536489672,-1.0062924100961432,0.7968856076051984,-0.12448026687867132,-0.8806211058970251,0.6352341061642924,-0.12759823764272843,-1.05054728224964,0.07893685456975101,-0.11458876235054331,-1.2566019682202534,0.44850561429030733,-0.12664975672273207,-1.0971276410985284,0.4575738567214817,-0.07405727420757004,-0.9546276975363749,0.31329737486939196,-0.05049029818354383,-1.0496310841507102,-0.2102799835803245,-0.09015331523853302,-1.32838451626136,0.048557857198365695,-0.10190327897543773,-1.1975100800414094,0.08934311861141585,-0.04077999327779227,-1.0429114420319994,-0.015502816605999446,0.009411346577070418,thumbs_down
0.0,0.0,0.0,-0.09876950994155531,0.6597700861441924,-0.07432053612063004,-0.3127735864709543,1.1475668753598114,-0.16240652508278305,-0.5332557731508131,1.5820591859698943,-0.23950100608080754,-0.6394467877715333,1.9520136349752306,-0.2905033357826837,-0.8703405828718229,0.7990497903457902,-0.15860824291563416,-1.0725226627217086,1.2323662174621166,-0.16439627743861523,-0.8565014420504486,1.1312483002001739,-0.1345721764031176,-0.7206365035147192,0.9290877222198883,-0.11770736136479111,-1.0097654246932215,0.43197390413316933,-0.14477107589869578,-1.2031720540125599,0.8689590877500155,-0.15425508022590922,-1.010209572687149,0.8418989848582703,-0.12849930510169358,-0.8989085043692764,0.669566875480745,-0.12553683462253082,-1.0621244929697777,0.10230992715789931,-0.11880954216099235,-1.2742867999812417,0.49868076683382745,-0.13290543504343638,-1.110218127864411,0.5186156876868345,-0.07533543906429917,-0.9771235708399713,0.37293245794495233,-0.046257362612871555,-1.0673084593436806,-0.1791885180462621,-0.09338962875968086,-1.3599757819382519,0.09688070508387016,-0.10049102015559008,-1.2271083384114634,0.1589256936818533,-0.03229348627526113,-1.0641322300436884,0.056336242219152476,0.023191224688396052,thumbs_down
0.0,0.0,0.0,-0.11446212907405916,0.6473119109029567,-0.010115381676946865,-0.291872523422303,1.1795470978233138,-0.08733759323946683,-0.39442512444780575,1.649887706071642,-0.16638631825226502,-0.3429259415252254,1.9960120769091736,-0.22986782885782478,-0.8881777281046368,0.8310137284843372,-0.14330015907631985,-1.0847386595704618,1.2573464051057142,-0.11595898534678793,-0.8849606140394107,1.1648715590300236,-0.061169315252789166,-0.7580771281493136,0.9942610801193765,-0.032199515585408504,-1.0289519931653928,0.4797377043417763,-0.1585474700771229,-1.2243951760190515,0.9176322391448806,-0.1276486547457535,-1.041824453301923,0.8915376470671785,-0.07689829561938819,-0.9233090674694768,0.726866250334609,-0.0673339907981507,-1.0843429431961247,0.14848639682840137,-0.15151410992238254,-1.311129131760135,0.5507597848151252,-0.11895493741749297,-1.151389175173183,0.5517113725888262,-0.04872822058112782,-1.007429159739602,0.40317559462770824,-0.024483557197048013,-1.096906437596874,-0.14695691633939528,-0.14090355799185122,-1.3966165475564267,0.135702021955636,-0.10979534205061116,-1.2661642738586487,0.1841676017791668,-0.026387692006318627,-1.1076541744013817,0.07818367934246456,0.029808401961753498,thumbs_down
0.0,0.0,0.0,-0.12455244432933522,0.6343268460956548,0.0152913765443745,-0.31447771855528284,1.145581863517971,-0.03583394830486505,-0.38853987322068917,1.563766103721249,-0.0980229654213057,-0.3019385202820669,1.8534184466459795,-0.14753158422890608,-0.855302765278703,0.8471849540611412,-0.09878228391784882,-1.069940885617359,1.3329660166318766,-0.09879473036451945,-0.8728764659805538,1.251213662916716,-0.06239874149814863,-0.7368255509187905,1.0694341617885217,-0.03516668076547309,-0.9993350921424594,0.5100669785127142,-0.1316576227129218,-1.219714263882395,0.9946218103374884,-0.12492198513565174,-1.0371818379802624,0.9701285672838456,-0.0820686827650989,-0.917264927789024,0.7953422641918503,-0.0637917844668684,-1.0612215529771398,0.178451355388322,-0.14689319233922796,-1.3257375296038219,0.6145516588265278,-0.1366965261539496,-1.1656837273873848,0.6276664626334431,-0.07097531829690948,-1.0227828336757694,0.47010740572775445,-0.03492430806178149,-1.0749556101307363,-0.12663185341967764,-0.1573779596650775,-1.400138636816916,0.16471047826394716,-0.13643284903372865,-1.2852569110513903,0.23650703863676,-0.05530921137470426,-1.1321983528623858,0.13331269679422475,0.006941189474818859,thumbs_down
0.0,0.0,0.0,-0.10195256693917809,0.6500461163481566,-0.03071970101725421,-0.264020243140974,1.1981749298519135,-0.11969988909560801,-0.3271918000029671,1.6736135935261092,-0.21227260947858545,-0.21618382041802517,2.0191257689222697,-0.2890261833062625,-0.8531862906320828,0.88025148337472,-0.14806534996756818,-1.0546846500417941,1.3487064999713994,-0.15437138178156234,-0.8521683789731829,1.2411835623685274,-0.12597631517618524,-0.7232428484623271,1.0593117061701582,-0.10944876085152523,-1.008351020280952,0.5421908824675624,-0.16074228342375216,-1.2102840774743775,1.0076647267441055,-0.16181107795017835,-1.0163573261070502,0.9607919632265509,-0.12804160647703194,-0.8985576174988682,0.782624193291281,-0.12151736748041235,-1.0708966394606236,0.2091866102271324,-0.15655748015710008,-1.328611391192902,0.6278066793448479,-0.14446787189484417,-1.1618190044464318,0.6186353020797157,-0.07926850772698021,-1.0116387189633953,0.45706200136049013,-0.05035550502763239,-1.0841647551211022,-0.0926998109937874,-0.1519030223012426,-1.3924054949588727,0.18533994428871856,-0.13021814709611224,-1.276658563560211,0.24545573170700521,-0.053399279592946554,-1.129772080160637,0.14928376368885546,0.0013833999225302638,thumbs_down
0.0,0.0,0.0,-0.08570528701893346,0.6953125660424757,-0.08936871531130826,-0.2264024999126706,1.2731177964560854,-0.21929974182615897,-0.30365342660489314,1.8036408992041852,-0.3434185422607205,-0.26128638219814887,2.216963945927432,-0.4475648419120538,-0.9317711733579811,0.8582055163057466,-0.21547501886475112,-1.127003563936846,1.402805083809643,-0.249899133173721,-0.8903190157360367,1.2784249740511935,-0.25153913812475065,-0.7656837665778747,1.0632347036713898,-0.25671440100297754,-1.0880138143633524,0.5021351947157905,-0.2086128900268791,-1.286045786311814,1.0454500275857128,-0.24242068539592715,-1.0682158311889363,1.004216163619108,-0.2341851835767693,-0.9475633984366395,0.79441232394495,-0.24454407349099644,-1.1470768473899708,0.16846569529895175,-0.18716647256840477,-1.398246639548296,0.6577869134057516,-0.201067854863176,-1.2081316362208838,0.662992591403154,-0.14516014061253968,-1.05899813827126,0.47917542955256753,-0.12065192000700539,-1.1568194183642762,-0.11506161244579163,-0.1696014588184304,-1.4738151756484092,0.2099345377862724,-0.16782419477957863,-1.3263411266010023,0.27256535119252084,-0.09553213825519172,-1.1638604315530705,0.1398873017202631,-0.04065093156109387,thumbs_down
0.0,0.0,0.0,-0.07467997834322677,0.6399204377198489,-0.08966250587112058,-0.24865733511968857,1.1563419854170005,-0.20612006492036933,-0.4043902498866235,1.6034207905279316,-0.31389235873394533,-0.43417359832235547,1.9882989382639409,-0.40202641754638113,-0.930412556959359,0.7643204194937291,-0.1938953631888018,-1.1719977881058214,1.1881174664298668,-0.23237217257960582,-0.9521260689133436,1.1359967732893312,-0.241243252581786,-0.7968410340700737,0.9632510863029478,-0.2478676432533426,-1.056273480389003,0.39438093337829166,-0.18058659792734064,-1.2856133278487176,0.8315343994665781,-0.2082589081644631,-1.0885168359649837,0.8280486673225792,-0.19934152807530808,-0.9557790895407352,0.6578809558491954,-0.20771172153153325,-1.0918319471856817,0.06242726328868076,-0.15715853522670165,-1.3270982057781762,0.45023795814392437,-0.17611231831231747,-1.1636320309602242,0.47891160409021893,-0.13156358471736626,-1.0124885524348908,0.33731090048606654,-0.11183908117810197,-1.0899877749404723,-0.2212060281317294,-0.13668198331114964,-1.3898633784735503,0.054905279927844906,-0.14566278389730797,-1.2564784722191253,0.11751915985138603,-0.0847725408261084,-1.0912834275767886,0.012192731136198042,-0.03532758344744237,thumbs_down
0.0,0.0,0.0,-0.13895626871576974,0.573555558524608,-0.07506793132982471,-0.35086767483495607,1.0341445109135452,-0.1787841800614413,-0.5267749203155904,1.4344603809455294,-0.27854341637671637,-0.5800160382815711,1.7911862448010558,-0.36281567058872655,-0.9406373023486725,0.5760678276087676,-0.15469546814795815,-1.1950234079988462,0.867508644858362,-0.20125548318942882,-1.011671773572883,0.858421473351244,-0.22237630808678752,-0.8542588773536912,0.7400946054008722,-0.2357880040964605,-1.020213236980639,0.20024595245137303,-0.15617973091569112,-1.2614275334260507,0.5090249470790841,-0.17655543321165282,-1.0929885673374915,0.5402673644635257,-0.1727173032733225,-0.9509491735995199,0.41623445191659925,-0.1856604636135836,-1.0208960008008086,-0.13374123566944737,-0.15235536352501358,-1.2633519717810588,0.13827287619963322,-0.16406195748516791,-1.1260422578028801,0.18499504568371924,-0.12458799433458119,-0.9771953441341577,0.08479851202989291,-0.11087266764296733,-0.9921645951085923,-0.4226018846704453,-0.15276055807574954,-1.2796427416781422,-0.24491605829914845,-0.15930418287434928,-1.1699667302337855,-0.16812713288892367,-0.1035464931861847,-1.0197756645876022,-0.2314669941729365,-0.059480387341962176,thumbs_down
0.0,0.0,0.0,-0.16320268659417994,0.5694344879873966,-0.06762750684552733,-0.3940922586636213,1.031413622559207,-0.16770024178471288,-0.5875842370300071,1.4344548358419198,-0.26453347602270244,-0.6542853671923502,1.793691971769242,-0.3455164268343344,-0.9391087789467385,0.5483367318223704,-0.1570332848600734,-1.2161874994605597,0.7845056809684492,-0.19908413782942527,-1.0503404949198913,0.8040356109000298,-0.20892514082440164,-0.895534937490984,0.7259924307221117,-0.21532799810700365,-1.007112315940802,0.17186708692444536,-0.16164848653337532,-1.267459738075185,0.43390023088699353,-0.17566056699998084,-1.1094839619317203,0.4917085765827032,-0.1598816343270375,-0.967170399507722,0.3969291599899659,-0.166897656721706,-0.993984548880598,-0.15989852366991475,-0.16004537070723684,-1.2563078024217758,0.06650546051037373,-0.16256196521124539,-1.125683186998863,0.13011599777867688,-0.11011109856583486,-0.9730016020381784,0.05632199704604954,-0.09213604216942509,-0.9475355363242967,-0.4516117292895465,-0.16269587084255172,-1.2311293772688332,-0.3110888219455583,-0.16326868294673966,-1.1291009247368897,-0.21562548745256213,-0.10120350963765896,-0.9824295460892203,-0.24367105939855765,-0.055704586662169084,thumbs_down
0.0,0.0,0.0,-0.1775973377792047,0.5480697088225219,-0.07581241946851844,-0.42735020029316695,1.010736135601962,-0.1764542326803825,-0.6106071342796793,1.4271318400469521,-0.27627616435547736,-0.6714088513324985,1.7888354221216296,-0.3553512655748548,-0.9500382643511118,0.515039326239113,-0.17221890405428322,-1.3058980475459414,0.7824027060036426,-0.239429970096706,-1.12129235439338,0.8003729747824597,-0.2548196629699725,-0.946472273687071,0.7129014305168295,-0.2557449452914224,-1.0136444361868662,0.14084334143948052,-0.1742943327188944,-1.3458162501968503,0.417193091852966,-0.21846909289031555,-1.1564973175204005,0.4772567619560773,-0.2013036483933133,-1.0030187853782577,0.37754377565358377,-0.19451812880334823,-0.9948143488929372,-0.19266363288153293,-0.1731415400076398,-1.3483320383755029,0.024761042471857904,-0.19930210555320568,-1.1964136657819888,0.11016185199584533,-0.13764827729088944,-1.0236742098937004,0.039608519634323,-0.10075462225543694,-0.9409313583962993,-0.48490797229400373,-0.17695856862599396,-1.2856765501315832,-0.381619723380865,-0.1906654418236781,-1.2043467432966881,-0.2438015090535037,-0.1294666826323599,-1.0551382516307446,-0.24349491668578585,-0.07756258631459276,thumbs_down
0.0,0.0,0.0,-0.1511157176453221,0.5536570529383098,-0.0725980768346281,-0.39883421959400006,1.0180283534557328,-0.18073168234106285,-0.5889970742532852,1.4185998605927035,-0.287491200828004,-0.6846635442363855,1.7616809302418235,-0.3706531338523632,-0.9445688968317519,0.5061338720974881,-0.19537739620615852,-1.3934756313947856,0.7577698836331479,-0.2931514577408687,-1.220769932757766,0.7819344214121444,-0.3229344774036169,-1.0375433093474162,0.7053301298307748,-0.3239310031326076,-0.9984764863556294,0.1279736203395612,-0.20276063756873106,-1.434288969731648,0.3801829859793459,-0.27453865407706435,-1.234707605057179,0.45347388141820855,-0.2535488070401839,-1.063178758781952,0.3851426220173874,-0.2308565458624547,-0.9768563612103887,-0.20224635392239732,-0.20800260590201053,-1.3959326875019473,-0.004821834193273279,-0.24444779109117531,-1.2306486025045869,0.08941125052951497,-0.16876491477457903,-1.0552588438286221,0.04615746612927968,-0.11499285859411905,-0.9265580726831857,-0.4934585631260409,-0.21752629363660417,-1.2794187670031993,-0.40084957157373513,-0.22689922215430716,-1.2001839366350937,-0.2587512621454326,-0.15418805377039818,-1.06583144429374,-0.2419812697865873,-0.09087340247332311,thumbs_down
0.0,0.0,0.0,-0.14449776440806783,0.5252456325314656,-0.028370292616151704,-0.3656271383096553,0.9759003066563285,-0.12578195670653297,-0.5488300864132736,1.3699982229110468,-0.21818520782319012,-0.6456660351178447,1.6976604556207349,-0.2859930131570298,-0.866678748032422,0.5347348738623068,-0.261708001649856,-1.4270026902234871,0.621305877290995,-0.33050540212972507,-1.360512646323253,0.6230771697639249,-0.29683296043449686,-1.1975836675485876,0.5777394119430137,-0.24672739099606805,-0.9191700842819384,0.15988663125478142,-0.28299786829108486,-1.5083129550075733,0.3106590465505765,-0.3405727185018933,-1.3921619780714634,0.35430247150255406,-0.26540011574693284,-1.2242782666966572,0.3152497480080046,-0.19683468204964477,-0.9154619751084357,-0.16607393909987803,-0.2900628439216369,-1.4472058078535226,-0.027555202973710547,-0.29964534532815407,-1.3380178427075509,0.04599618998843477,-0.17763486417765975,-1.1808663313471766,0.03139341052539732,-0.091398468967686,-0.8683419305854524,-0.46464544149897763,-0.2968679091038712,-1.303781813158355,-0.40148970298140724,-0.2735442055073293,-1.26354598844999,-0.27545552483685615,-0.1657616311456446,-1.1368417731182652,-0.22604012958515873,-0.079920617809922,thumbs_down
0.0,0.0,0.0,-0.14856464437792097,0.5301159401356862,-0.014132899094790057,-0.35986834062012985,0.982064372360542,-0.11405402533164495,-0.4969187017654679,1.412004583761788,-0.21480295474170275,-0.5450244592883255,1.7668895855607778,-0.29255186615821194,-0.8936268902859881,0.5776669762541333,-0.2471944854450157,-1.468625223304162,0.6481818918532936,-0.3138524777370936,-1.390591361144229,0.6229466448618918,-0.2806732609471548,-1.2140306780988301,0.5841393362268265,-0.23260360379622194,-0.9488549288989175,0.2129983731839559,-0.28407840516765553,-1.5487180843843158,0.3413471144112634,-0.33719179727173376,-1.4203229638096648,0.3471542969023202,-0.2649129980484624,-1.2386697063750405,0.3126016831314465,-0.20196522005067366,-0.944624033962968,-0.11459482372169201,-0.30648508408476627,-1.486289652096315,0.006430862661912166,-0.3013344020181743,-1.3668768685420365,0.04150585434497002,-0.18001253239296192,-1.1981890797081889,0.031888242316906276,-0.10273328815012649,-0.894696666547739,-0.4189690547362378,-0.3291425013484525,-1.3339969625483787,-0.3663895209584477,-0.297919341160906,-1.2839530365102207,-0.2710982698047577,-0.18982519703806056,-1.144057668558104,-0.2204874172707832,-0.10839524912390512,thumbs_down
0.0,0.0,0.0,-0.1283183656519238,0.5362042262328358,-0.0506392131434901,-0.320170756665101,0.9908085030585199,-0.16863050960832113,-0.46940707988190056,1.4246915352867913,-0.2845534080452055,-0.5367693953777453,1.7862743302229616,-0.375086592700006,-0.8888898702660083,0.5962083805123056,-0.253622920303808,-1.4279229873157668,0.7093676673000688,-0.33645476183150463,-1.3284428644976276,0.6654720516874685,-0.3264978807181468,-1.146936479339754,0.6150002545805446,-0.2946242898043745,-0.9529494785712884,0.22979485103149971,-0.2768441096142704,-1.5131691303334498,0.4009935984980023,-0.3378581307164498,-1.3939945680669468,0.3867462202910933,-0.2890999974075438,-1.21879822332977,0.33578599036712486,-0.24431631866725734,-0.9520974617245984,-0.09890581839610309,-0.29024384829477934,-1.4602003574785425,0.06546705000127769,-0.30046983944682987,-1.3616916191282162,0.08420898455455705,-0.19894920022780796,-1.2008266971475148,0.056776356361344725,-0.1318725714922756,-0.9120782487061238,-0.40210201212271696,-0.306901988071788,-1.3403089804668256,-0.31260431113023573,-0.29342229668459247,-1.3122600255767938,-0.22072778397394388,-0.19956052155403492,-1.1864215831555502,-0.1817956689335547,-0.12415039803013997,thumbs_down
0.0,0.0,0.0,-0.12294639319373211,0.5666772112200644,-0.07062309143360536,-0.2954631033540644,1.0382414302544924,-0.18489289188451496,-0.45709087496463074,1.45221306228414,-0.2973550288462223,-0.5211846675467627,1.8015700227442657,-0.39334564786738285,-0.9049954498535341,0.661372032951036,-0.15744501086932358,-1.1618688788378397,0.9116140366111426,-0.20936677244302254,-0.9720971351797483,0.8710979658924809,-0.23010357934812764,-0.815347407513294,0.7556352343004379,-0.2429178443662473,-0.9963638601169138,0.2955719254899275,-0.1649159867445005,-1.241518123245262,0.5546884354657043,-0.1895657862333149,-1.0717268573640188,0.5576510875465626,-0.18440644012479812,-0.9271921087680447,0.44151341416804246,-0.1967736861234435,-1.0037527608699581,-0.03627812102313772,-0.16682744297573415,-1.246064809899274,0.19349187116779487,-0.17086066338616165,-1.106763305589752,0.2154898379803082,-0.12134555034540008,-0.9596669572787971,0.12118628685019296,-0.10571022047410508,-0.9824914832356193,-0.33549008582165574,-0.1735782364012101,-1.2440913388062054,-0.1494152379813416,-0.1686836093085851,-1.1264124260765003,-0.09086281528383586,-0.10599670009616753,-0.9869128410252946,-0.15745951699081998,-0.06126692393942757,thumbs_down
0.0,0.0,0.0,-0.10052678320947958,0.5944198791895503,-0.06880232842736199,-0.27265341867241394,1.0694166039585993,-0.17708831458829513,-0.40090868589752215,1.508162146889468,-0.2786990650242038,-0.4204955733160217,1.892333014015138,-0.36693276802026814,-0.9026174205134281,0.7482548812380738,-0.15959879547683908,-1.1022360366591726,1.011027239681567,-0.19245329584694426,-0.9300989852463474,0.9717774896806571,-0.20674332810048537,-0.7847198964004862,0.8583698526736576,-0.2190915132840958,-1.0061372575592242,0.37318632891124115,-0.15178831694853254,-1.1819370471160622,0.6598344953165739,-0.15077664866840548,-1.0260739983534735,0.6716351538401069,-0.13875253546986782,-0.8867772115410035,0.568114091388441,-0.15280319234558376,-1.0115363958203547,0.03928896298873456,-0.13468566229947912,-1.159005414376692,0.3023848285817824,-0.10954423983801986,-1.0339490691739808,0.3194412528797113,-0.05867563654924301,-0.896796129930246,0.2349152068115642,-0.051571054029425134,-0.9826051759437866,-0.2478371117057132,-0.12214615105100562,-1.12040758029837,-0.029116868865801324,-0.09351763514466038,-1.0053352294176197,0.010139008164456047,-0.028965115980556597,-0.8895417271826536,-0.05077714301553846,0.010807970881361678,thumbs_down
0.0,0.0,0.0,-0.0812430622422956,0.5910627554121426,-0.07156587291126465,-0.23115265762345025,1.08474665087682,-0.1851025408984918,-0.3504122172413329,1.5360860319514806,-0.29088642663962877,-0.3597029864889167,1.9182319643746177,-0.38259685209346345,-0.8590702596797911,0.7833400129168184,-0.17790353867074712,-1.0544602781899188,1.0553002972557737,-0.21185448691805397,-0.8920009563441222,1.0075172837940005,-0.2184471746228984,-0.7520241752398559,0.8855128903032086,-0.22476357433096486,-0.969865058645666,0.41356106169381557,-0.17082394905177936,-1.1506768782551136,0.717032721142757,-0.17606066689397484,-0.9960695112743414,0.7234434250216956,-0.16005404724765435,-0.8564113160812006,0.6143164811698965,-0.16953976381334496,-0.9832919623799462,0.08042497260818171,-0.1533935343993264,-1.1278818431112747,0.35593538828564464,-0.13325055183472886,-1.001880810685694,0.36900045639619905,-0.07882548565173779,-0.867245064512113,0.2797403593999401,-0.06785772878584409,-0.9631199309326779,-0.21052132641138535,-0.14030960164740452,-1.1015360674780463,0.017811571780707375,-0.1155782566923311,-0.984560823666513,0.05712860628870932,-0.050862319247789,-0.8702079744006685,-0.003304034382303584,-0.010463825390679258,thumbs_down
0.0,0.0,0.0,-0.060064916556485125,0.5787317580097795,-0.11894356813781395,-0.18805046213575494,1.0745212171949214,-0.23596107769166808,-0.35649579837735357,1.4847907124568265,-0.33190676824783805,-0.549028157567756,1.723896958183675,-0.39830658090762977,-0.825861772229525,0.7666994011683984,-0.2225779919315185,-1.0607103971098826,1.0603730760205257,-0.2427255594564879,-0.8944939190339821,1.0356374051705028,-0.21087593871709245,-0.7419087191729787,0.9128730822592923,-0.18730445634448453,-0.9542209099830289,0.3986155956908912,-0.18851710072435235,-1.1743791409700781,0.7259621367067597,-0.1979808690692503,-1.0156036759567155,0.7384067459280943,-0.16720345560296412,-0.8832371878423727,0.6143656808292096,-0.1620344292929859,-0.9964579838043358,0.0715289974499753,-0.14724956055828642,-1.2124522942474933,0.3680475343926301,-0.14978138618425355,-1.077571615433086,0.39256316066106506,-0.09095381423861375,-0.9401616329665818,0.28088086321597244,-0.06703859721763013,-0.9982195494932006,-0.21213385797607107,-0.11222289504269725,-1.251465473141307,0.019598476195262154,-0.12366396646671851,-1.138034909405138,0.07353962458832947,-0.07091562198117936,-1.0029541351058253,-0.00950906941861424,-0.027903248997826778,thumbs_down
0.0,0.0,0.0,-0.10444952790421586,0.5774054635391402,-0.0446216304221739,-0.2605924154285241,1.0845086876118866,-0.14497386524270506,-0.3711786297435326,1.5434851628329653,-0.24663037583086492,-0.3696166414953085,1.9101614480930025,-0.3334320091898502,-0.8488187060807999,0.7802693712931255,-0.1468065147720205,-1.0723453653441855,1.0638787688644187,-0.17776037060156347,-0.9044222044413864,1.0097752413128507,-0.17782848718230845,-0.7713072433138246,0.8838007978914564,-0.17839247727052415,-0.9660280180944871,0.4247927059366652,-0.16108193555405986,-1.1898982053299423,0.7277624887940436,-0.17264296284462424,-1.0289501822954294,0.7249656238886987,-0.1533646309627082,-0.8970342249925068,0.5910213315152911,-0.15689855147250753,-1.000351630624168,0.09165204691993328,-0.16432633684514186,-1.2321728183742309,0.36363135059787033,-0.15653442702246656,-1.0968495499996662,0.3824153385078108,-0.09601688262424721,-0.9542355844337992,0.26824001690231286,-0.07271140728657129,-1.0019032826325245,-0.2076805955322771,-0.16960948544834006,-1.2774735176432805,0.004252450684343992,-0.15174859596025,-1.1626920059702546,0.06274462408086397,-0.07608345353984149,-1.0198816518469036,-0.015943345988685752,-0.02264038369016152,thumbs_down
0.0,0.0,0.0,-0.0926786605220455,0.5940290001740625,-0.03453369610271224,-0.23908971431981796,1.096460765288965,-0.13075123297497127,-0.32687455085774514,1.5641598356408202,-0.22861714212834988,-0.2973508881918459,1.928099372121661,-0.31249613900481804,-0.8479210369875948,0.8135434185574071,-0.146072835138589,-1.0646920234938955,1.1167761150560307,-0.16050060466177754,-0.8931247459244007,1.0549579484460552,-0.1483388119894329,-0.7686063283407136,0.926167401931222,-0.14433679608770558,-0.9766872888059691,0.459812638116756,-0.16298138906716875,-1.1965412099988026,0.79784530699939,-0.16052007156599135,-1.0310731471223453,0.7880003484651479,-0.1340946932405975,-0.9058346098179809,0.6464856104152331,-0.13590629308018684,-1.0198072603157287,0.1277589563267349,-0.16547787353080837,-1.2540641988630428,0.438505566381422,-0.14604693442253255,-1.1175161688866229,0.447811058066091,-0.08351182119726666,-0.9819199926586415,0.32467183171214403,-0.06288566283752338,-1.02774415076655,-0.16989592704131387,-0.1686715359685093,-1.3027009352917627,0.06017858606947144,-0.14429027018663457,-1.1862109804763186,0.10697640085853787,-0.06658031092189282,-1.0473780031508984,0.017740111942428964,-0.013893853725988163,thumbs_down
0.0,0.0,0.0,-0.10272267004827533,0.5794801583338867,-0.05185604509903002,-0.2666189660209283,1.0722655152130751,-0.15274106174777285,-0.36058647892082163,1.5198596334256274,-0.25285686185954187,-0.35567572387585344,1.8805499818836955,-0.33763307311183094,-0.8763909232467179,0.730698224636001,-0.16444024228251788,-1.1153467886645205,1.0397856952998847,-0.201469501831157,-0.9455157929779484,0.9906793740754953,-0.19966920535654026,-0.8121061281061163,0.8664833673862814,-0.197984724952485,-0.9909584082169742,0.37451544532684355,-0.17953608921107578,-1.2322024765174322,0.7151940060171813,-0.1959713691626546,-1.0636338952066253,0.71350750891538,-0.17416685233851667,-0.9352615955849259,0.5788212935769147,-0.17456427624101387,-1.0207302448099982,0.04002726321133928,-0.18460645147766355,-1.2841851849271095,0.3482198578620224,-0.18232001560636663,-1.1431881269351107,0.3608378554932111,-0.11994298772360343,-1.0050600807766426,0.24791507396479903,-0.09533928482456253,-1.0073507421098837,-0.2603007480156376,-0.1921992416651318,-1.2972063684543558,-0.050709231006276424,-0.18219976280076375,-1.1849535147105514,0.012456969117824287,-0.10874419791627764,-1.0470805328003514,-0.052058920377834654,-0.05644390762820317,thumbs_down
0.0,0.0,0.0,-0.11718528048662219,0.5654269110273702,-0.07072774963994917,-0.29034270240346216,1.0379600347093803,-0.18139661581340732,-0.4090161897436528,1.468507265805917,-0.2891188016889781,-0.4260608936948389,1.8308901589917042,-0.38024021580826906,-0.8886060802570547,0.6367172675498713,-0.17889026237549585,-1.1699742981203718,0.9091634832387755,-0.23318345823933095,-0.9966256473536814,0.8959572309330113,-0.24302620168783695,-0.8466817187210599,0.7963879279647942,-0.24647028153329117,-0.9821525793233555,0.27552035518050716,-0.1870256700123634,-1.2654765193671629,0.5815323616056313,-0.2199423307982924,-1.0867589829106632,0.605695966683271,-0.2018906780089,-0.9425320126693137,0.4917573539250255,-0.20027411180609733,-0.991540890333524,-0.05971528027350601,-0.18870293780196798,-1.2992486200928115,0.20762627129099753,-0.1993389303408584,-1.1489976394583796,0.2490016793463489,-0.13586074550550456,-0.9955790162669602,0.16209570765908382,-0.10760393063211955,-0.961663946338111,-0.36048387609011096,-0.194778224069616,-1.245857766512784,-0.1902033323591923,-0.1949161976453313,-1.131829873408236,-0.10297281454820617,-0.12738076210641378,-0.9937228296076858,-0.14315982880480202,-0.07797638155676741,thumbs_down
0.0,0.0,0.0,-0.12406421492258567,0.5402923758324405,-0.08138307719916583,-0.29620455004728347,1.0039581708218046,-0.19793944777937156,-0.4233292574911278,1.427155490221177,-0.30950644910152436,-0.4773107853179781,1.7811607046441638,-0.4038213853145018,-0.9041034177176897,0.627600052014336,-0.18836473285618346,-1.1830393919877864,0.8796347917904134,-0.24302310603878652,-1.01458507730151,0.8581807156560166,-0.25354717516935144,-0.8619003096267149,0.7616173467337325,-0.2563375885025061,-0.9906070961529497,0.2654229220332385,-0.1905331155151211,-1.2671075168096122,0.540663451715503,-0.21951896449626193,-1.0901773577467166,0.5574808463396326,-0.20161278611047978,-0.9452792935228531,0.44917263121375006,-0.2019032781534606,-0.9881397360352528,-0.0703901499702729,-0.1872334483894718,-1.3049973095169887,0.16047795022844655,-0.1989634037007391,-1.1513978103399776,0.20549475592797642,-0.13597500276580382,-0.989605780278019,0.12698570124003042,-0.10825300216555202,-0.9487609277209208,-0.3714021942359,-0.18883247989687718,-1.23924148501963,-0.21803005266343195,-0.19423137630385168,-1.127552356292511,-0.12411604774434679,-0.13044365288390283,-0.9874871136885334,-0.16070059575828408,-0.08259588423959197,thumbs_down
0.0,0.0,0.0,-0.1166980106255714,0.5498846784391255,-0.10072246801981581,-0.29019691912696394,1.0226758596036891,-0.21946465416462216,-0.44553773101516614,1.430065875418984,-0.32802917157172523,-0.5641929621115993,1.7454161311213396,-0.4140776491784723,-0.906873154313168,0.6174084882251359,-0.20805577383319454,-1.182215119887581,0.8765323830514479,-0.2536948156062075,-1.0071509093434514,0.860299489367336,-0.24940305682832992,-0.848914881593626,0.7670916818967484,-0.24272019171388537,-0.9925289723449898,0.2534330732330581,-0.198813802931171,-1.2692868247671514,0.5361657547024399,-0.22527417041798228,-1.0892604881640573,0.5632680109045274,-0.20487321535700267,-0.9389760762078481,0.45965924569390426,-0.2037624771757058,-0.9905415130846661,-0.0789101963120417,-0.18423409277167008,-1.3113892992946954,0.15429964886280587,-0.19563663629795308,-1.1544861499509582,0.20089821634113586,-0.1333067832901156,-0.9893598286258877,0.12368969308313028,-0.1064125577306042,-0.9475300961209419,-0.3812506575364669,-0.17601012405752603,-1.2499002032173887,-0.240752940852007,-0.1881016191209195,-1.1456196625467574,-0.14248517594478363,-0.13023691618494562,-1.009664286373437,-0.16492591523020497,-0.08551356128399781,thumbs_down
0.0,0.0,0.0,-0.13495063182234518,0.5823655668170312,-0.07111637102910341,-0.32939037655171927,1.059882531283642,-0.17400980968378968,-0.49158203573271586,1.4761199728361944,-0.273262962086434,-0.5617770697021853,1.8268503315193154,-0.3546917721604888,-0.9256742497329188,0.6139656944581029,-0.15931699113354483,-1.1860954750852877,0.8651638723422884,-0.19772623377116266,-1.0141265939101225,0.8679700659859589,-0.20277595883201724,-0.8647881298340105,0.7750234273013142,-0.20627920963701282,-1.0062530527601627,0.23883825900572744,-0.1637821876722278,-1.2721472082938827,0.5162836039997644,-0.18267514291232584,-1.1063381901190923,0.5629450990877235,-0.16596651452380962,-0.9613844036112152,0.4586823383790589,-0.16914453034772386,-1.0011601279680586,-0.09446544227564163,-0.16196384057027588,-1.2877743209436716,0.14245939215794767,-0.1666659885863985,-1.1509973491175574,0.197325106162471,-0.10856096081331126,-0.9969800686863411,0.1152244546292522,-0.08504466376286345,-0.9572256587343435,-0.3855215572210749,-0.1647706431969419,-1.2505983449949942,-0.25040771795591205,-0.16466281514528555,-1.144673060708374,-0.15465853952557052,-0.09965434661885118,-0.9983094785657102,-0.1833136253999777,-0.051553800923918924,thumbs_down
0.0,0.0,0.0,-0.1778087082919965,0.5138390619321136,-0.04146952678567888,-0.3817972882487227,0.9217366793028594,-0.13060091310873995,-0.5386165639852121,1.2682966211325688,-0.22533034453842915,-0.5977714307637138,1.5735267188881306,-0.30698404287464026,-0.8877991041432904,0.5149584214823757,-0.1169135256008691,-1.1588040055160183,0.6377087039452591,-0.17945890226841416,-1.005864446119804,0.6111564809574248,-0.2141683426997363,-0.8541526085784087,0.5535377074855392,-0.233930107437478,-0.9380440533481816,0.15459035535499424,-0.14992084387879118,-1.2024267498429684,0.27714351064682236,-0.17323035732499587,-1.0581014172637815,0.2870967035994105,-0.1705379971605982,-0.9087810435607165,0.23305734454932087,-0.18084246698543807,-0.9180736875716978,-0.17559189221047844,-0.18079860691037228,-1.1920533647626044,-0.07650609259803841,-0.1849304601421344,-1.0666441710714205,-0.04906967931663959,-0.13212809030153366,-0.9143812996834492,-0.07736722708212265,-0.11165191068605204,-0.8558276131371428,-0.4795942681112214,-0.21612426788710537,-1.1265800533960628,-0.4140177819972562,-0.21104056997083545,-1.0319192400181039,-0.34710751730486333,-0.14066040595167745,-0.8999817938726108,-0.34271538559889153,-0.08913181554780246,thumbs_down
0.0,0.0,0.0,-0.19351462916648043,0.47119378519459976,-0.039687491114334436,-0.4120385472992018,0.8457312354383937,-0.13546499215869132,-0.5740075956983093,1.192777123378535,-0.2310195009718369,-0.6290255211958885,1.4953451915229312,-0.31234672123329976,-0.90178006599704,0.45649297633263164,-0.15326801870105128,-1.1664630862802186,0.497925432976204,-0.18930537462260943,-1.0232368845724429,0.4707008676667846,-0.18648899847590758,-0.8778176562710082,0.4367112374906616,-0.18315888131786598,-0.9260311519604264,0.08947708243920205,-0.1814382518500214,-1.1869716502731567,0.15787281246194002,-0.18535026770563093,-1.0298878481595597,0.17122722622478348,-0.15540654410538263,-0.8793369148087069,0.13742015809599942,-0.1502928813207993,-0.8869029706581102,-0.2398842481777753,-0.20239402154564023,-1.1727745985605644,-0.18247304834086217,-0.19094834390703522,-1.0385778016128933,-0.15195552010256663,-0.12282858744013544,-0.8847704177426321,-0.16167466709777345,-0.09730921226916651,-0.8163130730289173,-0.5371916768268203,-0.22597429895500568,-1.0912532278405547,-0.5045176344043336,-0.21390022634740108,-0.9884205906257132,-0.4473295025690127,-0.13873115911518946,-0.8603801282181498,-0.4409700677512403,-0.08685044829985036,thumbs_down
0.0,0.0,0.0,-0.20355106954459817,0.4957360191152899,-0.0540682407726912,-0.43275508404748647,0.8790392946190326,-0.1502653521303465,-0.6320792413169564,1.2124998199046593,-0.24674143322824907,-0.7200174070911715,1.5192317323113858,-0.3280618738092341,-0.9276635328432103,0.4304256268516708,-0.1365805591809815,-1.172372201621128,0.47085454781619,-0.18252886562029821,-1.0192063427836417,0.44686715318658643,-0.20027532605930604,-0.8701644559579136,0.41339537474085136,-0.21105266199311562,-0.9461789006637752,0.05492152208843715,-0.15511230961192998,-1.18213533379088,0.13080237577835205,-0.16420157703444083,-1.0369762611689022,0.1515523569565713,-0.15362298303818078,-0.8845882374675559,0.1196778875413335,-0.16252532785815685,-0.8972597212355593,-0.27216133339692744,-0.16911847461771717,-1.1241365918069772,-0.19239188234239868,-0.16513286472961816,-1.0049219354508097,-0.16840795760931315,-0.1140032256765418,-0.8533065420408263,-0.18542780003057827,-0.09669613184794912,-0.8190147113846477,-0.5623499358375408,-0.1874933839188099,-1.0751462795001403,-0.5313371573909638,-0.17961959233078406,-1.0060571699283136,-0.47392771949905116,-0.11279106612336444,-0.8947619740586159,-0.4537953799010532,-0.06439183351962652,thumbs_down
0.0,0.0,0.0,-0.21910331891757578,0.4700804513062393,-0.03413063000163988,-0.4593954537656787,0.8432340578460387,-0.12359159305661707,-0.6563274742294739,1.1715466819283773,-0.21455147467558597,-0.7356107846778017,1.47495031629086,-0.29033769173589785,-0.9237090355782429,0.43121666618920046,-0.13249014345388335,-1.1871760984966668,0.4457715818012848,-0.1786580881543834,-1.0405604430224835,0.3997349312585152,-0.1883681225350975,-0.8943254352274665,0.36948544316909493,-0.1906669580333056,-0.9390452505558231,0.06682710095921428,-0.15961266586997241,-1.2045961594776107,0.11074561291491151,-0.17280123634991434,-1.0470360259128046,0.11368220116649753,-0.15127379901598478,-0.8849629883319371,0.09483271098796373,-0.1459332113428174,-0.8934263979912376,-0.26121232553957874,-0.18032913718135393,-1.1208113758744578,-0.21074850244001947,-0.17758335500880945,-0.9917438070270642,-0.19697774390874012,-0.11873846910265227,-0.8396099032910938,-0.20148378940805972,-0.09248078957304731,-0.8156565335705858,-0.560417404569996,-0.2031054854089444,-1.0664364836029245,-0.5438615166985106,-0.1927880615000111,-0.9655185536358567,-0.49425672282085364,-0.11758447900905374,-0.83782268813681,-0.4721957321780026,-0.06159675026443132,thumbs_down
0.0,0.0,0.0,-0.19193122317244085,0.4441759375976669,0.0009293989241060942,-0.4262154849130824,0.8004379848382006,-0.05987037794086065,-0.6129531319293504,1.0845831087142617,-0.12886556394750354,-0.6864797323901379,1.346459516180467,-0.18492098233474813,-0.8341178227548754,0.5303786274202416,-0.09180676696483231,-1.1147062906002658,0.4999984903414275,-0.13054282246181262,-0.9888868323890272,0.41968981342116485,-0.13553873019610757,-0.8444213408288761,0.4016875436174079,-0.13316406117454677,-0.8581538626750209,0.18442890185774477,-0.1406948308542391,-1.1466875831631844,0.16772956545136222,-0.14392306259019183,-1.008162323426536,0.1163495313944264,-0.11468017232966254,-0.8523049682433951,0.10903483689075426,-0.10485106018762266,-0.8314321732985476,-0.14544214138292955,-0.1839604437951376,-1.1337545386085872,-0.1629437062071212,-0.17465254112057968,-1.0105899172395494,-0.18774455922792144,-0.10075912095918926,-0.8577934651347844,-0.18136634810361216,-0.06547559566252245,-0.7655916693867142,-0.4580251071972929,-0.22731404979005143,-1.0743467181210378,-0.47282176468132714,-0.21094390283537828,-0.9771433748298369,-0.4553851264369033,-0.12623631257953322,-0.8417175339392233,-0.4330960516927138,-0.06626684536709485,thumbs_down
0.0,0.0,0.0,-0.141524809872582,0.48255639501861963,-0.026121482766754207,-0.33894898257002,0.9030966496650662,-0.10230395798258951,-0.5167597138917182,1.2346907305223414,-0.18233438855226333,-0.5917772684261428,1.525216843546272,-0.24795835264689822,-0.7295954787792649,0.6509601587462183,-0.13914610706003191,-1.0594906089880158,0.70581738746412,-0.20623617083118814,-0.9374326643567912,0.6245908900857589,-0.22417908150491406,-0.78647812317227,0.576039766422085,-0.22488808803372626,-0.784491017168653,0.3045807655457412,-0.17630123990737556,-1.1039847939625507,0.382702513895819,-0.20696866979441722,-0.9737185858059073,0.3235212892136342,-0.187134947807631,-0.8214815034455395,0.2810719523562611,-0.1792577818641751,-0.7959911363787447,-0.02561640033385846,-0.20972278469631142,-1.1030897912026092,0.05485722871790175,-0.22597991367108664,-0.9893061803998012,0.022245149243061535,-0.15948674685342154,-0.8415174616328893,-0.010497960412514537,-0.12185887647702345,-0.7803952135953973,-0.34223195485260927,-0.2439736436508739,-1.101393061404606,-0.2617938594091842,-0.24244077098036929,-1.0063090119881684,-0.25688022763158985,-0.1629241376487954,-0.868811714535323,-0.27506344127184007,-0.1029595946973202,thumbs_down
0.0,0.0,0.0,-0.11526153132044101,0.5023422363832463,-0.034171976972691843,-0.3032046985264129,0.970720514325684,-0.11613457479770772,-0.4714953863618209,1.3439420670032074,-0.19624774762245284,-0.5378221468364903,1.6448714079070323,-0.26045363704973606,-0.6833787010595336,0.763386771189999,-0.16686583062304047,-1.0302257766651814,0.8746923025021308,-0.24220831683217117,-0.9208868085257259,0.7487156037697649,-0.2637560936192629,-0.7747801427085812,0.6798967577159958,-0.2667332974235792,-0.7611994771697934,0.4240113775890589,-0.19948755179953814,-1.1008304839542713,0.5343207608794396,-0.22775700462705623,-0.9704597545679811,0.4456224143502644,-0.20563794023757925,-0.8140393541237961,0.40083349491534004,-0.1965399944068192,-0.7884036963654123,0.09241760412588561,-0.2271374857619215,-1.0823908805619704,0.18022959621550033,-0.23519358985516514,-0.9604582454402957,0.1363670601303101,-0.1672790040302396,-0.8064807521998542,0.11243434657903013,-0.13337196169608417,-0.784645553541676,-0.22745341707213332,-0.25620085126456765,-0.9971596094954114,-0.12995099767104026,-0.2509329752055123,-0.8851169743945095,-0.13732546660818323,-0.17622276707663417,-0.7638499628648661,-0.15806387312760214,-0.12239884012417825,thumbs_down
0.0,0.0,0.0,-0.07949615422199774,0.5035390255935663,-0.02116199453813343,-0.2523909255093584,0.9827690731479224,-0.09199953355949075,-0.3949928293372451,1.3614390800811176,-0.16524891501092806,-0.42229776120086193,1.6584984113777272,-0.2226897682488641,-0.5959525460085796,0.8286129019804109,-0.1544260962524533,-0.9856831264950032,0.9865513861007765,-0.23532266630669324,-0.8673655732900681,0.859793501886421,-0.2564549940138312,-0.7113222547604043,0.7775402225046655,-0.2564335882072575,-0.6899972032027765,0.5090578577579672,-0.19742352468741628,-1.0850043508052882,0.6598303364776495,-0.24139450567135765,-0.9379076571448758,0.5570698648503006,-0.21642311098741454,-0.7718243710101946,0.4920672314618779,-0.1965854766213557,-0.7415080215956833,0.18021770487536706,-0.23612960794146187,-1.1106294637878147,0.3176249420644912,-0.2593390684930099,-0.9728803064241214,0.2530850750094885,-0.1831843678363044,-0.8166978143560653,0.1994087621776444,-0.1352325153559227,-0.7612070909496236,-0.1502890940842782,-0.27460020942536484,-1.0499492283181064,-0.018344561459709426,-0.27666558339442465,-0.9329231826402286,-0.038446260432949554,-0.1942300682914871,-0.803757538938623,-0.07852938495118945,-0.13179948753533408,thumbs_down
0.0,0.0,0.0,-0.10316091595259874,0.5319332624776486,-0.02560709665466554,-0.2649782392201939,1.0111438996839004,-0.11117152451351096,-0.39544655733471046,1.405253355265241,-0.19985443030266703,-0.4225921810459213,1.7248029530062539,-0.2746362154500987,-0.705097943506848,0.7471363311679485,-0.15586880603777178,-1.0456147144458516,0.9204885151364831,-0.22769582997436108,-0.9142163131535954,0.8506768262416406,-0.2483505042282024,-0.759749333770066,0.7683230200022343,-0.25182195251168155,-0.8016390910524253,0.40500520565369197,-0.19424045367255652,-1.1456538207895777,0.6072740014616717,-0.23279011834149485,-0.9952244428100891,0.5596871274310935,-0.2140660848234373,-0.8417052679186878,0.4764781248586211,-0.2047459418153424,-0.8426890866948954,0.07606559790803887,-0.22610460957464545,-1.1879717478937728,0.26258986336487994,-0.24080894164533273,-1.051129473152461,0.24069203533384675,-0.16862363274768122,-0.8995796507793832,0.17707594661130993,-0.12891180178015968,-0.848048355159129,-0.23731012256217673,-0.25799793776140806,-1.1494250308224898,-0.08042961449000795,-0.2546455724232042,-1.0318218152986482,-0.06450901430559104,-0.17223829854875292,-0.89933040906734,-0.1098801523823164,-0.1111043550154259,thumbs_down
0.0,0.0,0.0,-0.09537722411109782,0.5295864285692051,-0.05121034908929952,-0.26265861379367467,1.0060069658791886,-0.1461962340100753,-0.43483153019274823,1.3979676837102173,-0.23360423639188008,-0.5824330295727808,1.6795932997447394,-0.2947572278205618,-0.7428009144290154,0.6966321239903415,-0.20505667604948927,-1.111031399932696,0.8965252398568632,-0.2615935648901525,-0.9975254556337558,0.8469423657937272,-0.24055221005263858,-0.8469487515988401,0.7616326537070165,-0.2120578768471833,-0.8398790848111002,0.34744817302755115,-0.22373305159173162,-1.2258667527505984,0.5914869401674262,-0.2634216648771521,-1.0802233734292823,0.5648058853501715,-0.21805558102606723,-0.9239104748197517,0.47466502143166805,-0.18511565711400355,-0.8746770784546137,0.020018918501266615,-0.23477719268557595,-1.2591536326933002,0.22379228176549348,-0.24522897778922978,-1.1352510171427888,0.23480257083564263,-0.15450393969333673,-0.9903379417152957,0.17918801357948494,-0.10100728368490682,-0.8662292388179581,-0.294790824066413,-0.248021624612149,-1.1914327499985213,-0.16216694031486548,-0.2470005670292783,-1.0974749162057043,-0.09307833427044662,-0.1683781897906633,-0.9688427411774694,-0.10068092552124663,-0.1070748053949756,thumbs_down
0.0,0.0,0.0,-0.1094477787624381,0.507009941042427,0.013025462898246049,-0.3038525708871274,0.9533601365677049,-0.04615046115539657,-0.4508006392922323,1.3367969773264903,-0.10922282499994945,-0.4868103025599481,1.6363138125781207,-0.15523131329941356,-0.7126410673660287,0.7146444043285552,-0.14846719964136876,-1.0930201832872737,0.9201886305525678,-0.19714862637906794,-0.9810297076108596,0.863919078066658,-0.1757263578079331,-0.836945287154213,0.7762229735653595,-0.14657210761539285,-0.8126265839512125,0.383104303044358,-0.196198174644,-1.2394097737190197,0.6375060825933306,-0.22987969372278771,-1.0967754262575158,0.599151854638702,-0.17310269896783997,-0.9432860976893435,0.5044620301224758,-0.12744965923197626,-0.8548067336237489,0.05391977379302159,-0.2321276001530952,-1.2878600552439057,0.2680589992003897,-0.24174597473842388,-1.1593382839556656,0.27405394740404054,-0.1427998014485128,-1.0147394149094515,0.21696174064202092,-0.07731915522944205,-0.849821564577323,-0.26911570441139276,-0.2642150274258586,-1.2067312809355513,-0.11945403556312002,-0.2537358168331632,-1.1121156111709745,-0.043024818640542174,-0.16356843643723856,-0.9767177246692503,-0.047369823619995303,-0.09405779809972506,thumbs_down
0.0,0.0,0.0,-0.12697168022710104,0.5143189909279866,-0.03992368788116676,-0.2962789004008566,0.9683784205107869,-0.13597920399925084,-0.4373216643951694,1.3593583238651006,-0.2299918050037158,-0.4712942389405094,1.675937139339148,-0.3095149450319077,-0.7380435310510101,0.7011760405173579,-0.18791093327359681,-1.0491480981484829,0.8485456921505223,-0.24964734485783216,-0.9105015153459752,0.7779417512294243,-0.2575533480239856,-0.7636672287486092,0.7062794781638744,-0.2550158234184528,-0.8212764513955217,0.3488359677362607,-0.2121371697315343,-1.115513075070343,0.5387305094761095,-0.23876795245996135,-0.9684759133015165,0.5006102647586889,-0.21434584988596628,-0.824658267795339,0.42012066756603705,-0.20807654920984692,-0.845070891297119,0.016680847431193423,-0.2272282295560939,-1.1201487727382144,0.19177564541300157,-0.2341798917138607,-0.9986941700905522,0.17526386062469188,-0.1697344097736415,-0.8570692670625764,0.10611723968525157,-0.14027300769327397,-0.8444515584820217,-0.29164320273298505,-0.24256696615247814,-1.1167111656662456,-0.12934644681747431,-0.2387081641607332,-1.0094149958179517,-0.10450100081928324,-0.16493926490070027,-0.8833613257417091,-0.1515409905752487,-0.1118148339021936,thumbs_down
0.0,0.0,0.0,-0.13894405635058565,0.5325979095865804,-0.043108326057310346,-0.31710626692830524,0.9988857704122486,-0.13936717520247896,-0.4779244941842356,1.3824313566057442,-0.2329842595078846,-0.5650110585508911,1.6993957691753725,-0.30906145275824753,-0.7844391596624527,0.6549930534160261,-0.18871833518587322,-1.1107974195407593,0.8280279153196306,-0.24094436965558996,-0.9631350400653563,0.7958429917146429,-0.2377925073741492,-0.8110305599871892,0.7246847270499156,-0.22972702532064737,-0.8516655418209477,0.29738279113838584,-0.20783866182951768,-1.158266578299811,0.4937229513885037,-0.2353145784199764,-1.0025259362937824,0.48745390392439153,-0.2098375820760511,-0.8509110825504036,0.4113856480706186,-0.2022854819574739,-0.8566190045070071,-0.03392492747230781,-0.21655650233491913,-1.1354709260564475,0.1334403360312711,-0.21988798841302637,-1.0084843913515977,0.1379545078001373,-0.15246521590186202,-0.8625105363391564,0.07724084228638513,-0.1227008163527494,-0.8371477777984448,-0.34292719216780815,-0.22582608408140964,-1.0997030359081024,-0.20941936091748914,-0.2223271290659984,-0.9883359244790292,-0.16959489370568742,-0.14938974154907628,-0.8600029173535115,-0.20589359371230778,-0.09651522745757997,thumbs_down
0.0,0.0,0.0,-0.1354051297068388,0.5327364796311274,-0.03952089320796965,-0.32034550826537184,1.001891649213275,-0.13127426177748858,-0.4672575021509998,1.3933484210591294,-0.2232833069162957,-0.5167469274607406,1.717067687600825,-0.30120307173983035,-0.7832864327643554,0.6912309465397677,-0.16584917132090987,-1.1082102856651526,0.8634117598413588,-0.23568287097176577,-0.967679792790819,0.8108510116321871,-0.25706146857391166,-0.8194343338343452,0.7328375770449639,-0.26318216919213483,-0.8570457242754738,0.3397609429910544,-0.19077073420800691,-1.1654037939658195,0.5329736164607365,-0.2230951260973282,-1.0158237243499513,0.5142260598590257,-0.20708097957278362,-0.870529874289555,0.4354657015379611,-0.20508223185202204,-0.8686196053843699,0.007659405037521461,-0.20906780601270886,-1.1665327714806981,0.16953450375377857,-0.218580791222069,-1.0407368385215006,0.1731889312245673,-0.15670214795343979,-0.8940700005853237,0.11568496842716568,-0.12845222968617714,-0.8532824658925456,-0.3043359082953805,-0.22867586071298565,-1.115921814981646,-0.17621443058204472,-0.22669524551097364,-1.0039021571164832,-0.13594813867898733,-0.1555385342847801,-0.8751517512898361,-0.17161489255846582,-0.10337057079938018,thumbs_down
0.0,0.0,0.0,-0.0972766109538762,0.5116894344057524,-0.013339382456323856,-0.2877720058704852,0.9678971806361963,-0.07809422067744307,-0.42251283475444285,1.3507036800339836,-0.14689733439523822,-0.42418833956003776,1.649437148878831,-0.19928326564458423,-0.7189943370780776,0.7235411426501069,-0.12262898415595333,-1.0765691940870459,0.9630097122613697,-0.17266950921969257,-0.913051048744338,0.9240779792301222,-0.17307062446182556,-0.7576201688170172,0.8278824512524702,-0.16324696728262672,-0.8222702053839369,0.38682840616142483,-0.15671620281426804,-1.1695985278176106,0.6482453934957714,-0.17263690219865527,-1.0015179342231533,0.6263108803768834,-0.13597155628398774,-0.8626723503088912,0.5252533757987636,-0.1139436035007059,-0.8660998352431579,0.056019332870879776,-0.18431771118071014,-1.2352450610185635,0.2918379438807428,-0.18338769593548843,-1.0899112411714322,0.29839164732503387,-0.10778662484735317,-0.9435502186893358,0.22030802502943866,-0.06467080993256713,-0.8716466136002692,-0.2607379791627845,-0.2114653102609633,-1.1784650304264712,-0.08020755058650496,-0.19810106650373305,-1.073747138793805,-0.0135651001100275,-0.12055288915187344,-0.9421470123825754,-0.04811340666854633,-0.06265366013045404,thumbs_down
0.0,0.0,0.0,0.1533508717380165,0.5082366024735538,-0.14709194926910996,0.44836824718440027,0.9950643354374608,-0.2457733318895784,0.6315921620933709,1.3837027542638305,-0.34161645748727215,0.6806912734042978,1.7284040830165257,-0.3991289362598881,1.007138672368069,0.507382724251808,-0.0824793458583855,1.0860199603099208,0.6511545255162952,-0.22832287778847776,0.7756254273725502,0.6009797147241391,-0.28385122831118625,0.7591886056721042,0.5236554071287207,-0.3155573591643613,1.0363193035955156,0.15309987519239637,-0.09068639143135149,1.050338808076653,0.3187152800011805,-0.21816051038481246,0.6999246910438317,0.32035622281229775,-0.21596991409136115,0.7689999648741888,0.24220520787229907,-0.19834014890437549,0.9771896843683159,-0.1767772902332649,-0.12555623129449864,1.031676201569705,-0.02215406422273038,-0.257391220355015,0.7217137301216895,0.04393842634632197,-0.16704962668358322,0.7540844895829096,-0.02004408971234427,-0.08884548794609348,0.8981340128459667,-0.48220601130045615,-0.17645869822123972,0.9486384375578368,-0.332485569633561,-0.23536201410778443,0.7371372117311226,-0.2309417657266091,-0.14111235188370183,0.715017890597227,-0.27212257075272833,-0.05620147464796842,thumbs_down
0.0,0.0,0.0,0.12980444689019638,0.5066298110589733,-0.1798983846039892,0.39367818690579104,0.9838643044652767,-0.27740074895335837,0.628491325316835,1.3812246047836414,-0.3651014465507367,0.6996330538627562,1.7281046083671703,-0.40663498822336425,0.9334529407594588,0.643671041579775,-0.08548873110024159,1.231544467859863,0.6118604621955943,-0.27067891992226156,0.8892059901606538,0.6086464301072129,-0.3460053097194579,0.7952628264216871,0.6409592020052032,-0.3729548669207337,0.9314924948895116,0.29758128055571265,-0.06457797225410895,1.183866500105389,0.28065028634249234,-0.22660134085523664,0.7792300935350546,0.32276623512326386,-0.21454838000411833,0.7695382517850519,0.34007576878793117,-0.1728328083504386,0.8946978916890319,-0.02725010283896255,-0.08117442808165586,1.134062268198106,-0.023717699647486757,-0.2427973455296726,0.7672622774111449,0.03372838626710633,-0.12167065055075121,0.726115181168808,0.05008707052119267,-0.0026732668206513755,0.8382542957359682,-0.3513019034209267,-0.11657018380635338,1.020361145406389,-0.32458384038668886,-0.18363409285441645,0.77419111280215,-0.24852370468782964,-0.07226645525087205,0.6914790582446647,-0.2413935185247783,0.03444758107538286,thumbs_down
0.0,0.0,0.0,0.10064869266899468,0.52271856470705,-0.20448822897373176,0.3354297058505922,1.004960227726291,-0.314653990169832,0.5834469154497542,1.3799576694886575,-0.4108529225544316,0.6807836639582735,1.7295410091216612,-0.46007023489194687,0.8954956757010658,0.6578233877328794,-0.09330837837458135,1.208254374603588,0.681494311602811,-0.2916149566023886,0.8618567783188938,0.6571805671166032,-0.37566602686741213,0.7364297142035447,0.6597112006309725,-0.4011409842573231,0.9156325041681325,0.31845333330318004,-0.06050269216563972,1.1915727069490054,0.3394839660242012,-0.2449753815233903,0.7744473543718797,0.3622880273865959,-0.24669098289654867,0.7205879673100817,0.36392060268705,-0.20341067728258805,0.8910748659775141,-0.010857051144016193,-0.06753348726605592,1.1450840145123615,0.030784490248575297,-0.25220225389806916,0.772271217520898,0.07336757477912413,-0.14559748553916846,0.6998518031507811,0.0714840158409916,-0.024399372752670102,0.8446669987801224,-0.3408839915134731,-0.09318093682409354,1.0496913257058595,-0.2764048297410196,-0.1784923535076671,0.800178140187202,-0.20612421190667432,-0.07667000362501492,0.6990728558157642,-0.21906381278253795,0.03069716889127795,thumbs_down
0.0,0.0,0.0,0.09308432471296264,0.5302981764248618,-0.19828559975719673,0.32955193790855625,1.0040277883810727,-0.3084997044759623,0.5802920432414949,1.3890870634309265,-0.40700363261046923,0.6850980417584537,1.7493640591980901,-0.45851365653775455,0.884963938602224,0.6607299575652554,-0.07958199373696663,1.1952536795610247,0.7007420533255422,-0.279198885005895,0.8503373235779448,0.6655165792665125,-0.3641290981092105,0.7332882471762607,0.6578253967894555,-0.3913854787185799,0.9087553612170074,0.32198921730646146,-0.05195127088482696,1.1813150938413204,0.35714384841973984,-0.2339014479652096,0.7685458367040309,0.3648737583738075,-0.2336176481727408,0.727881513556528,0.3522476562957208,-0.189389600157117,0.8870103551618241,-0.009956739882180892,-0.06552253224107439,1.1391016716133908,0.03918134414977749,-0.2465056772837956,0.7665745136669271,0.07136434983194485,-0.13597946511215483,0.7045604881015327,0.06141988939369418,-0.013752881831689493,0.8412821782520243,-0.3381456595144838,-0.09800495268166987,1.0371964555817919,-0.2785388772457157,-0.17943780452219169,0.7874500406345903,-0.2144326233491354,-0.075333438967637,0.6954793670288368,-0.22978877641332146,0.032110824643832275,thumbs_down
0.0,0.0,0.0,0.1066051856214381,0.5177298886700914,-0.20514084774494498,0.3377021661617765,1.0016412102981176,-0.31989492375223455,0.5783494109891109,1.4115951389701604,-0.4222208504753053,0.6731776803146818,1.7842123153915128,-0.47873767970921344,0.9054913939293707,0.6641233478936044,-0.08168861189646427,1.2144454567221896,0.6988151301927291,-0.27397136917463155,0.8709182601050237,0.6610835083145179,-0.35975764575498514,0.7651382206945394,0.6660250062541715,-0.3908343719934246,0.9309140572404292,0.3281732398415884,-0.04855911023376336,1.1942212848850857,0.3568608465573986,-0.22095203201120783,0.7891849368712197,0.3654358954163306,-0.22239353184169286,0.7551239142502608,0.3659400341925598,-0.18380515249263457,0.9058820428601605,-0.0024405006432530597,-0.05599393713799599,1.1516166341475274,0.03879570642078259,-0.2260397595063619,0.7838204313258369,0.06868527377238401,-0.11639738689649126,0.724233103840753,0.07247733530223494,0.0002841115080262566,0.8569543194529285,-0.33469679560599497,-0.0832612977227463,1.046725285882117,-0.28128974055117817,-0.15377485128440146,0.7972422469311218,-0.2198945479662209,-0.0466249576376848,0.7004841812667756,-0.224055685976902,0.059746642462833996,thumbs_down
0.0,0.0,0.0,0.10751258112233658,0.5118266295726226,-0.21096824217792623,0.35481259335075255,1.0031421134120166,-0.31830999120818404,0.5958229804376654,1.4052840893765652,-0.40890770630888895,0.6839224453936495,1.765919383312811,-0.45040393784369975,0.9063857973235867,0.6921712906297716,-0.0824729695523073,1.196866899339762,0.716950662429109,-0.27958171405820814,0.8563286903583976,0.6718566956822151,-0.3675235483115244,0.7414731675026215,0.6739442326997075,-0.3971303203538032,0.9313915285585559,0.35426974988937654,-0.046165972042584616,1.1844883916838282,0.3793709619562479,-0.22563377774800678,0.7747079491670987,0.380568431316349,-0.22638164300788513,0.7333684750346641,0.39355755053630165,-0.18295763018895986,0.9101896605145418,0.02272490375289409,-0.05244094029419061,1.1401238053406364,0.06624366965347846,-0.2301802663970894,0.7782030133748772,0.09340074704726001,-0.12332673589495624,0.7198297588310789,0.10321245048556761,-0.004313588635650577,0.8647361269275086,-0.30695620312087174,-0.07938166117943264,1.0474547674978567,-0.24490088166681329,-0.15706385444227539,0.8010606587721232,-0.18898288178337,-0.05406853188050503,0.7109626169883703,-0.19640966034482132,0.052455033022629306,thumbs_down
0.0,0.0,0.0,0.10700470458859025,0.5197368694243796,-0.192358212657928,0.3386855375943991,1.004416072506761,-0.2885307315896138,0.5793075060990974,1.406359500929067,-0.3720283728085065,0.665014309051745,1.7541142718590454,-0.406229180331861,0.8845202374477722,0.680475811442295,-0.05724629988152957,1.1845964325493203,0.7047120156461079,-0.2513373610780575,0.8437696975387166,0.6722462267004937,-0.34274410869185,0.7289729978986236,0.6723439363642463,-0.37518304501157046,0.9073151072336465,0.3411245391053903,-0.02686786248198424,1.1709124045204318,0.3669124101704222,-0.20170245895859076,0.7620872237036866,0.37482408787226296,-0.20730510302754188,0.7250314181134662,0.3802565581727646,-0.16935955218729223,0.8866544222086835,0.009574144516693054,-0.03772740297316928,1.1261459506801104,0.05698343438186271,-0.20824805679960856,0.7676585445789945,0.0888255645167308,-0.10107045373379346,0.709746634636306,0.09140528664393978,0.01638547766532023,0.8444302896673404,-0.3186592641182986,-0.06828699150339523,1.0311600022434388,-0.2548702815295165,-0.1404503628609348,0.7900317200265683,-0.19504602048835967,-0.03546712190426623,0.7035974709648346,-0.20490230750301766,0.0712970413029164,thumbs_down
0.0,0.0,0.0,0.10470122801484992,0.515642748660716,-0.19934931800168557,0.3308144689811459,0.9854675057054495,-0.30667804845114865,0.5781297966234805,1.383393669379717,-0.40150641450428287,0.6752324582417183,1.7365592765407796,-0.4485215387506751,0.8839248288827364,0.6653556040894967,-0.07254263907847691,1.187916906317283,0.685470183103618,-0.2704078612414507,0.8564856001928502,0.654826478460738,-0.36019076871680683,0.7391671852142377,0.6597299374448258,-0.3899000385206004,0.9058866556381295,0.3221549706725539,-0.04045194021764417,1.1707704189540795,0.34173616972301674,-0.21701009857831835,0.7659611360459916,0.3489694361182946,-0.21775882370868557,0.7319539671917197,0.3594174357735597,-0.17505134586842308,0.884240007952171,-0.007881807941999015,-0.05006651546714491,1.1270453842059842,0.03484640306282546,-0.2217097810061417,0.7742000847678528,0.06666643432136132,-0.11291268209247672,0.7187612054332575,0.07463123320176175,0.00602736722617669,0.8395652398247292,-0.33363243095697803,-0.07996777830869303,1.0278231899699217,-0.28055949272866326,-0.15306935417996329,0.7897133291129658,-0.2183682748244139,-0.04868052235722443,0.7007125412958589,-0.2216095838343386,0.05803655424009227,thumbs_down
0.0,0.0,0.0,0.12730583808457477,0.5044580078352212,-0.21376578151243206,0.37626501942885443,0.9590943435526139,-0.3257380764899824,0.6364075161012829,1.3408822583373639,-0.4182596268851584,0.7413248128279709,1.6926935362372657,-0.45988314194693714,0.9297465904218895,0.6043274518638728,-0.10303425285379754,1.2226959339652925,0.5909311556752163,-0.2957845449061452,0.8830236509309402,0.5916761195292486,-0.37887779220658074,0.7786620468913651,0.6156189221445469,-0.40646147163023433,0.93513848775339,0.25851271342230514,-0.06253220441990148,1.191544976712292,0.24887573420418468,-0.2327881456558237,0.7874454411177877,0.29054709151597596,-0.22746420937679218,0.764191193954558,0.3054990475174648,-0.18422932537792786,0.8974189818750357,-0.07108111306616176,-0.06277427833809078,1.1318840010254985,-0.05188151115978206,-0.2229921536000397,0.7864142395876753,0.008326532789031017,-0.11170539115528959,0.747347458654156,0.022496230125271865,0.0032322981662360572,0.8379640600202083,-0.39127991042426963,-0.08454243653651958,1.019681629112976,-0.3574912776480433,-0.14532560726547752,0.7960666029154222,-0.272384285361391,-0.03819325369757921,0.7201679326104806,-0.27018832025850026,0.06664715161754786,thumbs_down
0.0,0.0,0.0,0.09322475797127028,0.5129144942379612,-0.22556747003891356,0.3539555113180806,0.9712992369610325,-0.33863697372666796,0.6219116521421564,1.3414683775015641,-0.4298296702609019,0.7311769857703752,1.6904837252470946,-0.4686217471609779,0.8977553681928178,0.626802535560292,-0.1145437159241092,1.1983542248810968,0.611492681448803,-0.3218110099343627,0.855315299210947,0.5974113930473716,-0.40740542362459065,0.7477364929138107,0.6208623286681557,-0.4342762300542341,0.9062906909374299,0.2830154683831221,-0.06909336727725869,1.1638869972534498,0.2707206428817257,-0.2511360483881507,0.7576924593656872,0.3003212833534134,-0.24012353834662684,0.7433970888050778,0.32646085251505114,-0.18978065167180494,0.8772749944381427,-0.04833397544985937,-0.06770247789578489,1.1121799671414252,-0.03419996874370527,-0.244425839083286,0.7593170999912259,0.013240316836095483,-0.12575570314881515,0.7263952063220133,0.041186519379575195,-0.0016430516055129774,0.8304693914051982,-0.3706016598492777,-0.08890257111493391,1.0094906690023013,-0.34583093293026373,-0.1657846116453141,0.7718695575557015,-0.2763555420265118,-0.06100829180391809,0.6957401997558732,-0.26518269957562507,0.04491394204669383,thumbs_down
0.0,0.0,0.0,0.10116049064159463,0.5099076898797124,-0.2172874766692573,0.36395909934016385,0.9692541039706885,-0.3241965402933854,0.6236972901995459,1.3333440355986432,-0.41152051054105354,0.7278894569650837,1.6731069794440279,-0.4467173563534892,0.9094069548209022,0.6123164906977869,-0.10100484152544068,1.2097997270586986,0.6137098890528188,-0.3056662966080976,0.8648205067971005,0.5972765259448765,-0.39302869452904704,0.7602002034412872,0.6133571707233437,-0.42209703062513804,0.9178432230793379,0.26841060105026293,-0.060379562325717506,1.1764749728686847,0.2699401201686907,-0.24563689624194868,0.7700983903038968,0.29537354902129626,-0.24335957517630102,0.7535450017930952,0.308762589650588,-0.1986098598390556,0.8891925615891736,-0.06267602373096746,-0.06277631240363303,1.123410408649052,-0.03778500852844779,-0.2421500663154006,0.7710135265172676,0.007113919423487166,-0.12969998800537402,0.7388591349719916,0.021625726417072787,-0.0089552240243825,0.8434490870765072,-0.3854029481831723,-0.08667023439176348,1.022788192850548,-0.3447159461499625,-0.16414848577800015,0.7852395258944663,-0.2782503847474965,-0.05950849793995907,0.7094106034666523,-0.27994752554922764,0.04670104263313033,thumbs_down
0.0,0.0,0.0,0.09366423156797787,0.5089740778762718,-0.22375698931355653,0.35030134018881887,0.9661328175914526,-0.3388083644074921,0.613826626450918,1.3377290509917483,-0.4321123529332089,0.7264594766543334,1.6803185365969777,-0.4729670298848591,0.8963473551904846,0.6174570947256512,-0.11893239187602547,1.1937136930534826,0.6098747345518613,-0.3258419272862657,0.857458796487619,0.5975001562554234,-0.4101227279941588,0.7575085362839501,0.6211532351653543,-0.43744428525669926,0.9034450362875969,0.26974888009306547,-0.07485442418920485,1.1680021155077762,0.26507505685937705,-0.2615789389832072,0.7592002882519724,0.2912019414765115,-0.25196814137591655,0.7515277444713577,0.3136733838970228,-0.20147107364958483,0.8778809898730547,-0.06007916266645032,-0.07368169044045901,1.1111383452846486,-0.04108950118942043,-0.25110966281095176,0.7638754989257658,0.003296557689464791,-0.13138460900833865,0.7432179032025161,0.027281234784489135,-0.007221365098227863,0.8375814045834107,-0.3805257979160344,-0.09491762467372408,1.007207981899788,-0.3492695472307386,-0.17105725925303983,0.7746110479781713,-0.2816045557902358,-0.06529940600988526,0.7077886951614345,-0.27475846383216235,0.0408585972441754,thumbs_down
0.0,0.0,0.0,0.0999270479018394,0.5101520349246902,-0.22701188494118307,0.36581278434028136,0.9750944900539895,-0.3422626860978579,0.634341596186622,1.3330027694264854,-0.435010716266106,0.7499050716714472,1.670119073261614,-0.47523604775302547,0.9100311763488651,0.6067608372689912,-0.12432277601116194,1.2113543666966693,0.5941996406335527,-0.33642791580684156,0.8673818790760112,0.5889881200242785,-0.42293721053884203,0.7631873826774161,0.6152332314645391,-0.45001578979336,0.9118498211940776,0.25984698663373695,-0.08041792025893431,1.1774270083724252,0.24881570923202434,-0.2690512989188929,0.7671996891556205,0.2846092891581395,-0.2591302916013352,0.7579753956293512,0.31043460568670705,-0.20905176133606623,0.8830672827320277,-0.06844336240243988,-0.08015358065047758,1.120807869316007,-0.05916799382858127,-0.26391461258311283,0.7651520228641399,-0.009054743025824367,-0.1414931021338073,0.738422281520269,0.019932328845978245,-0.014203575003218573,0.8383684534125301,-0.3904265261098236,-0.10237245804176576,1.022438260536549,-0.366245639538116,-0.18425167726961134,0.7796974501155143,-0.29918923288003096,-0.07556891733546783,0.7011491577498312,-0.29362368522856225,0.033604015106979246,thumbs_down
0.0,0.0,0.0,0.1050739644198296,0.5113844315510414,-0.23494614973538863,0.3614151749874719,0.9825572061862545,-0.3494459300513905,0.6248445656544984,1.3543230756335058,-0.4377510109112081,0.7355558519396691,1.6997462848018654,-0.47177886377097816,0.9213340089109243,0.6163564060966124,-0.1253384275765564,1.211544686013107,0.6111133366609224,-0.33056903311365726,0.8600624884149886,0.601158753216202,-0.4193711113277065,0.7722433985989402,0.6221133743975872,-0.4515835618499118,0.9241990183172044,0.2698319850740711,-0.07201209833582645,1.1800467744590488,0.26276889587769353,-0.2540415175797413,0.7693709548510285,0.299523351611649,-0.2509687822137312,0.7678060259375754,0.3211916695896683,-0.20993377196220264,0.8933000359108425,-0.05883421805664896,-0.061337407426834606,1.1251743635225178,-0.043905363090856395,-0.23437035126390166,0.768909096377165,0.0066212105156489825,-0.11850554160718563,0.7509602724467085,0.03575291052227259,-0.0003976477443015064,0.8501004706286367,-0.3797552311462916,-0.07349839311430689,1.018295944994792,-0.35394644952581983,-0.1425599057237894,0.780753396535369,-0.2839284261002998,-0.03539588215168287,0.7124053120988485,-0.27228322690391715,0.06881130627883443,thumbs_down
0.0,0.0,0.0,0.09953250348305978,0.5161202926536258,-0.23342583335258366,0.36511435990655255,0.9870192566739898,-0.3508028401730965,0.6288167761508396,1.355459226736949,-0.4441707682525388,0.7416421952845751,1.6990678194210982,-0.48367394660386,0.91790720001737,0.6142414736288149,-0.12658238888317583,1.211462281654478,0.610436594610888,-0.3401878363822112,0.8657976882798503,0.5977084402798228,-0.4288683442433828,0.7673210631174938,0.6149709473201258,-0.4579877027232664,0.9180094192607384,0.2641098993189876,-0.07919901435433041,1.1731946493678147,0.2622025811643179,-0.2698280370466678,0.7600686078005048,0.29628015373872496,-0.26349613571115005,0.7581640774433815,0.31748971747182203,-0.2157097719791699,0.8904092942854179,-0.06389353196620016,-0.07593329828583513,1.1228154306407676,-0.05280367332657609,-0.2608113124366094,0.7645425582295705,-0.003255682901283975,-0.14211361556804192,0.744933654921038,0.02479304516254653,-0.01731905083978204,0.8487893354491951,-0.38288587231553783,-0.09560212472183664,1.0216708832264956,-0.36187424220823605,-0.17676257048123223,0.7776912053572194,-0.2915436857073722,-0.07003504466657325,0.7043321714551041,-0.279734575300774,0.03775894438759806,thumbs_down
0.0,0.0,0.0,0.10686216976075924,0.5084029652698948,-0.2410102657805446,0.3711095569257028,0.9694544413833768,-0.36344096223525146,0.6398519235068971,1.3357094391465014,-0.4604793482019413,0.7567618584949168,1.6793388233499629,-0.5030093055722175,0.9214903176526906,0.6083949755565148,-0.13410056101936127,1.2175593494318206,0.5986886482772548,-0.34916714649322217,0.8736373705835467,0.5913947150011695,-0.4372048746181406,0.7719288670706032,0.6142161669479007,-0.4645821856697393,0.921553581359677,0.2592895593041962,-0.08290150606944617,1.181252959236337,0.25256965113414975,-0.2732717181738845,0.7646349337945179,0.28862298650168766,-0.26333989764490623,0.7598868995503212,0.3121859263082455,-0.21223154441827746,0.8936342840830593,-0.06853506233623759,-0.07662653713272721,1.1249654714680875,-0.05435189743905379,-0.2599545624862621,0.7659118372921488,-0.001967454769847127,-0.13866650859220855,0.7444156669719205,0.02512918172878866,-0.012051075825222985,0.8500432640978117,-0.38825169564745154,-0.09421658784241721,1.0235342118475257,-0.3628036369249922,-0.17197535910498504,0.7818319630855637,-0.2908239587782054,-0.0633250011264368,0.707190557502185,-0.28443967387720837,0.04541700346072728,thumbs_down
0.0,0.0,0.0,0.10424392632865057,0.5077768230378215,-0.22373130836691946,0.37090970013742725,0.9698596657401527,-0.3321643189640415,0.6405486405022894,1.3237978025198918,-0.4168790111484207,0.7683273947780761,1.6513643927790962,-0.4500727527144378,0.9111672074095193,0.6072364399290807,-0.11984347337086432,1.2047673465118622,0.5843183102148065,-0.3299546196888618,0.8617539116348403,0.5819597426918492,-0.4227378484494714,0.7503974301197716,0.6112972251916091,-0.45481303726852623,0.9193806762340268,0.2611670367287017,-0.07449864534662781,1.1736455442385043,0.24100818844209612,-0.2622022193966806,0.7656558132503908,0.2810273321642999,-0.26010955050665163,0.7355756805337504,0.312277418865825,-0.21647994359811404,0.8896783994694424,-0.06801080594828252,-0.0716980067686512,1.116565504547725,-0.06685951151658578,-0.25631142761079556,0.7567146218515532,-0.012662839282174924,-0.14228234412372662,0.7102318089050423,0.021328569027075365,-0.02004335243392072,0.8374680366718892,-0.3896114705644685,-0.0904721339865115,1.01528704770947,-0.3711599713945607,-0.17776513179930004,0.7659674277886297,-0.30111480765996157,-0.07546088789120113,0.6774847595490137,-0.2863562673103646,0.0305462113248418,thumbs_down
0.0,0.0,0.0,0.1031203782718732,0.5012955354871047,-0.22695825154314014,0.3721010747400549,0.9661203844316312,-0.3438957828895578,0.6378811560030103,1.339292318773845,-0.43755230747586615,0.7577583171798181,1.6810290697980035,-0.47976206255770426,0.911572696399025,0.6136726915817157,-0.12929384723141824,1.1997369101827295,0.6054722293753025,-0.3381006203081586,0.8560676856859345,0.5991160384048533,-0.42670982468145385,0.7542039547062335,0.6201794831796756,-0.4570596337340681,0.9189239774970447,0.26535924399542565,-0.08507598848447726,1.170835195364853,0.2625194134710582,-0.2689050566391524,0.7607642306391973,0.2963130682984472,-0.26093917484942253,0.7477346959749428,0.3118934304137153,-0.2151449283717321,0.8912087704267521,-0.06289476299944621,-0.08331047762341495,1.1218299388372222,-0.0481844596496563,-0.26298119737665027,0.7642078711561073,0.00101127617632149,-0.14364453880243275,0.731540202328798,0.018996556723426254,-0.020903682209179014,0.8447632554059687,-0.38376441305754605,-0.10368679970458197,1.0225536298535371,-0.3525640447365904,-0.1852643387975885,0.778886506149645,-0.2863785876519116,-0.07874696485853505,0.7001195629965768,-0.28799930375077615,0.027981692729569803,thumbs_down
0.0,0.0,0.0,0.08872220286523663,0.5166860557611052,-0.2239342717720562,0.35360445800205137,0.9803474622123171,-0.3375889131834673,0.6283729655090091,1.3312645857407384,-0.4283945416879913,0.7434711180437387,1.6716065764074273,-0.4684765860534896,0.8926144450292405,0.62168965714654,-0.12394554522628295,1.1865216872242221,0.6066958813485869,-0.3306915848309841,0.8440439335147959,0.5933783035738973,-0.4156841712008458,0.7425076194307566,0.6155453101991853,-0.44484667164866853,0.9008006804574277,0.2711629770696229,-0.08045758522182833,1.1637022290418153,0.2590914556688724,-0.27003393534532283,0.7559195388049722,0.2902012986690423,-0.2631857335126424,0.7421241815435737,0.3122006387882419,-0.21529264547313662,0.8741318981993066,-0.05717124283163891,-0.07902676438637925,1.1116434135330113,-0.05482741452856055,-0.26474085203255376,0.7600159257824157,-0.010186791079524493,-0.14782507664482541,0.7327806268895166,0.014880052137138212,-0.02403213579442595,0.8295559594608367,-0.37600848622020827,-0.09900477297755135,1.009901602895549,-0.356157752678335,-0.186839151919401,0.7670980842735745,-0.2912416249707474,-0.08491577310915005,0.6905225958661364,-0.2804161599439359,0.01997220545076718,thumbs_down
0.0,0.0,0.0,0.09352471597549979,0.5098871553408284,-0.22257307229482426,0.35852588578619915,0.9789128985728509,-0.3334988345249798,0.625444466124821,1.3402984411904786,-0.42125059930337333,0.7389109052799235,1.6808723870589137,-0.45739470992341746,0.8972797231611228,0.6247618278216862,-0.12734787430655045,1.1993354992766219,0.6138270081082039,-0.3371592314555752,0.8524081612120487,0.6021072944223759,-0.42567677563344536,0.7514594034993112,0.6229795908838852,-0.4563912386216224,0.9063491940230162,0.2767437626188623,-0.08395150505338128,1.1718081797408453,0.2663006105751479,-0.27361600025947025,0.7615402249525791,0.2966224514818282,-0.2693200364853399,0.7464059189884857,0.3188007255998818,-0.2246806071620474,0.8804294830219132,-0.05159452200905008,-0.08214275576527255,1.11609471533022,-0.04337461365916322,-0.2668874371491266,0.7569065022984693,0.002585107363409841,-0.14897366431230305,0.7258758755202717,0.03219069166474902,-0.025507770136209345,0.8370044419094403,-0.3730896144545124,-0.10166929145349912,1.0135859750109348,-0.34882116908886474,-0.18743484053728007,0.7656150433325083,-0.28453013494654633,-0.0825925902438836,0.6843932252019441,-0.2741934408598188,0.023704917413217595,thumbs_down
0.0,0.0,0.0,0.09006576689185289,0.5111211310688066,-0.23151220641303355,0.35980264475769685,0.9767713293688891,-0.3472170767091072,0.6335344853453774,1.3417102201915823,-0.438409083718048,0.7506636930329105,1.6856566570159486,-0.4756690351045985,0.9184926351368841,0.625119934671057,-0.12622310687961769,1.2149370976012324,0.6138625380959354,-0.34178759077150417,0.8689648004141214,0.6027704698136117,-0.43089194537949116,0.7625409529508295,0.6198567485066048,-0.45893560985132675,0.9230087823486943,0.27494377704742057,-0.07903981487387493,1.186047509252341,0.2672765008361307,-0.2686256703378743,0.767305328112225,0.2975386437297879,-0.2578492742926715,0.7598952292452873,0.3192267954160418,-0.20564944173663846,0.8974507239569509,-0.053226054354962055,-0.07632424025901369,1.132589477164607,-0.04536165594841326,-0.26183428670058967,0.7721620233459521,0.0023944341209050286,-0.14088524770394337,0.7475238685320836,0.027415057805861284,-0.013342796390617754,0.8545308397175514,-0.37238337420636664,-0.09628922130947226,1.0308527574552495,-0.34911070862560606,-0.18176383093074552,0.7855182885042845,-0.28097331401638,-0.0765943044374421,0.7111290351192598,-0.27437148680312046,0.031684312450975693,thumbs_down
0.0,0.0,0.0,0.08955620425057151,0.4965306311421355,-0.2320470259748056,0.3554932359738462,0.9535414303951901,-0.3466027634638545,0.6247361966426195,1.3241053139798244,-0.4350681773537351,0.7439741712940364,1.6655324882180458,-0.47031064552359925,0.905415909602352,0.6262798002513558,-0.13342694450339784,1.195986214454713,0.6061457795020779,-0.3453147225968447,0.8501227778348713,0.5918672717947041,-0.43343709086467386,0.7549720855164376,0.613339655678917,-0.4632771497849515,0.9124633514660598,0.2771497162716015,-0.08442898463394789,1.1688451956044017,0.26401758004416853,-0.2741722845693867,0.7533492214302763,0.2924723238751421,-0.26572959100226945,0.7480789807700615,0.3117560958665887,-0.21662415154296824,0.8884258103124578,-0.05165133364345112,-0.07852102835093246,1.1219318255147046,-0.04806206592381467,-0.26461270976594525,0.7581629589301903,-0.0032871016766674423,-0.14541634105429102,0.7324988347237442,0.023153589260208877,-0.019963849594774364,0.8470750846384024,-0.371270719689764,-0.09483538703641678,1.0183962579392984,-0.35298479294636814,-0.1831195303549432,0.767743481975649,-0.2865075661869339,-0.08026419955655752,0.691774754935723,-0.27250263496615584,0.026306400748661314,thumbs_down
0.0,0.0,0.0,0.08350844979203317,0.5075568170406534,-0.23966188380698863,0.3343376903254983,0.9738976373027135,-0.36034428039538485,0.5987804144568967,1.350474331275264,-0.45483780034765237,0.714285662237365,1.7003221407937443,-0.49528082359290787,0.8941070694198028,0.6658836432214648,-0.13458388677592012,1.1884772374680512,0.6415284708030384,-0.35161385738857415,0.8524095615370273,0.6167139605983636,-0.4413554310797116,0.7579516939459638,0.6488190577396541,-0.4704671594753647,0.9013337038394306,0.3167467802969445,-0.08185739972831779,1.1595468926481798,0.29845636043841767,-0.2754071395429601,0.7501205448584581,0.3147791900845079,-0.265669843674029,0.7499791024303755,0.35523312493622033,-0.2143782474632142,0.8819038088424559,-0.011938347778875374,-0.0739232395325298,1.1103146579281706,-0.008742822559602608,-0.26212322147052636,0.7525054602547425,0.02393271236095179,-0.14050420642735773,0.7325415384005846,0.06941065424975763,-0.012922032189587275,0.8482311748249229,-0.332044269041109,-0.0894697623537377,1.0133892501561013,-0.31609815239654576,-0.1753289047763496,0.7662356455260112,-0.2636094741837829,-0.07131853112222719,0.6910559607565863,-0.24526420453878833,0.03563876401154502,thumbs_down
0.0,0.0,0.0,0.08913325976601343,0.49977381158604983,-0.23376672250988104,0.3449068398404625,0.9659961723991974,-0.34485016746324626,0.5993794328995748,1.3538790278364112,-0.4282863828999139,0.7081050432617245,1.7029252019472145,-0.4567166279185037,0.8932530133226296,0.6602670266396142,-0.13203904130537278,1.1867463411674135,0.6377863447272025,-0.34622382406298996,0.8434684211554894,0.6158979972978956,-0.4405426090266459,0.75431040292922,0.6447341292439364,-0.474598805390238,0.9000882169163127,0.30947748321418367,-0.07870017947292622,1.1577808112309784,0.29025557524036777,-0.2661215046383127,0.7458981321313082,0.3094863588886151,-0.2610113350844446,0.7474055953623644,0.3453917319488717,-0.21651022169296424,0.880571543123223,-0.02045095531218254,-0.06893365301494056,1.109144918191563,-0.015185811811334887,-0.24595235198932652,0.7544229838522707,0.019806768204768035,-0.12786884654860445,0.7400789596896384,0.06084858748661726,-0.00682185304760907,0.8486065023697404,-0.3375054616462091,-0.08247342136926998,1.0116115332873858,-0.31813313434781926,-0.1579634265045657,0.7709845252004698,-0.2633520046165706,-0.05309671997554165,0.7027025603775702,-0.24922099664029151,0.0516612814389211,thumbs_down
0.0,0.0,0.0,0.08916234920396647,0.5020753448426106,-0.2236978567117291,0.34498645117806115,0.9616703205990031,-0.3311435646124538,0.5960407207351689,1.3418816568441125,-0.4139423817742694,0.6939103423094644,1.6945320659947023,-0.44436810129195764,0.8752773879162855,0.6680411704879136,-0.12111626217997994,1.1731715408970393,0.6459794277225862,-0.3291946978069075,0.8386996057655675,0.6114587683482644,-0.4214887190725875,0.746447653628831,0.6455340712452221,-0.45638975829018597,0.8878746139902998,0.31559638140865326,-0.07427321636804517,1.152130983015109,0.296771080124792,-0.26214964567005145,0.7529615683997192,0.3063536208929221,-0.260691028289057,0.7404385684052656,0.34676257522469195,-0.21890896352159409,0.8693227044156279,-0.01559877198072159,-0.06973179626964422,1.100500520754723,-0.007411312683092403,-0.24871345743280382,0.7548826868688459,0.019876222702237642,-0.13562079018385487,0.7332644564546823,0.06371225506142605,-0.017356292617114976,0.8351455135461056,-0.33058382555398685,-0.08738867792242394,1.0045142130624487,-0.3122841002372012,-0.16559835822040672,0.7664416698921106,-0.26073985087667767,-0.06396368647440409,0.6948992549843568,-0.2424382814336918,0.03818017300779295,thumbs_down
0.0,0.0,0.0,0.08683460615634107,0.49780186295210443,-0.23953651517541413,0.33882443385056693,0.9675959592958955,-0.3550520925925254,0.5996538621325866,1.340169954403145,-0.4409439461008961,0.7129299753276888,1.6849544132174012,-0.47272240509676067,0.8863867428583306,0.6547138566726943,-0.14217813969348128,1.164520469759396,0.6213253126926817,-0.35515770750255116,0.8279486911467167,0.6020867945874777,-0.4476029791954709,0.7412744599728962,0.6367421389344716,-0.48086077012335626,0.8901709444660905,0.30153574617586393,-0.08618438900965354,1.1411820913506774,0.27425209691287106,-0.27590975791922817,0.7348284502136897,0.3024669856126072,-0.2697717120965143,0.7344484563878616,0.346780004953182,-0.22400219921654135,0.8674004740041331,-0.026998075340293803,-0.07314932218089348,1.0902245027487276,-0.031863245986082464,-0.2527630831557411,0.739615169028202,0.010031883286129126,-0.13424565286865325,0.7259483508929362,0.059759467512758124,-0.012481319833557662,0.8318050962098105,-0.3420756721325764,-0.08359931149333252,0.9950219326775755,-0.332017869657353,-0.1598947588055571,0.7548149220613276,-0.2710626481262916,-0.05458177768187523,0.6873815232060232,-0.24733131629719757,0.050247073632897404,thumbs_down
0.0,0.0,0.0,0.0776941960644024,0.5146375920837427,-0.23173808432464957,0.32848816001263,0.9841458047323286,-0.34148299938614385,0.5859801572589471,1.354586148646238,-0.4237408056720691,0.6828826659157314,1.7051996699561391,-0.45162755092526,0.8722796780739228,0.6841949008046601,-0.1379403452664839,1.1644758603459666,0.6456738488644933,-0.3492370022452694,0.8261722753701025,0.6053379795231615,-0.43748891004169355,0.7422246647701519,0.6429909553071816,-0.46920882451392637,0.880833931451531,0.32978245374093873,-0.08678745835604605,1.138044390485044,0.29914861202712806,-0.2780526298036076,0.7352216317415244,0.3103093940219736,-0.26924889653705913,0.7384390798793568,0.36289493579885007,-0.22176673802481034,0.8629442941647104,-0.0003528428255243614,-0.07842505895203772,1.0950159669614512,-0.010142736137107066,-0.26291802449075785,0.744113546962594,0.018263411466401445,-0.14421299479635047,0.7325737004459335,0.07763186203199228,-0.02109814139142274,0.831228462456593,-0.31394270906237964,-0.09281707560157011,0.997002946465272,-0.3116273792828958,-0.17460841171137842,0.7549950908934326,-0.25772523233437566,-0.07253241556740007,0.685514036139981,-0.22535293815947433,0.030657391691904377,thumbs_down
0.0,0.0,0.0,0.1027171583013559,0.5201912939863058,-0.1979729897575233,0.3627387718899168,0.9975195748083164,-0.29175202586167376,0.6115722618165951,1.3858811217799725,-0.3678967502400753,0.7067144990952763,1.7335526989787229,-0.3948020143707022,0.924401111348519,0.6633285959098688,-0.08693768809535331,1.1938943445358903,0.649726005458603,-0.2747541715160859,0.8499230407100504,0.6243036793119384,-0.3596435970918418,0.7666717788179792,0.6544380686942712,-0.39370292096479365,0.9355126407018771,0.3101818061035866,-0.0531474992200501,1.1726760914084795,0.292532987439084,-0.21933829115278147,0.7711547575564193,0.32232095636219377,-0.21582455635040348,0.76204585507822,0.35061335738876537,-0.1796754184638659,0.9062182278093809,-0.018899703830769624,-0.059072117728894404,1.130714516428399,-0.013931550201858626,-0.2214497418944781,0.7730065239090134,0.030473825558103754,-0.10791388487408288,0.7458758420299706,0.060876411424996314,0.00537272644179376,0.8597378214358063,-0.33457697696389904,-0.08516947850884994,1.0303503632220479,-0.31914077929701457,-0.14801445387658582,0.7899322364267776,-0.2552068813861472,-0.0384739780308372,0.7192773625499762,-0.24114635474987356,0.06577812206501794,thumbs_down
0.0,0.0,0.0,0.07884600984183227,0.5180231042779753,-0.21522581007675612,0.3454339406755032,0.9876897643370377,-0.3168781487557668,0.6131060567304548,1.3559775612649183,-0.395715013214037,0.7127344934478609,1.7172412463479687,-0.4232893163506123,0.9101572602093044,0.6636770555789172,-0.10393821679416354,1.1797119534705034,0.6293818672212409,-0.29949863336565985,0.8430991925097727,0.6072847914586228,-0.37885664179034856,0.7637318958049037,0.6418195888656248,-0.40764525180869826,0.9138026100971364,0.3089957603146502,-0.060185730136327074,1.1547834669570756,0.28269409445938104,-0.24042468557106056,0.7487064878816385,0.31149656544969195,-0.23001450975204424,0.7481614230213406,0.34847775295954153,-0.18235477228461772,0.8844911985115975,-0.020008727426224598,-0.058551060700504795,1.0952648534660954,-0.024376562615458258,-0.23535125546069136,0.7378358277106114,0.018713512479249687,-0.11856354276591279,0.7257154508758304,0.058465751208399516,0.001846628225020908,0.8415650544172393,-0.33363548134210635,-0.07819306181830676,0.9931621332259776,-0.3254528780345538,-0.15371556068055114,0.7520568991495945,-0.26378807165615026,-0.051954202599133054,0.69798756245406,-0.24281656397543114,0.049459577320695454,thumbs_down
0.0,0.0,0.0,0.0806876902690666,0.5021107593459692,-0.22434507077737895,0.3394754093021956,0.9643797691793081,-0.3341292774664233,0.5993245302086273,1.3242310669603503,-0.4181119772107747,0.7022364352472352,1.6740542540894339,-0.4514148522947294,0.9012862396607345,0.6468576589419959,-0.1266456356530889,1.1435854990978784,0.6123523032437138,-0.32023254843040616,0.81130794385847,0.5945649174877622,-0.3942324941989073,0.7446043568358383,0.623871897232738,-0.4207514018461106,0.9020275291402013,0.29274211633450997,-0.08072580632355508,1.1210146814095594,0.2700261572826436,-0.2577061999726423,0.7199775182369018,0.3061899534079611,-0.24289187477015,0.7376976759379589,0.34039656721992345,-0.1954784960095624,0.8715429453873038,-0.03475445567651728,-0.07632323133959089,1.0649228870254215,-0.038292165108255165,-0.2541537983169871,0.7123638297153627,0.011394264866819988,-0.137554973652091,0.7160711675505101,0.04407578131426962,-0.02020615860854969,0.8264801137571315,-0.3497846756936638,-0.09335749453232406,0.9682952468532848,-0.337979251166611,-0.17292349750551797,0.728529282994619,-0.26983515837171795,-0.07220326601312801,0.6779746761516998,-0.2543629109300171,0.027086579741443757,thumbs_down
0.0,0.0,0.0,0.08823422936657019,0.5032440089098232,-0.2294848731394543,0.3506470190282032,0.9690992857118087,-0.3458694860983832,0.6104895421661818,1.3413531579437805,-0.4359809626466423,0.7162795090652134,1.694091876393043,-0.47530267130100534,0.9166943820640542,0.623851496853355,-0.13744002500107097,1.1736357050121498,0.5839864057287872,-0.3348137395064396,0.8413245781893178,0.5829665160261813,-0.4121062770115314,0.7681345120233823,0.6208175620142617,-0.4404915704582005,0.914976958235496,0.2675731877584836,-0.08859143786272608,1.1437153285751873,0.2368076437592022,-0.26641242006304583,0.736897173097486,0.2855474457665165,-0.250902980155177,0.7507670409831682,0.3258585975489747,-0.2032230095800514,0.8815878732615166,-0.05898836165722747,-0.080963999545468,1.0811544183492476,-0.07137331708966888,-0.2537343422802649,0.7299850388137781,-0.011513602122999442,-0.1307384207381449,0.7300247689128614,0.030224447138469886,-0.010552091597076712,0.8343853552016893,-0.3718956241226235,-0.09605288732497146,0.9775396743750302,-0.37248322325849853,-0.1719386181397932,0.7393789498550003,-0.2991728380993163,-0.067084551852514,0.6870765318037448,-0.2764447382924393,0.03494974613386824,thumbs_down
0.0,0.0,0.0,0.09595043217205575,0.506166191648959,-0.23056189351333858,0.3746755229988709,0.9824146212164001,-0.3409778963744757,0.6343289459444892,1.346803134125073,-0.4244680193796312,0.7483206716332469,1.680517436586748,-0.45443936322037065,0.9308154443927786,0.6216052552103354,-0.13914655553909308,1.216946852397977,0.5929143148415599,-0.3401403590364838,0.8682136114798595,0.5828122907607384,-0.41862414056947794,0.7824525387908217,0.6139724619758632,-0.44522181066021743,0.9292420317925799,0.2651177308657141,-0.09057956187381286,1.1705458512058688,0.2466227975565015,-0.2704967081746238,0.7557742095277782,0.28825450641764594,-0.25655450519840906,0.7568502000209794,0.3157970206315561,-0.2086169682639193,0.897810456072992,-0.06065386375841899,-0.0838644350627137,1.1122557739761867,-0.06317925516523565,-0.25900224603437527,0.7481084076373576,-0.00879497299598272,-0.13533921337956495,0.7329473485789157,0.02317253492920906,-0.012722514108210245,0.8497173028099825,-0.3743243475758662,-0.099810595833813,1.0103470501786986,-0.3624444406093889,-0.17696817151938038,0.7607741039968247,-0.2964466129890187,-0.0688536269935327,0.6925956420428747,-0.28604957404565995,0.03697858530626637,thumbs_down
0.0,0.0,0.0,0.08954202942857944,0.4888983027537632,-0.22780037331719866,0.36140992606906264,0.9557730365453149,-0.3380018400508638,0.6308336256773472,1.3142411145566635,-0.42212606489461085,0.7500511792861544,1.6502934380728485,-0.45262157186550434,0.9163131909868236,0.6196371624441122,-0.13242842204828192,1.206396256562604,0.5783595209607681,-0.3388111792731512,0.8616496500382639,0.5667660783085554,-0.42147075779593196,0.7680510799108733,0.6009053952194839,-0.4482198143027778,0.9184992030145003,0.2661661399137413,-0.08493570707798981,1.1668311737918364,0.23337322013514747,-0.2713292436526927,0.754629112160322,0.2750024132603693,-0.2590029071392794,0.7478286424125683,0.31430679994345867,-0.20838750332146802,0.8897226466042173,-0.06135055539370741,-0.07979378635367575,1.111048602876728,-0.07143346738728013,-0.2623094044203341,0.7494791088870987,-0.016372490459168856,-0.13975998588358676,0.7257119350932878,0.024462515547810745,-0.013335299921970871,0.8428799882860046,-0.3770293198616374,-0.09688284863352935,1.01201148319343,-0.3643111402357025,-0.1802217536214298,0.7624805843491181,-0.2981979732156982,-0.07401464974342224,0.6887414860638081,-0.2809847264597527,0.03384167576817601,thumbs_down
0.0,0.0,0.0,0.08979372984351515,0.5013347863428581,-0.22828064922140184,0.3574127807762086,0.9645916641623219,-0.3425524485403053,0.6268727754558514,1.3223416200485982,-0.4322083849229721,0.7435769615651867,1.6613646068675512,-0.4689573231808879,0.9157715276462778,0.6177833756929507,-0.1286392944863447,1.1955949771825864,0.5826473720024294,-0.33620536974843235,0.8556609935960618,0.5716201975322516,-0.418420459245284,0.7599129685428868,0.6017551941070328,-0.44385892314401965,0.9151882308828708,0.2611607263090118,-0.08110576469063553,1.1607298228608103,0.23821525521346676,-0.2647065094780328,0.7486195667068432,0.2762968613391647,-0.24991578250057694,0.7505247562938192,0.313718445453654,-0.19772581590380284,0.8869662812999609,-0.0653659824244786,-0.0765836548482593,1.1068968931216832,-0.06940445744053944,-0.25560483251998317,0.7494154756027124,-0.019465102927197327,-0.13104194157699792,0.734202615324758,0.018281639089872716,-0.004662912237673808,0.8434917222143319,-0.37902688394228146,-0.0948023913676923,1.006874902005731,-0.36903619361785645,-0.1732693254043587,0.7610130052282343,-0.30443353496894576,-0.0649464409948881,0.6928310675493523,-0.28860756600901083,0.0429250687239909,thumbs_down
0.0,0.0,0.0,0.08752721764716496,0.5084184182364804,-0.23465238471228306,0.35261233431311045,0.9935355441065027,-0.3456919035939893,0.6208543838746147,1.3486481082916792,-0.4292885180363059,0.7396337819542381,1.6853785315660075,-0.45920136385533983,0.9140511483288379,0.6437791634277442,-0.1325391357483448,1.199343915576635,0.6164521868215994,-0.339154266767343,0.8531156678492751,0.5978658512316208,-0.4243539191608241,0.7619917133822707,0.6238115108907076,-0.45288515929598006,0.9170013456612501,0.2881611943127746,-0.08101258487334466,1.1648918382097961,0.2675513910879752,-0.268469356569768,0.7562474675897226,0.30222198448021814,-0.263463237583963,0.7507619299879279,0.3357029821739078,-0.21841155936935358,0.8885254275008133,-0.0385394357912854,-0.07187392736917773,1.1069084029782936,-0.04072759890825533,-0.254125690939734,0.7490364387513856,0.00520996718075125,-0.13791229697978108,0.7314202588767319,0.043702512112462615,-0.01653981126676751,0.843575803315246,-0.3526104863974622,-0.0852010805874298,1.0095320259154756,-0.3366814535096499,-0.16383725420887124,0.7636589952758935,-0.2766500657609875,-0.05793028133883349,0.691626781328661,-0.26258604174115946,0.04806297692066214,thumbs_down
0.0,0.0,0.0,0.09392157079446783,0.5009031434952266,-0.22323200957585834,0.3561937833296633,0.9770051407974483,-0.3256409120252658,0.618617501464111,1.341481382793183,-0.4019496136160253,0.7275335493761163,1.6832377352720462,-0.42448907529783597,0.904066866638997,0.6496871346110727,-0.11335602808014662,1.19995272477023,0.6445986519920776,-0.31016454068201005,0.8526259096239953,0.6204731017643185,-0.3967939032481172,0.7590027728195954,0.6482370749783503,-0.42936560455866274,0.9236486220517193,0.304270846266285,-0.06503197836516962,1.1794184522818463,0.2975180906597332,-0.240805958204079,0.7740210514210032,0.31555595366678213,-0.23764631122027727,0.7552462578556578,0.34072419197640424,-0.19675574813281263,0.90097404689837,-0.028240002891440696,-0.058365027537084106,1.1255424203785604,-0.009658367522120851,-0.22580960729183785,0.770958441256058,0.025121550783568588,-0.11279600662792565,0.740686157818756,0.053763890296588554,0.0027031404696621427,0.8573944453732705,-0.34843541502958514,-0.0736941951418292,1.024698279544542,-0.31543419992236793,-0.14304402370862523,0.7813162062272949,-0.2578776347151925,-0.03869061226107295,0.7074171760179963,-0.25036185846225545,0.06385870678496024,thumbs_down
0.0,0.0,0.0,0.09810162209546035,0.5013966399774336,-0.2110475845507628,0.3593863190297564,0.9701575847817866,-0.31061142150568316,0.6195732410055791,1.3424288476789696,-0.3883143256823543,0.7267559960419755,1.6833222346370162,-0.41307620467143097,0.8892234706146258,0.6551513593811366,-0.10101146830677919,1.189962300733869,0.6465062091216552,-0.3037104894078609,0.8453878954399948,0.6233517575781877,-0.39496156690817497,0.7416442527368466,0.6503698067027758,-0.42832252019165035,0.9112093230087508,0.31027066245661994,-0.05968276839987756,1.1732758454266683,0.3029730114130276,-0.23922979194097202,0.7666217373491823,0.31720223521494006,-0.2369776890225906,0.7413485387451003,0.3452591924380581,-0.19462272460115185,0.8921658938171028,-0.022364117958994775,-0.060109283663366674,1.128669022407312,-0.004942056851174884,-0.23254708113254882,0.770152829151092,0.029512532314684037,-0.118044147268634,0.7265559406976371,0.062128911799345675,0.0014724244019962982,0.8521134341885135,-0.34397492910687383,-0.08178895940118511,1.0244778995891262,-0.31224753118682425,-0.15815065202095785,0.7762864800187748,-0.2545738749007632,-0.054573808335510246,0.6939630159774841,-0.24102460932092987,0.050288164581588295,thumbs_down
0.0,0.0,0.0,0.08993479424732376,0.4990488293261981,-0.2248525457216641,0.34050540460047596,0.9648589024254854,-0.3402710856407002,0.6049678155629404,1.331382157669328,-0.43236935655972886,0.7175231194643165,1.6717792198715833,-0.4722556680936421,0.8877967986969759,0.6564191594465043,-0.127007704676156,1.18410726442153,0.6406057796210891,-0.3363165592911743,0.8462772255098845,0.6262672395059219,-0.4229774249139655,0.7380265725539866,0.6538719605096116,-0.45005020203107177,0.9023921333475005,0.30961790893069685,-0.0808142015302891,1.1619666885400217,0.2962443077069172,-0.2632186635733083,0.7520340920652282,0.318088901377116,-0.2489339200691725,0.7371538399589571,0.35572705051901293,-0.19665496704685942,0.882688108847255,-0.019464749161196112,-0.07735086100290962,1.1158008400794452,-0.008662089995621344,-0.255016452480773,0.7597715834241187,0.030576760451052322,-0.13040013279874257,0.7202432052068806,0.06898575423050304,-0.002608745804990838,0.8438383689712126,-0.3421434494552777,-0.0963422100720928,1.0201621643394092,-0.3143937340505649,-0.17869920274003132,0.7751373016807152,-0.25392438386743743,-0.0726908484319907,0.6905509336536434,-0.2396928030560456,0.03562184567448406,thumbs_down
0.0,0.0,0.0,0.07763506325964031,0.5092927291291052,-0.22035743911749642,0.32366310616508664,0.9861126568855689,-0.3351653778362586,0.5731426970061669,1.36173242869349,-0.42863836135269867,0.6770546524422734,1.7105708301520515,-0.4720233695674195,0.8525217919216103,0.6850864035712605,-0.12373532226559929,1.1522845567210807,0.6752275242233569,-0.3304695746161281,0.8159379520564068,0.6377337891808615,-0.41431003470121797,0.7083240440643029,0.6691728689155918,-0.4418801681393098,0.8746298599238919,0.3378293118764602,-0.08270898598329965,1.1432452250958687,0.3330569483608866,-0.27762717715394225,0.7420112619840554,0.33249972928809957,-0.2728722983932246,0.7130555907095243,0.3666006193096248,-0.22444083163291337,0.8607805582283996,0.00680541055233489,-0.08297000327659013,1.098891045518541,0.01904955442498378,-0.273639162543088,0.7483149460626216,0.04054995553718892,-0.15766762772042717,0.7069459014192617,0.07681826723607346,-0.03239810155481616,0.829293782375505,-0.3144536278106533,-0.10423698291146805,1.0038079167245937,-0.28873739433088036,-0.1967604725803975,0.7586851828312311,-0.2397764118019924,-0.09684347549590579,0.6739213843720832,-0.22481358919396774,0.00829256774234147,thumbs_down
0.0,0.0,0.0,0.08356615705346901,0.49313349162647707,-0.21970749080220625,0.33809525339049223,0.9526137236440283,-0.3241389523091937,0.5967309262373561,1.318323086297859,-0.4036620050888506,0.7003372772541969,1.662576832698349,-0.43021128971714934,0.8702153871457462,0.6545963432965468,-0.12375517413697827,1.1662021131919025,0.6322980123669298,-0.332463303199378,0.825854667105806,0.6133348745185708,-0.42037677972365317,0.7291985402232019,0.6475176314661445,-0.45048296729683407,0.8838780645885742,0.30785926352283066,-0.07823148469541544,1.143305697185471,0.2910895615410462,-0.26383849907573603,0.7380705927808723,0.3095062837420096,-0.2554823692002011,0.7261989698073734,0.3463516166852187,-0.20832318370838257,0.8651508685595091,-0.02333903554340131,-0.0749132242120174,1.094985178395367,-0.015589307007933715,-0.2536551918554374,0.7417391222696209,0.017358642026843462,-0.13492124362142244,0.7161124570325627,0.05650920884983895,-0.012230914414248575,0.8300654969776603,-0.3441346323618736,-0.09335082280578534,0.9977808068590162,-0.3226598115418461,-0.17398594716970037,0.7550190801334782,-0.26765221690627244,-0.07126716435207443,0.6827490949302886,-0.2521728789051995,0.03263341734466784,thumbs_down
0.0,0.0,0.0,0.07852195008744316,0.4958497425658782,-0.21832151868014688,0.3391268086900741,0.9597624291201027,-0.32735998749557543,0.6031529589127381,1.3329334875842187,-0.41317673210583017,0.7062345137110462,1.6837378321924603,-0.44729113642948565,0.8691526427109204,0.6553017992368532,-0.12426080468687851,1.1678690669441645,0.6402795762615358,-0.3325668246391856,0.8280498621159851,0.6170899884660876,-0.4182921040832978,0.7243395588876052,0.6476940796209296,-0.44731440762273533,0.8890934696377543,0.3077480340031697,-0.08184238476636957,1.153301925081285,0.2935368646787909,-0.27219632004402394,0.7481515303423217,0.3092314802268316,-0.26248433332371546,0.7262617196702109,0.34510560160683107,-0.21224375926022923,0.8727332809142797,-0.023994503988826372,-0.08121696789601508,1.1050624179098727,-0.015968755319069817,-0.26628628938326726,0.7508665597164281,0.015523221362836693,-0.14496526203933519,0.7148651429203621,0.05290806655565517,-0.017977523326520504,0.837051011911352,-0.3439351657187472,-0.10201281227568698,1.0068012677421154,-0.32030254441273875,-0.19098968690041176,0.7606673975005849,-0.2691441078882705,-0.08894117134188619,0.6834272667902839,-0.2532271799885992,0.016841356703042633,thumbs_down
0.0,0.0,0.0,0.08801386046897428,0.5033333056798357,-0.22543910502919332,0.3498153127543983,0.9616859950157495,-0.3331657313310924,0.6170606065850321,1.309961190935764,-0.41558917536006845,0.7157897289011597,1.6601384086955597,-0.4444566841478437,0.8804053188004204,0.62452253999967,-0.12519280767008328,1.1753385906122333,0.6090028320510861,-0.33288989663056107,0.8310596162158388,0.5897599028807206,-0.4170160565634986,0.7370339119289155,0.6259818343762727,-0.44492175004032564,0.8958244476904322,0.2801802546780135,-0.07871075280859585,1.151104425660232,0.2703059954054377,-0.2685460154569107,0.7464483812194478,0.28997234445184517,-0.2597676020711034,0.7304599030157336,0.3204958436601772,-0.21009679956910352,0.8731321956274322,-0.05145696478728498,-0.07511569692177476,1.0996847290062572,-0.04176186196279059,-0.256578735161339,0.7436600064260007,-0.0020037234324891727,-0.1374573770998577,0.7145221633549599,0.03543323901170518,-0.0127852166526363,0.8311310093868788,-0.3737672726246473,-0.09373660887995168,1.0000499461493273,-0.3538488024113283,-0.17179802557378834,0.7573104705315701,-0.29176301090535034,-0.06743145965320888,0.6855419240765921,-0.27293429683111287,0.03755637278485582,thumbs_down
0.0,0.0,0.0,-0.24909463643561064,0.557869340433098,-0.07198145665956764,-0.5376946917717746,0.9836012819451522,-0.18069938145857017,-0.7772163385354447,1.3914602480590619,-0.2774470781976155,-0.8243799027856902,1.7775167630468418,-0.3561850927740614,-1.075724060387348,0.4256806107077906,-0.17595868653270405,-1.411026626689862,0.5768083539741885,-0.18684248528772157,-1.2319867319890572,0.6445494110376178,-0.174018625952861,-1.0444104218776107,0.6208834463935028,-0.16778874739910202,-1.1072570867545077,0.011498100155041898,-0.14998364415689514,-1.3639859483850234,0.2423495634321592,-0.12606090999715264,-1.2015032152458707,0.33062622737249336,-0.09536127131896477,-1.0438394180109827,0.29111177425038953,-0.09878289931861807,-1.052421723160636,-0.31400592892159734,-0.11006362635030477,-1.2714740824465098,-0.06151606776877648,-0.06601882552185646,-1.1447420225376381,0.016545766123105293,-0.005990720670283937,-0.982372217167865,-0.003402205706590076,0.006308419944561808,-0.9734179690105177,-0.5637083220796888,-0.07279375380433772,-1.1704310368393893,-0.35634994129792674,-0.024802799548781077,-1.0618467774546891,-0.2719826314103068,0.051013788070596144,-0.9341125349233751,-0.2838702297081007,0.09771999806302835,thumbs_down
0.0,0.0,0.0,-0.24197393357545346,0.5648072392514945,-0.06853140506416952,-0.5294169863956442,0.9927878961842342,-0.1775899695567015,-0.7735819145615808,1.3980992177661957,-0.27584898236997984,-0.8256877854860367,1.7772088987882604,-0.3559920577750295,-1.0853381208181454,0.431280360114305,-0.1691483936249537,-1.4126052205989996,0.5908590824412318,-0.18324820112363988,-1.2196404093978126,0.6545961990288021,-0.1785424571751191,-1.0263704900808772,0.6234470842155877,-0.17809833137843578,-1.1170262981120305,0.01920818389248591,-0.14681214937087683,-1.3659253433047593,0.24694970288757917,-0.12145555062474278,-1.1981354365221684,0.3303780998863992,-0.09408370263156206,-1.040579706874053,0.28561365243711984,-0.10078969008362572,-1.058577340768939,-0.3066472837265196,-0.11084738719138239,-1.269374280576176,-0.06341422003411577,-0.06596530589582296,-1.1403300877410045,0.009836277869989913,-0.008041096087232386,-0.9786263232768453,-0.014025194884973138,0.001992969859600536,-0.9760847612298086,-0.5585057632134588,-0.07756709921141902,-1.1681560935335662,-0.3590330884864608,-0.029050292655868167,-1.0547921484717253,-0.27843294905701005,0.04668630195825897,-0.9236879297190085,-0.29420224304482434,0.0932698447197887,thumbs_down
0.0,0.0,0.0,-0.24503050232325085,0.5744797677441821,-0.07207015179315042,-0.5332054523257669,1.0094609345451957,-0.1858205789363164,-0.7723592006394876,1.4275420794520415,-0.28882406817430367,-0.8208804350040294,1.8181352419666976,-0.37426411934344506,-1.0883501257823738,0.44828442751894904,-0.17391079201959359,-1.4094138316134153,0.6279685539628843,-0.1948810396615818,-1.211879703643142,0.6864419956321545,-0.1977623568786368,-1.0179866601934493,0.6476143288217886,-0.2021946391683977,-1.122912113932619,0.0358387090479323,-0.15174695582312758,-1.3690483011894818,0.28028038877778816,-0.13164029640066316,-1.1991266781364625,0.359875520527664,-0.1088515336395746,-1.0402904799403907,0.30887009307515395,-0.11878270691015397,-1.0663189206757324,-0.2911835143266851,-0.11649860764936473,-1.2725174802895156,-0.028592207262693715,-0.07646790098315258,-1.141844126512176,0.03946049987744363,-0.021207002275999812,-0.9803621896742625,0.007468014216760182,-0.012340347818201253,-0.9860797968050253,-0.5423930037228134,-0.08391630863817733,-1.1752717499177598,-0.3178206970878233,-0.0373771392743132,-1.05851968071391,-0.24246350279901704,0.03832367500062594,-0.9252655611030327,-0.26686261739609995,0.08491511006105774,thumbs_down
0.0,0.0,0.0,-0.23706555948479177,0.569928168661141,-0.0673849506518599,-0.5184076460908179,1.0013301467655553,-0.17414593256204022,-0.7529133474098549,1.4100358795610939,-0.2711772051499732,-0.800964615862699,1.7933134385328178,-0.35069098104745383,-1.0798263333229736,0.4592187710025251,-0.16237147860162354,-1.4030410536152311,0.6149270587458567,-0.17528973020396085,-1.211825799940524,0.6789792071573344,-0.17204135685023603,-1.0181712204702635,0.6543652502756719,-0.17291880133313567,-1.115167775059754,0.051105724965286176,-0.13993652097500373,-1.3507621122775817,0.2751309288809022,-0.11038750387251613,-1.1877907101574743,0.35252642630250947,-0.08462728804676138,-1.0338844852558655,0.30872205356937343,-0.0943819675717794,-1.058136325490846,-0.2765340919215886,-0.10430400265606915,-1.2575154651951512,-0.036013825329514325,-0.0550144849022417,-1.1324070212149886,0.03073866380333173,0.0011619226403525853,-0.972322161546767,0.0063715904661502685,0.008056859758853369,-0.9758545912513862,-0.5312098463216307,-0.07159135502845344,-1.1618618074612466,-0.3329548787838826,-0.02088742465429078,-1.0521249813414952,-0.25629213504732573,0.054011365835448064,-0.9221170004198717,-0.2721388166978744,0.09914153294588739,thumbs_down
0.0,0.0,0.0,-0.23657212953976406,0.5653455489853105,-0.06516694073471382,-0.5272412676256968,0.9980704366003247,-0.17353273585575293,-0.7635644153810524,1.4187372223968837,-0.27311218247688696,-0.7978055985743214,1.8071790111094699,-0.35571970290972643,-1.089538415370225,0.4368919239495206,-0.1597647589743741,-1.409311153797264,0.6065095584739609,-0.1708263699327475,-1.2170439379076776,0.6675858179995935,-0.16858011951560686,-1.0305322495516922,0.6329368668291634,-0.17212186966702836,-1.126490710242921,0.0302692210453675,-0.141601910120787,-1.3683973846361615,0.25793715787397714,-0.11240496783017617,-1.2029571694271275,0.3402941233434839,-0.08619296212057923,-1.0470756942403234,0.29465725153745637,-0.09519481646836754,-1.070871493769665,-0.2972137721679287,-0.10991382589383006,-1.278343798597741,-0.054598957501593694,-0.06143881476515609,-1.1490708619782108,0.017823068425601683,-0.004291086587701982,-0.9864203125162204,-0.007602859105029524,0.003911449477872338,-0.9893230373886188,-0.5549646656572768,-0.08116842528394701,-1.1797539339592464,-0.3527857932734575,-0.0294789048848284,-1.0676433306171407,-0.2743191944049821,0.04686614749335661,-0.9348338877759365,-0.293254395451421,0.09251469032052828,thumbs_down
0.0,0.0,0.0,-0.23343352412880702,0.5462003064253127,-0.07421723292311791,-0.5117773452591302,0.9669783059536705,-0.1827929711952276,-0.7422373823731465,1.3816638623530502,-0.2821963292794783,-0.7789490162768742,1.7669613732369827,-0.3645909106766459,-1.0700926799003163,0.43743380047964275,-0.15292205764698397,-1.3903188628375058,0.5815373806186376,-0.1688778270820769,-1.206605875569721,0.639860627164968,-0.1711167131230859,-1.0185980569676238,0.6123205323274529,-0.17598742385027039,-1.1074649859638048,0.03533296489673172,-0.13022903223969096,-1.332115607751695,0.24775277903723675,-0.10199742625563867,-1.1734199154104863,0.32269813030278843,-0.08123556478228829,-1.0249050053787638,0.27837607910857926,-0.0940550163250876,-1.0516216999114298,-0.29347178560828135,-0.09649518727062492,-1.246420542063338,-0.06206928132063012,-0.0495378441712398,-1.12435101025672,0.0069525189059209845,0.0036446887903201493,-0.9669583758651938,-0.01658183361260852,0.009569177663904544,-0.9690939773046449,-0.5537289487135909,-0.0669239955426429,-1.1534635274355973,-0.36071528773415434,-0.018482006924396492,-1.0495657160934708,-0.2801362963042476,0.05458061071483419,-0.9212869344022148,-0.294285220868892,0.09899879376621899,thumbs_down
0.0,0.0,0.0,-0.2428434213864997,0.5578004068516664,-0.06901016949038681,-0.5246759790281272,0.9898315826471674,-0.18115843931432293,-0.753104923851384,1.416680955368322,-0.2834575842263157,-0.7857836007235596,1.8114660590978011,-0.36771103267606603,-1.068579261859916,0.4533030568505419,-0.17202849910672516,-1.4099744108781693,0.6064861783565808,-0.189512221368737,-1.2220768302418124,0.6710712282241965,-0.18418603813335083,-1.027096900227802,0.6458947840538692,-0.1822914931195472,-1.1067864714810016,0.046966091650768226,-0.15101601861692754,-1.3660395912494867,0.26809746843833177,-0.12726830816417134,-1.2016781368094631,0.34751398101914294,-0.1005583469855211,-1.0460439024234682,0.3017866382982085,-0.1078408341945751,-1.0575865550184909,-0.2814857244965555,-0.11646466780971902,-1.2800017938776695,-0.041333157158607206,-0.07067045080564784,-1.153450636187462,0.030175725267374536,-0.012525071543779805,-0.9923831653910449,0.005830770104743893,-0.0027174682152581943,-0.9838056671630662,-0.5392551806411778,-0.08461235168815387,-1.1885756662961946,-0.3323352712788407,-0.032923478007139975,-1.0789389361292794,-0.24954313682307988,0.04449282676979202,-0.9464470191836083,-0.26490022972033445,0.0912146827517443,thumbs_down
0.0,0.0,0.0,-0.24401902214728735,0.5691963749132687,-0.06737310240879824,-0.5245748605809374,1.0072148506815592,-0.17977408690298968,-0.7491979749283468,1.428584834057088,-0.28460979324381974,-0.7754196522235044,1.8180014667557471,-0.3715644970976221,-1.0652623000122288,0.4594995555221035,-0.16252524126662876,-1.4032931488645513,0.623500338074118,-0.18199044060632233,-1.2153673126835807,0.6845295479182146,-0.18077780614052238,-1.0210778413843853,0.6544155773919468,-0.18253081575904667,-1.1035698162670593,0.055449049106607334,-0.14621728811028042,-1.3584427005917739,0.2768215096214475,-0.1262189068263322,-1.1930695631276675,0.3522623191383845,-0.10128139284575362,-1.0391951531268722,0.301823177135792,-0.10932042117212544,-1.0540063465866727,-0.2730336935158863,-0.11788179610341147,-1.2691516998604995,-0.0376030240835489,-0.07549511928858173,-1.143077674796001,0.02851642786548281,-0.01790471510745574,-0.985319192373775,-0.002118263314417697,-0.008158249325079664,-0.9789806359281171,-0.5343297357833418,-0.09282004643731018,-1.1784959406615207,-0.3391252571485364,-0.04366737985201914,-1.0672153146459973,-0.2596926721972772,0.033793085537913034,-0.9339970937872349,-0.27917495052923247,0.08073495592135185,thumbs_down
0.0,0.0,0.0,-0.23002546845227578,0.5652940566121236,-0.06892217542918223,-0.5014834592073248,1.000959599250697,-0.1830136162328051,-0.7266929321443568,1.4193056598625546,-0.28904265956275216,-0.7592313815486659,1.8059979049326604,-0.3770928137309596,-1.0594194119703624,0.47879872756429603,-0.1640630324039723,-1.3918176411795327,0.6290691116145959,-0.18673481018452526,-1.20123277068569,0.6898490992954368,-0.19159474292822642,-1.0047279204648043,0.6635175518602076,-0.1971235754180378,-1.1026759620948579,0.0768344081549813,-0.14792294595794528,-1.3420612742295743,0.2881356431211476,-0.12580910123716912,-1.1774139884381962,0.3620192053155316,-0.1039421225226685,-1.0235845080712054,0.3132521363373073,-0.11523512030897465,-1.0546588997982853,-0.2522617872287432,-0.11997857161133028,-1.2584345476764955,-0.02922701337359677,-0.07835327181279872,-1.132324834854208,0.03730381766042495,-0.02307203731398638,-0.9726191828374605,0.007736671762238317,-0.014815687068893921,-0.9808723559637403,-0.5157359625402602,-0.0952799663824083,-1.176121133553569,-0.3322912920393797,-0.04938318855049673,-1.0632841316186867,-0.25430010267379444,0.027124128119411138,-0.9271583838430987,-0.2743662684896041,0.07467951372413546,thumbs_down
0.0,0.0,0.0,-0.23823280963362997,0.5643399190316589,-0.054192165104988615,-0.5148058231728819,0.9946552891066626,-0.15798304579306574,-0.7386472092824852,1.4131688129707523,-0.25397473480826666,-0.7629218385650578,1.7981764021120865,-0.3321578903128546,-1.0524065894909893,0.4792542702097454,-0.15932351455697244,-1.382183802498691,0.616856474035678,-0.1605704713693401,-1.2091805154009994,0.6749333195463697,-0.13993820094850115,-1.026742191356361,0.6535864699787943,-0.12978963540868607,-1.0935618727303817,0.07559653999394676,-0.14458958515738446,-1.3480808494042253,0.2776491857330332,-0.10776416601412558,-1.1910458798438985,0.35327002769597765,-0.0703689226556106,-1.0405366977668817,0.3128040090522823,-0.07124124942714817,-1.0479937569538245,-0.25447037273584827,-0.11448272380359982,-1.2675378461372062,-0.037158520663109054,-0.0552270872378514,-1.148055190395955,0.0343492130469755,0.01023262288392615,-0.9904260376936345,0.016635507844555548,0.022092630066932576,-0.9743130221825294,-0.5150312239353355,-0.0865378643385992,-1.169019992759246,-0.3336429474678058,-0.025854498169352265,-1.0658648174055045,-0.25113978788471414,0.05512084440406944,-0.939071623098726,-0.2600164870939389,0.1027804737020419,thumbs_down
0.0,0.0,0.0,-0.23137304133688016,0.56161538487408,-0.052258171449197095,-0.5051057206897198,0.9955223818738225,-0.15608210156742416,-0.7269510269381237,1.4153186572193361,-0.2527202709887747,-0.7523625985497525,1.8006520928324632,-0.33151825177404537,-1.0439285982753537,0.5013487305212866,-0.15640622594274395,-1.377111962245446,0.6299145985109281,-0.1625378805535068,-1.1988137515674386,0.6831794344105049,-0.14704812943823406,-1.014033003249727,0.6614444391398453,-0.13959834480340488,-1.088725015903361,0.10003680669781738,-0.14381365368173696,-1.342167140881363,0.29370137788458495,-0.1093266747611182,-1.1822282492530212,0.36305459420759717,-0.07450407213745236,-1.0295034405077486,0.32023834201424123,-0.07689857057011269,-1.0471434468414191,-0.23117832356514018,-0.11645236008728206,-1.2606421587588634,-0.016109235879934944,-0.05888968334960831,-1.137128926172683,0.046751516408212325,0.004722458747229618,-0.9786610460938764,0.023699418846318668,0.015528247370976465,-0.9781677343343703,-0.49435633713014165,-0.09123777477962076,-1.1663209503413068,-0.30925353243610204,-0.03121617517402752,-1.056277735721704,-0.23370263593451504,0.04882573207148443,-0.9261558300906447,-0.24866963450463433,0.09583294402170954,thumbs_down
0.0,0.0,0.0,-0.22863011271378245,0.5631095408388207,-0.05501230589390674,-0.4934474743598267,0.9994010843298142,-0.15945453504493773,-0.7066228179189874,1.417817934603424,-0.25638968979484406,-0.7238014834727746,1.8006842634890088,-0.3355993749863113,-1.0342200379153677,0.5067872059239504,-0.15622654702404845,-1.3623136218737961,0.6299010422806591,-0.15848820016638943,-1.191047888933263,0.6788969173309269,-0.14110325705094046,-1.0090901647748343,0.6579809466115641,-0.13354513737661694,-1.0827193493398855,0.10548353151001989,-0.14383707741049845,-1.3271341754750978,0.29669427058928777,-0.10848890270501076,-1.17379754411062,0.36578509921815294,-0.0757110487454759,-1.0225287298712242,0.32651084979625744,-0.08032735463864452,-1.0432192802715392,-0.22612832653338594,-0.1166813539591523,-1.254724836294654,-0.013992432204484134,-0.060847028328318675,-1.134323830650878,0.05015711913847103,0.0006433722485854926,-0.9756337162886444,0.02578337243569997,0.00999542811600978,-0.9756913192665411,-0.48941107296933223,-0.09170230178717577,-1.1705004974069577,-0.31290217122614855,-0.03787701727928086,-1.06436845819431,-0.23562433217900902,0.04059087670424618,-0.9340212052579202,-0.2507320858203403,0.0875008806631687,thumbs_down
0.0,0.0,0.0,-0.21858337486110874,0.5471355925255216,-0.06062308827255541,-0.49063446206203565,0.987492408320008,-0.16322791596934164,-0.7141597822686911,1.4101729902789442,-0.2582184016676961,-0.7343965160539682,1.7917166312040111,-0.33427732594682663,-1.0154541662895518,0.5029561120950281,-0.1530713289601299,-1.367729922615411,0.6202072999113944,-0.17004113507683885,-1.1938051924478263,0.6704678933642859,-0.16342987284991137,-1.0084073880650186,0.6475191671827868,-0.15952725690005068,-1.0684363691329781,0.10687950731064201,-0.13886691682275387,-1.3441593635645288,0.29330246345834465,-0.11414483424021375,-1.1912972389618706,0.3681670958457997,-0.08291916630585845,-1.0394608609897351,0.3274164208927846,-0.08454159414344717,-1.036141609932006,-0.22646693073513058,-0.11285250105728968,-1.2771692649224102,-0.02333975118737394,-0.06442515953831801,-1.156610326783782,0.05168073599451192,0.0001275994791044109,-0.9987020562064761,0.027060437399460707,0.01518479651521153,-0.9715459445852432,-0.4940819066625121,-0.0899265966477327,-1.1914303897181815,-0.3277759180203967,-0.03556907376807374,-1.087603137942748,-0.23610890940433388,0.045827694423062726,-0.9574684495081222,-0.2474339612225562,0.09540913722474526,thumbs_down
0.0,0.0,0.0,-0.22961363259601403,0.5498463610356392,-0.050551508741313,-0.4986407896227708,0.9771746876914553,-0.1529257738377854,-0.7252269730310086,1.3959041564015564,-0.24744316408864664,-0.7466697866076373,1.7763192795113845,-0.32373623209570845,-1.0246152185546664,0.4902243435814699,-0.16277197125084836,-1.3738761536670572,0.6006400345998305,-0.16322172447323716,-1.2035620813522483,0.6541420345899898,-0.1360079155650294,-1.0192033711776318,0.6351170613850953,-0.11973145334407789,-1.070201130318751,0.08754712245981122,-0.1486011651571546,-1.3358829903178358,0.2744953951806936,-0.1083954483818521,-1.177714706780433,0.35068237497399196,-0.06281607059256943,-1.0290173277769443,0.3091465959133989,-0.058269956488493806,-1.0305542951780078,-0.24417304469575127,-0.11890292572500984,-1.265205732676091,-0.0356381864348686,-0.05781539166177151,-1.1413175495239187,0.03544204460216525,0.013827930397434239,-0.9831889847076383,0.01315170216642529,0.029397051537125074,-0.9619473145804468,-0.5052060490470175,-0.09072290989004084,-1.1720516017157054,-0.33186295840977054,-0.02843872982906002,-1.0666535129906456,-0.249419838720566,0.05542806389980887,-0.937434979392927,-0.2627457148344319,0.10447065060537968,thumbs_down
0.0,0.0,0.0,-0.2228636502422981,0.5561486906360578,-0.05433917272633258,-0.49279695127036277,0.987818811148255,-0.1538021832144666,-0.7122548314343622,1.4077410357061817,-0.24337715456479178,-0.7301491212009268,1.7906930307049709,-0.3147059680153905,-1.0210790854455554,0.5102212621143374,-0.17084690328014973,-1.3667738167781216,0.6360715240768645,-0.1666817175429314,-1.1997153336925401,0.6862772590491081,-0.13358314635437876,-1.01746602390874,0.6659238597689582,-0.11351740956127036,-1.070986943676174,0.10743079440662538,-0.1521715865126399,-1.3327178902444232,0.30566175322420147,-0.11332347425711858,-1.1765600990779483,0.3798561271295137,-0.06867755888975166,-1.0268381014965704,0.33988505060742963,-0.06344585219145461,-1.0344685562691236,-0.22425998443219097,-0.11682111102078928,-1.263899491682663,-0.005262423389100758,-0.058035901206149196,-1.1422870241452427,0.06785951539083843,0.009811543282955679,-0.9836687434935141,0.0475581607564788,0.0244990507274483,-0.9684557386791919,-0.484495633128022,-0.08270450885778367,-1.1759027397166328,-0.30739144914148514,-0.024152451109125245,-1.0749381968412204,-0.22216952449295277,0.05616318603067119,-0.9477555722325841,-0.23198506583345352,0.10401448603675148,thumbs_down
0.0,0.0,0.0,-0.23049510801936776,0.5652941017575623,-0.047725159887816976,-0.506626019469433,1.0007660303987895,-0.14344919797996028,-0.7243097784508516,1.4204385987058645,-0.2305651332980778,-0.736868040768369,1.7987955042751649,-0.29991151500696445,-1.0320429835582157,0.513087174567514,-0.16118629693915928,-1.3756953477758898,0.6375736841189822,-0.15665502733406467,-1.197299481028269,0.6910712543335381,-0.12772695465826903,-1.0125308906601769,0.6690937990294114,-0.11143803280083459,-1.080764856983072,0.10856487359395445,-0.14573247441566708,-1.3394637506279643,0.30978052780111537,-0.10375620571271833,-1.178094764433437,0.3846918150562482,-0.06077712430180005,-1.0280459006201972,0.3383684097435307,-0.05854410543003779,-1.0438560791710265,-0.2234420277445594,-0.11341730742294044,-1.2690927398876828,-0.0020890075653518863,-0.05068130272749517,-1.143552893330747,0.0706240974607134,0.017155446158769145,-0.985076539476213,0.04507127116959325,0.030194463139977194,-0.9784263137105154,-0.4823416042713002,-0.08214960309440067,-1.1846357162857246,-0.3005765081517201,-0.0189191751914296,-1.0774699656321334,-0.2173282465764828,0.06378702332302413,-0.9475558872988886,-0.23251662579260451,0.11198802814915641,thumbs_down
0.0,0.0,0.0,-0.22688982715269887,0.5706569722157526,-0.06010107748652526,-0.4919999673640523,1.0074302242059547,-0.16760537806092005,-0.7165968031769043,1.428552159339957,-0.2652567102602945,-0.746038588527105,1.81370527426053,-0.3442717643231036,-1.027918410073516,0.5174626855184029,-0.1766128831902693,-1.368173944541195,0.6551259609464296,-0.1801894598784866,-1.1894979861952517,0.7113859489339635,-0.15413468988379883,-0.99890886745696,0.6889204994560698,-0.13852601871618275,-1.0775642762127133,0.11276417865495751,-0.15877552589217073,-1.332091103223552,0.3211189425992295,-0.12692159066408062,-1.1666989526644367,0.3949136406604133,-0.08637770481784489,-1.015318529399974,0.3466983752697039,-0.0843581010216685,-1.0397312159331975,-0.21883113871633822,-0.12529498185160237,-1.2621701300257169,0.0068221131014289055,-0.07289469677513281,-1.1347509974094692,0.07677939748205809,-0.005033661918243883,-0.9765155415646709,0.04895784903004727,0.009655499387457172,-0.9744141814944598,-0.47764228627288924,-0.09352622577518337,-1.176155521882372,-0.28820624710030224,-0.03829209416645447,-1.0662766856755885,-0.2069609731585616,0.04292611472643502,-0.9363128773398528,-0.22530929314119044,0.09145188624370713,thumbs_down
0.0,0.0,0.0,-0.20131655767769296,0.5587518439453653,-0.04711762755584053,-0.44658893972443114,0.9759353094016746,-0.14986676954255174,-0.6646532263693355,1.3810333743610284,-0.24752188756929266,-0.6861021365440549,1.7505599256897697,-0.3277857323511766,-0.9596604109161164,0.5709189818046532,-0.14249965141369295,-1.2804458368268012,0.6507844485789813,-0.14353703782508773,-1.1281295449939315,0.6772171386444295,-0.12120630109293026,-0.9547056789445126,0.6565056974069864,-0.1087092127768956,-1.011504165651673,0.1795634232395842,-0.1381393250868303,-1.2512117177913717,0.32347359548622384,-0.0968483494875914,-1.1046568103971588,0.37990169831608905,-0.05596861499258695,-0.9632797633123068,0.3430652715132399,-0.054204034085341316,-0.9773565498610627,-0.15542377774252614,-0.12089094332110664,-1.1912930997081852,0.014889761748993924,-0.0626362063103922,-1.0759703866696444,0.0765750797713811,0.0037714019856325397,-0.9259434740525936,0.05326783584318709,0.016481896506496424,-0.9125087656404548,-0.42727747990146464,-0.10534394949345999,-1.1162840418227449,-0.28557788179036847,-0.0484509883237833,-1.0187458943599246,-0.20856076049893008,0.032809150830906963,-0.8924028406477337,-0.22264084586499985,0.08121894555788935,thumbs_down
0.0,0.0,0.0,-0.19747096648206983,0.5499684518448533,-0.028014380022139948,-0.45081051807982914,0.9764556450137455,-0.11324874569998662,-0.6623341504317187,1.370932322505548,-0.1959130252933397,-0.6848524430481928,1.7404130775014046,-0.2628291702320788,-0.9377525666319009,0.5793532361334196,-0.13114451027099253,-1.2830413013474062,0.6483161619884086,-0.13675534497198413,-1.14180538091013,0.6711209045967796,-0.11702237666590586,-0.9811735811350142,0.6547170369649709,-0.10585985756174501,-0.99261360995705,0.19400683606303862,-0.136392056034042,-1.263084623002732,0.34287486072956425,-0.0955514055440802,-1.1237912705905804,0.39539418440153556,-0.05228630964567518,-0.983473760121019,0.3588723522694637,-0.04936324641657164,-0.9690359400218674,-0.14281681374060168,-0.12864959811938975,-1.2234568132472983,0.031069529259824043,-0.07230726314221983,-1.107951994809131,0.09051422398431531,-0.0008268239048966696,-0.9551232481392609,0.07062997088979904,0.014899019945167132,-0.9118328158203478,-0.4202622338872274,-0.12129166229348191,-1.138820954891148,-0.28041539723789527,-0.06921504586485905,-1.0403956720669374,-0.20812957923226313,0.01341686333292287,-0.9137486533292046,-0.2196041951750103,0.06268756149607553,thumbs_down
0.0,0.0,0.0,-0.20681898353067477,0.5409873304891106,-0.02964420686611421,-0.4636300413897544,0.9568323559629923,-0.11950614828546804,-0.6782054856004432,1.352368907551643,-0.20416419156523477,-0.7060192572070352,1.7189553194923246,-0.27239449480987193,-0.9462014146117838,0.5417906189172167,-0.14373183735032813,-1.28528674561207,0.604287252529771,-0.13452282207026592,-1.1518959386896381,0.6402165468046814,-0.09908632458640176,-0.9955751445010333,0.6330836631254612,-0.07858971530070344,-0.9926691782434274,0.15131918699473687,-0.14220381658113013,-1.262969870223414,0.3020599052786678,-0.09092709762362118,-1.12684577157745,0.37054908499954603,-0.037795737226915586,-0.9848120358601601,0.33976899224334417,-0.029515293011864795,-0.9595224339447158,-0.18340128543315196,-0.12460287758584805,-1.2161875213773943,-0.003864878286170608,-0.059676395716510906,-1.1031734822912351,0.06668160032447967,0.01752503014459624,-0.9472846450875553,0.049575454162075816,0.03581559313501901,-0.8996553429887211,-0.45643635173563035,-0.10663226487704193,-1.1336984425592649,-0.3095543770104317,-0.04910737113184716,-1.0360604662813102,-0.23046944040453557,0.03655563692129378,-0.9082905131577012,-0.2427980773577319,0.08733452105561844,thumbs_down
0.0,0.0,0.0,-0.21424129043395015,0.5448315618170568,-0.03677634655721943,-0.46714917650142646,0.9574613154764665,-0.13472127467402345,-0.6878609343422921,1.3594502999162763,-0.22599265426153567,-0.7182907014326649,1.7353039850539609,-0.2994979332141346,-0.9664515147041954,0.5297310129238554,-0.15879284943820685,-1.3096505496072695,0.593380094139175,-0.1479863473159238,-1.1646726633672757,0.6324716214251418,-0.10639876758919732,-0.9979896724972498,0.6268459195997708,-0.08102544706920212,-1.0075162250446403,0.13228191523865576,-0.15241086394349623,-1.279570431719344,0.28404987793263403,-0.10119453824685971,-1.1392058030377024,0.3546879378428516,-0.046664370928814154,-0.9958565483730764,0.32473444376138394,-0.03782530554340841,-0.9674645051558577,-0.20115179339715797,-0.12874856353864728,-1.2210491139963082,-0.021713752553550365,-0.061596054891769,-1.1084996665178501,0.051346454187888434,0.01733522570366056,-0.9506753354073062,0.03859923286085992,0.03586999730493937,-0.9014548139124552,-0.4667089516789751,-0.10510089633069848,-1.1340033032800685,-0.3220362916237788,-0.04461112346400284,-1.0390228861899344,-0.23951325387666078,0.04221469431890212,-0.9111798135468895,-0.24714017623486287,0.09335581721747255,thumbs_down
0.0,0.0,0.0,-0.21017207797155085,0.5470326161552316,-0.028940813527640635,-0.45881989309197546,0.9602573150726447,-0.12447471575233765,-0.6758232026903517,1.3566067065603855,-0.21409439335762614,-0.7039813033720053,1.726794211718147,-0.28677145964377787,-0.9486040109671624,0.5429149035473518,-0.1640551057097314,-1.2981235643685647,0.6027922817923419,-0.15495328435938668,-1.1395084382800345,0.6373347923141409,-0.1142870930191367,-0.9684731873090842,0.6298423803125365,-0.08971281695533992,-0.9909763129068861,0.146150916479588,-0.16134671255862823,-1.2666350300658131,0.29679394891181016,-0.10960029592692021,-1.119362080351643,0.360393635071767,-0.052916191905559525,-0.9747407318885726,0.32460661362547943,-0.044235967527572466,-0.9531596741025861,-0.18730921376348436,-0.1401854893743229,-1.2050083843561146,-0.005843806171172216,-0.07072794333930765,-1.0884327069436084,0.05417913314208789,0.009712679071649466,-0.9328996192203718,0.03169718993854915,0.026891242262941213,-0.8911847862102785,-0.454381547832471,-0.1181985827982522,-1.1231709283047109,-0.303065385982552,-0.05623702442541155,-1.0185212104315362,-0.23312184430992783,0.03204570690349962,-0.8868812297758077,-0.2509805941809474,0.08260076095786355,thumbs_down
0.0,0.0,0.0,-0.2139201224878109,0.5550849934738623,-0.02757722903305638,-0.46594893774947943,0.9778505149487183,-0.12182867336889704,-0.6771659530850807,1.3832116764049407,-0.21110169672204224,-0.6974539188198914,1.755734120314179,-0.28403224622229567,-0.9549071621663997,0.5569180283353836,-0.1526345053486954,-1.3008750070493427,0.6204291163861344,-0.1433102678199539,-1.149429699575257,0.6537752698556341,-0.10685809560811721,-0.9816456293060403,0.6450508690342042,-0.08581289764412967,-0.999512346140649,0.16302972716604794,-0.15084757411886354,-1.269099610003309,0.3147563464787285,-0.09912738172836716,-1.1255320357678051,0.3777545344728375,-0.04616823107560307,-0.9818714801832548,0.34166247146714007,-0.03969246943405248,-0.9641033909696233,-0.17092321532469365,-0.1313383157987067,-1.2084628386407206,0.012523066865933921,-0.06096433789537343,-1.0929820066404867,0.07216664078219119,0.016745672649609935,-0.9383079423112551,0.048938242336291425,0.032500427650976174,-0.9038838062475669,-0.44091919641999006,-0.11119189390498892,-1.1300940413497333,-0.2911174094221502,-0.046543582939231734,-1.0276939821719098,-0.22224017738390522,0.04202065114884887,-0.898310116232181,-0.24164732469757955,0.09267887768831398,thumbs_down
0.0,0.0,0.0,-0.1997813397579351,0.5570301091946014,-0.0401182220225065,-0.44722548880269924,0.9938435489338148,-0.1382967180749575,-0.65524115716502,1.4050739313739264,-0.22866859090758554,-0.66724445581357,1.7747379167355517,-0.301552204002206,-0.9383612497181326,0.574605976671167,-0.17483496502848817,-1.3017245988139405,0.6674830976044682,-0.18069221050702736,-1.1424353116068364,0.698349505218362,-0.1531365126849499,-0.9671899814434073,0.6822803493397251,-0.13516280998868763,-0.9948920573379719,0.18078019468400747,-0.17017254896801684,-1.2819168737007678,0.34945630244970527,-0.13163293820403457,-1.1342423390587923,0.4137340214889241,-0.08273750389797782,-0.9875840861368936,0.3779351966299446,-0.0757337747333496,-0.9690315584158635,-0.15387593463131743,-0.14907923706478823,-1.2270083555316793,0.039977521130210254,-0.09015249416538383,-1.108993781959328,0.1023702073850112,-0.015088600108036724,-0.9545947342974646,0.07631680482703129,0.002456147977450852,-0.913690399295334,-0.4239939752105444,-0.12804302938505116,-1.1480842932806752,-0.2652455120161724,-0.07120136663973024,-1.0439698280315084,-0.18876182226421304,0.015256969686054162,-0.9133860260241576,-0.20558433394181427,0.066402277874289,thumbs_down
0.0,0.0,0.0,-0.18252939113483296,0.4852495038165694,-0.16820676980204602,-0.5784915416449425,0.8758880302273993,-0.23402748826595973,-0.9355210183770375,1.094797621169356,-0.2961913678546868,-1.1686196063261063,1.2975522762011502,-0.316471703262478,-0.9804925080307862,0.44506192404025163,-0.020974146278139056,-1.2681580417617446,0.3263266734336507,-0.22120251733052784,-0.9335306628723524,0.33934152704786685,-0.3141647033401646,-0.7625200047944258,0.39437708376113045,-0.34511516074090387,-0.9481580854516747,0.07657971956995517,-0.017781495340726785,-1.1908819124165926,-0.023567789335032757,-0.24488616813581765,-0.8000225633338356,0.06342963554668517,-0.2996695261732677,-0.7125201709325952,0.17349887077308665,-0.2810245999856833,-0.8705422701980661,-0.24033717123370005,-0.053964295476152224,-1.09780113148473,-0.34709044413809415,-0.282669266049367,-0.7525100030671021,-0.2349943626617073,-0.22191626691759989,-0.6700535294608345,-0.1234392028215358,-0.1201577737788619,-0.7703306341744991,-0.529216290560195,-0.10230032491810712,-0.9564229709478752,-0.6114283298358117,-0.22229705522345122,-0.7126524498843085,-0.4966617160949155,-0.14747813150174047,-0.6310363366771612,-0.39356945770705903,-0.05614172474425498,thumbs_down
0.0,0.0,0.0,-0.16998533126823664,0.5111097122957793,-0.17906759944613101,-0.5500346554652329,0.9298722622978293,-0.2420606784592374,-0.9009002935737205,1.1826845317072838,-0.2984971706298145,-1.1104874989978517,1.4258184946654748,-0.3099219689062394,-0.9755181026277,0.5339898667215575,-0.006146466739204923,-1.2531341904358693,0.40753334328410307,-0.20385855601495856,-0.9207312945174125,0.39463552144486647,-0.2947688631289612,-0.7612774906789705,0.45517596065008326,-0.3247397849507631,-0.9563468129914778,0.16059100837508816,0.007000010528351596,-1.1942828323638344,0.06454443800074604,-0.22116156341214832,-0.8060226853406846,0.11842707182013672,-0.27987105320692185,-0.72703601789986,0.236659928244664,-0.2649670858382011,-0.8934680260689198,-0.1588865424467601,-0.021015799021690644,-1.1176583661300734,-0.2600089660601329,-0.2539188268943613,-0.7715229173770063,-0.17427006728896005,-0.19818299569815168,-0.6864370961025521,-0.058858556462424674,-0.0990640799687648,-0.810462257327239,-0.4507217095929304,-0.06182123125946779,-0.9984723581310181,-0.5296747845452701,-0.18331581422149543,-0.7504059451619498,-0.43291049230561257,-0.11248675797590536,-0.6634414851407212,-0.3281088443336998,-0.02359991751826177,thumbs_down
0.0,0.0,0.0,-0.1665936190013044,0.5177009670908324,-0.18614323683328207,-0.5129649810508509,0.9396727307818756,-0.25790609051379104,-0.8512888982153693,1.2185528474082017,-0.3229805658486772,-1.0492278560943842,1.4838306380687867,-0.34253362239497276,-0.9531971282500495,0.5544189233440807,-0.003605158406384778,-1.2203922756831846,0.4321782441513889,-0.20533553323085027,-0.8973599963533957,0.41659426681473694,-0.30296783162704644,-0.7462404224067244,0.48254244187729434,-0.3379754511035833,-0.9348657049512944,0.18308920189328856,0.012137064100179808,-1.1681421509102672,0.09092920979090365,-0.2122142659244665,-0.7922940117478757,0.13706029708543652,-0.27490228865741057,-0.7253024846092375,0.2570960159896958,-0.26647490646806143,-0.8779222180127552,-0.13821645173810596,-0.014818450747488538,-1.0996112847939066,-0.2324431994453931,-0.24854650840557224,-0.7618344457743702,-0.15121601584421282,-0.1994357145002254,-0.6815459920122057,-0.03620130323070491,-0.10606554341956725,-0.8011185888876461,-0.432606492101186,-0.055111926218941565,-0.9848138534793238,-0.5012246151724651,-0.1786998992584676,-0.743142369962934,-0.4042067930256155,-0.11249459962048954,-0.6557248220633124,-0.29852986622093786,-0.027307855872515902,thumbs_down
0.0,0.0,0.0,-0.1612498090439765,0.5064760941033685,-0.20614400128355947,-0.4941589088920784,0.9332659994829829,-0.2914477993434103,-0.8093039078114335,1.2332644038409648,-0.36781075106877026,-0.9897822547918751,1.5237067044371926,-0.3995292400156937,-0.9387828287695649,0.5741273466227339,-0.028289579925388615,-1.2099970238843942,0.44013604534640144,-0.24155313384600677,-0.8976735059722318,0.4135778264835212,-0.3461185166170071,-0.7577634805006139,0.4907626951011696,-0.38583522598562525,-0.9277506117132901,0.20087451359714273,-0.007367948869399314,-1.1687948673993982,0.10507951778848763,-0.24028317548560002,-0.7972884320850488,0.13096498071918738,-0.30398337436341116,-0.7347312119486687,0.2547027723627803,-0.29539589787534176,-0.8790051414989023,-0.12663149264693352,-0.03202556825655778,-1.1051565095961329,-0.21635381025653871,-0.2746994452716633,-0.7720709680807952,-0.15404294535651955,-0.2320797551347305,-0.6973329302308415,-0.03561008001679904,-0.14164054414769425,-0.8107276940428769,-0.41669179126752853,-0.07164068672241093,-0.9920732575838493,-0.48707125865135664,-0.201196300883787,-0.7585662612561984,-0.4003792978461863,-0.14235803215084208,-0.6732030907194745,-0.2929764872874068,-0.06217994380761638,thumbs_down
0.0,0.0,0.0,-0.16203663991051795,0.497574354014948,-0.21716880355914858,-0.4876182329252431,0.9261301102286841,-0.30341923072029103,-0.7950548648807743,1.223840280150974,-0.37871215039790984,-0.983463071975927,1.503314791913676,-0.40969519852869885,-0.928480069183585,0.5694930717996562,-0.021334210891784437,-1.1907413794876032,0.42436954551404305,-0.24775361194988393,-0.8808276376582908,0.3993353960220338,-0.36743858830810994,-0.7465781396118676,0.47784817212509223,-0.4142564461129789,-0.9049505875034164,0.19582480937382787,0.005227748321304222,-1.1494478062437854,0.09519943860752635,-0.24187435833132234,-0.7822518463825631,0.11575064331736414,-0.31927113723524114,-0.7179410405159461,0.23487268158361543,-0.31527073164837277,-0.8552803642172683,-0.13125036949191804,-0.01694891449751945,-1.0767218551025164,-0.22264242548146101,-0.2742463151733487,-0.7413489122576445,-0.1616949947236643,-0.2436233214077489,-0.6731897496810657,-0.042176338912282035,-0.15526941778540057,-0.7937299873017081,-0.4208336709361457,-0.05443040485913275,-0.9670247328829877,-0.4919073892083414,-0.1897178023553159,-0.7273938072799923,-0.4063094489442852,-0.13486224211240216,-0.6435487124240314,-0.3000416103373999,-0.055165117900542245,thumbs_down
0.0,0.0,0.0,-0.1548146079752392,0.5184697102796285,-0.17937296650690226,-0.5030444398861349,0.9689831233686929,-0.2547887605152766,-0.8287343404685317,1.2852796990693307,-0.32435809670127685,-0.9998266631844304,1.571301031185675,-0.3515290563651891,-0.9600722567230553,0.5821605896387926,-0.020945077367297987,-1.2293942938734856,0.4638727881837846,-0.20613796496022327,-0.901775169126712,0.44269454576335454,-0.2911177515489467,-0.762159365344541,0.5072100177797129,-0.32319604962009524,-0.9487518384072998,0.21557268916088307,-0.01114893148640676,-1.1806448569164494,0.12099230708777678,-0.21724171463042724,-0.8033829104031652,0.1608214413074912,-0.265146887723008,-0.7339621926611942,0.2802050469581061,-0.2521177948616199,-0.8948574485568617,-0.1094551630533346,-0.04134059027519411,-1.1069616130485944,-0.20453063554981718,-0.2568111090119017,-0.7707180526973126,-0.13301114838320452,-0.2020996221093574,-0.6871724188739682,-0.01476185227006993,-0.11195003678904712,-0.8163534272034721,-0.4054040245967962,-0.08467129450933258,-1.0106035930581703,-0.47115136316304934,-0.19628289939041613,-0.7688682743371174,-0.38928626682968986,-0.12592453662263292,-0.6732094383015012,-0.28929382959050265,-0.04253086477782075,thumbs_down
0.0,0.0,0.0,-0.15510141368812042,0.5165899605628063,-0.17978418968416346,-0.4970472374063997,0.9555751422071479,-0.2522372965248646,-0.8200194390828598,1.2609022219239774,-0.31949119416714167,-0.9930199043617913,1.5450494792151415,-0.3435958004903017,-0.9368638145373012,0.5752560701063317,-0.012206319327821335,-1.2148734432724573,0.4767979923938258,-0.2063770449947442,-0.8938458944597273,0.4527224759504731,-0.2964807631562206,-0.7512830778481943,0.5005215922424363,-0.32930949538452053,-0.9251501900213084,0.21186245351630573,-0.002185468240245482,-1.160126812271391,0.1292385313819984,-0.2155288929580523,-0.7847619072749096,0.1712997342315063,-0.2662355782122198,-0.7201925312879188,0.27482893604906133,-0.2529842604090568,-0.8732690802229303,-0.11184913149800389,-0.034207685797277995,-1.092124457041209,-0.1954937013792862,-0.2546770934981005,-0.7511163805138428,-0.11975485713888569,-0.1974410372179397,-0.6703933457244796,-0.02085568871998186,-0.10399095595731961,-0.7982478112461721,-0.41274140489144867,-0.08037224211629417,-0.9883178744441818,-0.473627307522607,-0.19656300083294692,-0.7414897588254125,-0.3819150945179724,-0.1271521390154578,-0.6487988711481333,-0.2902321581061092,-0.04304414288944667,thumbs_down
0.0,0.0,0.0,-0.1536620172801075,0.48745771746170846,-0.18874385873039984,-0.503463476580436,0.8935456225403727,-0.2717521416999493,-0.8096614399365678,1.178605529556282,-0.3503653168365348,-0.9922465467807988,1.4586190015548204,-0.3895849453545573,-0.9149282121173397,0.5129263036849184,-0.03982036184037486,-1.1865898443147542,0.41447020275625074,-0.2489891939098113,-0.888982162421198,0.3819765798456411,-0.3502535654374176,-0.7497890868360075,0.4248757736560114,-0.38928896006221664,-0.9041716504507216,0.1472124894203484,-0.033995385881510284,-1.130585931599988,0.06277658414004528,-0.2575369431234692,-0.7776206241227057,0.09557420566525544,-0.315574227296832,-0.7152370916265379,0.19468877687554823,-0.30571903747663015,-0.8545987007948228,-0.17951828875943723,-0.07161438727129038,-1.058544061439948,-0.2601811883335297,-0.30104688987567285,-0.7431090943776796,-0.19464178472329127,-0.25503675031901446,-0.6846167731558997,-0.09510747496783922,-0.16796018340876018,-0.7815343162106732,-0.4745508297168141,-0.12405206337571419,-0.9490485757060787,-0.5374588178381705,-0.24639866086820522,-0.7248614905137803,-0.4519348411806093,-0.18508307579520408,-0.6509904073158864,-0.3594658885394935,-0.10722099551812983,thumbs_down
0.0,0.0,0.0,-0.1405854222520758,0.47203251175540634,-0.1995323545271282,-0.4954954000556295,0.8589938766121032,-0.28272666184542017,-0.8023206661987172,1.130308756377075,-0.3551112959760129,-0.9773127944461808,1.414152174939889,-0.3861147519308051,-0.9065308462542011,0.4777648665627029,-0.06713036107316392,-1.1112492843029478,0.3538711616072112,-0.2579350469384618,-0.8171109725414463,0.3338053760880896,-0.33141838005184787,-0.7311359665226435,0.4002573925352816,-0.35876216752117124,-0.8951705693928521,0.10770182344811492,-0.05466596663175201,-1.060330474041251,0.014432210812660825,-0.2673855221900372,-0.7062251513080242,0.06072460771075274,-0.3068936056676407,-0.6979016206367451,0.16989852316230933,-0.29044882095860713,-0.8412540162427028,-0.22111127134923989,-0.0836538722153877,-0.9940632993278117,-0.3083389051417307,-0.311087732438318,-0.678360118628497,-0.22794956760022794,-0.2561002666248701,-0.6671432778220096,-0.11391988241359799,-0.16902382361976362,-0.7658113148237375,-0.51042900113691,-0.12771825850219404,-0.9022300256693164,-0.5876380151171711,-0.25101729559205904,-0.673182006389838,-0.4969663615285895,-0.18887895951398073,-0.6265936931381696,-0.3948820027275716,-0.11427910389817633,thumbs_down
0.0,0.0,0.0,-0.14452031395928988,0.4755340017111779,-0.19613352490851246,-0.5051449170276817,0.8618563674011065,-0.27579129299088145,-0.8174420629150707,1.1373976099700913,-0.34444309622116404,-0.9965276793111374,1.4176147782813253,-0.3700994177411045,-0.9095276143675038,0.48196885613735907,-0.061256723801183716,-1.1244754043005605,0.36280964042863434,-0.24237665873177552,-0.8214985832764897,0.34364288129515796,-0.3075758154842701,-0.7360891148313026,0.40849642211342735,-0.33017487501252185,-0.8949640272350919,0.11561525258667055,-0.04653728674280291,-1.0664759791738476,0.02430702492975615,-0.24947747736678494,-0.7100334323340167,0.07095643846849681,-0.2845974379210974,-0.7061121483385643,0.1803800623715737,-0.2668189021956989,-0.8408065702605008,-0.2123365012421095,-0.07223173264966803,-1.0017569614495723,-0.29779661199733687,-0.29026368830162236,-0.6831208248890925,-0.21852470622023565,-0.23257068481425136,-0.6723726721914292,-0.10728195347875619,-0.14578218525353057,-0.7677369922465792,-0.5065931444404377,-0.11264340001384972,-0.9156677448146904,-0.5828146713003838,-0.22862218949305196,-0.68496876991518,-0.49219460844243845,-0.16354259495493048,-0.6359062146394241,-0.39219373525791584,-0.08797285602336119,thumbs_down
0.0,0.0,0.0,-0.14969934228274928,0.4674065680693761,-0.18313149064194054,-0.526393276584133,0.8598080250678074,-0.2621159578094673,-0.8353362039626815,1.1349112752884079,-0.33582501984869284,-1.0110188617586353,1.413691922207092,-0.3724618212039478,-0.9186992449269454,0.4507022651548247,-0.04638809267240283,-1.1464350658290599,0.3639272021677747,-0.24338044433756226,-0.853605451818714,0.3477204225965687,-0.33534800995330183,-0.7310698150719552,0.3782869046576757,-0.3730497409561487,-0.9010618690522698,0.08834058577213538,-0.044377016353138274,-1.0890994009528323,0.00911750531123735,-0.26130549603914105,-0.7390443457337882,0.0659312329518359,-0.31368324473243264,-0.6919446024650174,0.1547134356985958,-0.3031963584245615,-0.8415234643562597,-0.23669355245674906,-0.0834804108496088,-1.0063139146711162,-0.31396164354322975,-0.3033451531526816,-0.696164883229388,-0.222708581544269,-0.25102146895162203,-0.6618019686877011,-0.11998041232832267,-0.1656381242280365,-0.7594104435691059,-0.5322888704184155,-0.137796544942499,-0.916796983781425,-0.5997272639512975,-0.2533334753854645,-0.6886786304132309,-0.5019385018653354,-0.1867595539423029,-0.6301684984111616,-0.40374756063074574,-0.10942394544217642,thumbs_down
0.0,0.0,0.0,-0.13575206190153316,0.47468912744387176,-0.18054781947708728,-0.5087976056281087,0.8557589399543291,-0.2561283237708771,-0.8186471592694468,1.121924365229693,-0.3258025548810561,-0.9926746446213086,1.3918069589575544,-0.35776043540478325,-0.8889835163460796,0.4523772947856926,-0.06107124674650748,-1.1210093020572076,0.3865442551318543,-0.24898363473876262,-0.8315052837671638,0.3496301144324459,-0.3235706743971468,-0.7247220644017031,0.366550601482559,-0.3503916227714309,-0.8759028512167707,0.0928347311465875,-0.05864988568527201,-1.0636480313703434,0.0320893915075819,-0.26543227233111516,-0.7121433962981333,0.070644698220277,-0.30314851620051214,-0.6779518211005654,0.14939875428945612,-0.28465774104766967,-0.820213481054973,-0.23352423544980694,-0.09560974130302669,-0.9881370354515744,-0.2959029151847479,-0.3094586245056298,-0.6748806465530728,-0.2145764089374683,-0.24863970345734546,-0.6481376372011382,-0.11841751267882906,-0.15966574634665287,-0.7407142553645366,-0.5327989826977467,-0.14734945101537592,-0.9030196548392883,-0.5877409066077847,-0.2596066238823993,-0.6755098503081234,-0.4964211307710172,-0.18983616956115001,-0.6167673763534445,-0.4050287873369915,-0.11142335906084246,thumbs_down
0.0,0.0,0.0,-0.15303362941908624,0.46837745581746865,-0.18204194772083804,-0.5182596717926683,0.8425960862897384,-0.25452964376146886,-0.8366776185443138,1.109170281577202,-0.3214684472814932,-1.0190462125192334,1.3797136447091296,-0.347822907959856,-0.9045616568075691,0.4498439545475949,-0.036263421778887354,-1.1318671550828112,0.3686411941743747,-0.2230257611702598,-0.8300529012763457,0.3500715552375537,-0.29953263446453543,-0.7245189627509696,0.38743761831243145,-0.3276638874801836,-0.8911136073777024,0.0878654648737667,-0.029852660573624488,-1.0706758411930388,0.021213948692258885,-0.2357300006678425,-0.7207838360959867,0.07367645099720253,-0.27943676598059614,-0.6994752750079802,0.16436093844141186,-0.2660405577412567,-0.8333350266259743,-0.23910914158473048,-0.06440906228103173,-0.996606855459193,-0.3054512112087177,-0.2788899881408852,-0.6858453990491429,-0.22017143908730916,-0.22269648513505902,-0.6650895735362937,-0.12328820356741522,-0.13643602529844148,-0.7533159882566948,-0.5356036178131491,-0.11383809466195674,-0.9115002311357167,-0.6008222897276272,-0.22619979363617515,-0.6870046498770407,-0.5011509051559031,-0.15974148592598364,-0.6322444179610821,-0.4050733688797972,-0.08293491186232081,thumbs_down
0.0,0.0,0.0,-0.14748998865788332,0.4576989763249872,-0.18426514170074584,-0.5147633723325982,0.8344044092577757,-0.259878973727382,-0.8270901246875458,1.0964073584781249,-0.3289209091157563,-1.0107942594476416,1.361647567989916,-0.35780465691145175,-0.905502766865501,0.4502702948984669,-0.047398591668890766,-1.124540448046738,0.36047018555696647,-0.23824160515407491,-0.8267803710107495,0.34852254373768077,-0.3171674502686377,-0.7241205752618769,0.3869368373384238,-0.3470417837776339,-0.8885808537826423,0.08622620357495503,-0.0426912108321669,-1.0658218507316242,0.011908371256678558,-0.25313229818570504,-0.7162195088068938,0.07105638363682278,-0.2950480035252821,-0.6898267027572955,0.16008104165147902,-0.2789085137169768,-0.8284694320567987,-0.239557972989947,-0.07920913020960108,-0.9893112697164678,-0.30793869383753947,-0.2983546987245223,-0.6787996426049239,-0.21970072763685047,-0.24119918718600722,-0.6559535659542698,-0.12411745881285786,-0.15267455299251834,-0.7470698082816984,-0.5335816551923706,-0.1306712638779614,-0.9039115976566756,-0.5973058263934254,-0.24706595668426762,-0.6802115331583689,-0.4991832034721505,-0.1809689044230695,-0.62555672764986,-0.4049435285709817,-0.10341022801880147,thumbs_down
0.0,0.0,0.0,-0.15314027241695444,0.46743264147722535,-0.18838838886320491,-0.5281612624343331,0.8448958456993497,-0.26118535285907396,-0.8452260712321573,1.104856658815587,-0.32563026577181725,-1.0270300653706084,1.3709381367192006,-0.34731568190035755,-0.9243569827948244,0.4590754624425439,-0.04597375901361358,-1.1411782670007495,0.3618559017935831,-0.23525692050268981,-0.8340513555809929,0.34423524193153693,-0.30830753625831286,-0.7366903943955172,0.3918075030930291,-0.33384058900237135,-0.9066032144030342,0.09512153746211044,-0.037056321722104366,-1.0813696223738067,0.012292536353408046,-0.24685467397297506,-0.7232641806953386,0.06654088128212624,-0.2863345366054691,-0.7099626380443301,0.16884969745520093,-0.26847444504791207,-0.8478399445244418,-0.23247586562044098,-0.06992886196259923,-1.0043266963055832,-0.30868435395466287,-0.29164187554450377,-0.6862259685566037,-0.22042277914676914,-0.2349210396757907,-0.6721209740916322,-0.11204683254582183,-0.14639032014812356,-0.7696455933054817,-0.5262802861615572,-0.1176566346194972,-0.9210222868086803,-0.5971277739076631,-0.23589324110123241,-0.6912117922067854,-0.4982402106335169,-0.1706482950088966,-0.6387702319113137,-0.395698490901841,-0.09315926443166408,thumbs_down
0.0,0.0,0.0,-0.15087697911286976,0.47062014025809323,-0.19548867271833437,-0.524892352149776,0.8503222150022036,-0.271512835328321,-0.844621826538535,1.1060286827448746,-0.33872338199223967,-1.0277542681282388,1.376314458198073,-0.36347362419949425,-0.9249129992805931,0.4675595485465654,-0.04212002596126979,-1.1364732708584226,0.355152838571954,-0.2405496793089402,-0.8355779381951417,0.3426032477243525,-0.32293891169387634,-0.7421556330595334,0.3995806324708629,-0.3539286404053291,-0.9063413811924074,0.10096094147549192,-0.033267051490129484,-1.084356577506105,0.0126694227685619,-0.25327250226828246,-0.7288788968738077,0.06769076617098735,-0.29829359521935817,-0.7126196126091602,0.17192298804528497,-0.2812330168854212,-0.8476304376962562,-0.22584662445849973,-0.06856979658186269,-1.0097424966209676,-0.3036188515959226,-0.3004863519285723,-0.6932723631200559,-0.2189870842053224,-0.24521669945906568,-0.6767556513508423,-0.11054400066131094,-0.15405003367041728,-0.7685894191138165,-0.5171099750617907,-0.11950779993580896,-0.9234303158648706,-0.5902141446220689,-0.24443904780553066,-0.6950134932668899,-0.4969228828994185,-0.1799957376128543,-0.6430772030130777,-0.39679756158722146,-0.10111761327291087,thumbs_down
0.0,0.0,0.0,-0.14427950556391367,0.4726561203242504,-0.18622651242767926,-0.5246231478691747,0.8613910460951301,-0.26061652586791123,-0.8483987392156631,1.1172898455645393,-0.32833136307013966,-1.0306682575555637,1.3848746079796184,-0.35454671732462156,-0.9192519478203136,0.46202702438059484,-0.043368134385885056,-1.1494402501595378,0.36926267191902906,-0.23987325598111311,-0.849265235225641,0.3494811018713349,-0.31991800654265556,-0.7467093898524074,0.392123617428046,-0.34945091999580025,-0.9034668486216187,0.098458909093152,-0.04009626129201377,-1.090122379686365,0.014310677332021309,-0.253124958003716,-0.730233059154893,0.06846682462050184,-0.2902882392806772,-0.7140648713343188,0.1651600354292727,-0.26944382563780583,-0.8446772649845902,-0.22767534657839802,-0.08013167141247468,-1.0118240226466253,-0.30891506744347735,-0.3047156435104543,-0.6935935364364342,-0.22446529272423657,-0.24162362778732183,-0.6781730460868938,-0.12331083011595535,-0.14812367770591106,-0.7632036136631949,-0.5214081074096749,-0.13558667356019075,-0.9177813392400752,-0.5932119976556044,-0.2566706360635026,-0.6867624737822822,-0.5023927146057392,-0.1871335246060316,-0.6358267935532286,-0.41124108897655604,-0.10611818264807227,thumbs_down
0.0,0.0,0.0,-0.15762010227603931,0.47120171244003173,-0.18372412794544754,-0.5348892163714629,0.8506725160642243,-0.25139026906221584,-0.8605330780531938,1.1019344717417756,-0.31116057472836695,-1.0464581677355296,1.3612851158664734,-0.3271964259529047,-0.9378759223513549,0.4693581784762462,-0.03127219242878722,-1.1503457029397492,0.3600773538865576,-0.2179622575735277,-0.8394835251895858,0.3493675646066392,-0.2909651584075192,-0.7497535394851559,0.40908223819162953,-0.31721287621519856,-0.9158196065043441,0.10410632663569286,-0.0240109167007579,-1.0907110428320426,0.018615882868648823,-0.23254445735499946,-0.7307885868309953,0.07787685365937211,-0.2716199402371204,-0.7222340323686758,0.18457878232738364,-0.2528394692060648,-0.8544721304213809,-0.22213411904974,-0.05893929537666091,-1.0162447270056736,-0.3015904328888959,-0.2819599602742628,-0.6958289986857878,-0.2122537735086949,-0.22451581565202297,-0.6821321861321142,-0.1028031034608165,-0.13423093794807997,-0.773765349546217,-0.5140811693880074,-0.10817972759863301,-0.9287060261470691,-0.5904203281441998,-0.22749247087904223,-0.6981337092301801,-0.4928135578170773,-0.1617406265609373,-0.6475226935862298,-0.3929623068707705,-0.08288363528199753,thumbs_down
0.0,0.0,0.0,-0.15926709114183024,0.4746479359738581,-0.20103588922535134,-0.5232123751920753,0.8577537163347188,-0.27548726448497596,-0.8594106885330718,1.0984543795192978,-0.33863184864572077,-1.0794882790465716,1.3203078615811914,-0.3540969224970152,-0.9384617779516351,0.47024601848292996,-0.034787942891311666,-1.1438681141866214,0.3698953471756514,-0.22261724634522856,-0.8363093249053636,0.35267822415487676,-0.2909729078732931,-0.74613232832549,0.4052461352188673,-0.31214826804242407,-0.9192165900005846,0.10433805320409195,-0.01799068297474069,-1.0849941133084189,0.02859154675738517,-0.22959905916366163,-0.7253534756940255,0.08346149070076128,-0.2679492331014156,-0.723317512061533,0.18506893329407875,-0.24693707621003114,-0.8605643378735034,-0.22240507476669485,-0.04599003733224994,-1.0122014289462407,-0.28932492775847474,-0.27234963301761234,-0.6947341565508911,-0.20232979172157195,-0.21420311724079644,-0.6860281777131642,-0.09773810241296514,-0.12176778662019012,-0.7804529208184765,-0.5156436632012935,-0.09005761464765032,-0.9305387945392068,-0.5792333355751442,-0.21255962037469747,-0.7011283022675933,-0.48073096058657927,-0.14879343394714248,-0.6514094823476281,-0.3828547771570847,-0.06944713053322911,thumbs_down
0.0,0.0,0.0,-0.1690856077149845,0.4662494180394501,-0.19603256839738084,-0.5326406680084156,0.8460384634123314,-0.2690788774645395,-0.8679336800039968,1.0824297742111,-0.3328992456695029,-1.0934578301061402,1.2940538817256124,-0.3500489790183127,-0.9455736802017991,0.45228276750399327,-0.022909399660579643,-1.1554948445168962,0.3452651098910884,-0.21458950565725904,-0.8461370431751136,0.3442952981707434,-0.29107618923845596,-0.7494440615282076,0.4070115656316617,-0.3165142085661498,-0.9221038517235295,0.08647102993822092,-0.008498471800348174,-1.0932107886285372,0.010369525317534937,-0.22441060703548638,-0.737094207912978,0.07716900799784228,-0.2701239191615123,-0.7264080728167773,0.1842103484366408,-0.2524379548282886,-0.8635936541413235,-0.23931229133742676,-0.03910831380527872,-1.0245332578548632,-0.3057278162029333,-0.2682810807694549,-0.7081098334253718,-0.21588449987511837,-0.21544229091371547,-0.6906224347855001,-0.1098581165435246,-0.12436357292470367,-0.7844363248920475,-0.5326758962119325,-0.08528875116984917,-0.9399324310739315,-0.598573655296339,-0.20952656153418203,-0.7129634805746137,-0.4961281152398652,-0.14823905305633683,-0.659589643875755,-0.3948818142795812,-0.06927700535854085,thumbs_down
0.0,0.0,0.0,-0.16300554466011621,0.4725024421520604,-0.20094037990496214,-0.523939106799697,0.8610338946417079,-0.2778937017533143,-0.8566718847003878,1.1030218008295651,-0.3451195953797729,-1.08052300490713,1.319331112903689,-0.364091810503314,-0.9402346680480119,0.46782608517574137,-0.02778965769934024,-1.153699436009202,0.3630408734893001,-0.22669865431960726,-0.845359691470622,0.35602559664030503,-0.302682541774175,-0.7490568083144395,0.41480552664703935,-0.3253168442516149,-0.9154101488972944,0.10372562493544961,-0.012678854632200762,-1.0922898151224176,0.02837308200052628,-0.23520237179316741,-0.7323479289121165,0.08942906247293685,-0.27763492148782754,-0.727446932427296,0.19282343680641117,-0.2546109102392857,-0.8584381591725139,-0.22237635812650655,-0.04415705771018674,-1.0212046814645082,-0.28539300409127133,-0.2806751911131191,-0.7010417814873856,-0.19833474102522028,-0.2250201412396227,-0.6883715201002825,-0.09668721688953956,-0.12894066504018323,-0.7827101791184314,-0.5176296280104166,-0.09153189437358371,-0.9365963976717059,-0.5776171251176374,-0.21948602091231806,-0.7074390402034205,-0.4779940255427304,-0.15688277095395758,-0.6555105410675331,-0.3818374916901065,-0.07511396205745742,thumbs_down
0.0,0.0,0.0,-0.15590007459468408,0.49084184345400234,-0.1757776034036521,-0.5083438573947778,0.8715287624332793,-0.25244262165729286,-0.8336691366768366,1.1075241013046444,-0.3264778707189379,-1.0558751026152153,1.3278092138648603,-0.3627610245632254,-0.9108027276212606,0.4636390907043974,-0.026031128514231967,-1.1467657636784487,0.401833621611532,-0.21511111781101175,-0.8788727053807268,0.37597885656704794,-0.3056909370418762,-0.7488199749137564,0.3976959512334215,-0.34070689659352865,-0.8990123459547844,0.10409276301415277,-0.024376075368517987,-1.0912623990217327,0.060281998532349924,-0.23287901155901758,-0.7608226530031353,0.10208911548613961,-0.2910044880401794,-0.7015967527829365,0.17861360922270134,-0.2839268068589137,-0.8445931626874095,-0.22241156898537093,-0.06323012443428347,-1.0269515702239052,-0.2685845131309185,-0.2744007324220116,-0.7314059934170222,-0.19441710627208267,-0.2264245418782951,-0.6766402096840171,-0.10825080453633897,-0.1426277497804591,-0.7618681292187327,-0.5210051054704885,-0.11710413405259425,-0.9361255147890261,-0.5653871350354417,-0.23121468908803613,-0.7238625587658051,-0.46917567664781795,-0.1683862793577072,-0.6517914881405267,-0.3760684896009809,-0.09062798545397731,thumbs_down
0.0,0.0,0.0,-0.16258931609021637,0.47656290338772295,-0.1823779928797312,-0.5113897400958916,0.8599063624927257,-0.25501311167952717,-0.8367769579277119,1.106191844229916,-0.3236654815488402,-1.0594097936567346,1.3229832864238618,-0.3506425946745992,-0.9208042728467251,0.4677260947757662,-0.00969124553147371,-1.146748316925792,0.3925732675400238,-0.20332716552111527,-0.8509727257767506,0.38292230661733395,-0.2927247433986047,-0.7422087450771233,0.4264750475011386,-0.32709825822331273,-0.9051209636992423,0.1041742432580511,-0.002440987142638445,-1.086438057899117,0.05462583792454424,-0.21690028671668923,-0.7405851325664244,0.11415535815655692,-0.27157741794303175,-0.7128904464098947,0.206163100379887,-0.2604770746681769,-0.8483310674146984,-0.22129032330884413,-0.038729203910209536,-1.024103792909591,-0.2742697990947263,-0.2624869332061385,-0.7165347946244252,-0.19086511305603104,-0.21310264511060995,-0.6848013385785531,-0.1005044438972369,-0.12429426482422062,-0.7676015954393011,-0.5172167729283165,-0.08979422296711409,-0.9278620605519593,-0.5680813864246693,-0.20873971079593873,-0.7106335411307703,-0.4710819492706882,-0.14652227758720648,-0.6554929928735586,-0.3884149199186998,-0.06713660658513403,thumbs_down
0.0,0.0,0.0,-0.15117175936066585,0.4642774788058771,-0.2047099105601227,-0.5048789890684761,0.8528224724516188,-0.2852082235913714,-0.826596223830194,1.101339138312493,-0.35501824006073557,-1.044130453640916,1.333128628367794,-0.37742227438730963,-0.9224766321542673,0.4781065076748142,-0.04161018661342314,-1.1341486239280218,0.38034414348597906,-0.24817194350072608,-0.8311422673037994,0.36951599859840456,-0.32834743437869346,-0.7396215323597988,0.4284542317006247,-0.3533736336563971,-0.8976069087542583,0.11431519834275142,-0.026107574735224626,-1.0762394594060372,0.04159491805044985,-0.25385614290904807,-0.7176301443451012,0.09762509844037144,-0.29658474160628145,-0.7188736022128854,0.20168668688396355,-0.2739956107859027,-0.8408933713547168,-0.21285162814405728,-0.057521758882063095,-1.0011855198787714,-0.2759846742171126,-0.29942727468812763,-0.6829510143288479,-0.19014108081627454,-0.24461605306011117,-0.6802335770425089,-0.0861360968050386,-0.14930773865830774,-0.7689739022691742,-0.5080123274215522,-0.10490754031805609,-0.9187424377517305,-0.5725852487426677,-0.23664043547447078,-0.6907205387140565,-0.4771658835201355,-0.17574052270229212,-0.6448067024748305,-0.38155519531623944,-0.0957759629348345,thumbs_down
0.0,0.0,0.0,-0.1550171255103696,0.4692352537984728,-0.18918118029677827,-0.5123152870777168,0.8526161267464709,-0.2638086979872625,-0.8396910056962846,1.1044732310445904,-0.3318980349754673,-1.058901132778538,1.3309917535700089,-0.3554039269442085,-0.9230234082334446,0.46626443314314997,-0.023791321705791325,-1.145307770614086,0.3733604783459967,-0.2154051609229661,-0.8440300049282462,0.36603484712898754,-0.2920234995202097,-0.7512033974467738,0.41592001974402903,-0.31867506265992435,-0.9059871990103934,0.1012036209029761,-0.014799716289135147,-1.0870960098993658,0.033901485151780215,-0.22700148927641384,-0.7340104993705936,0.09592691010724443,-0.26709173898799604,-0.724693210385905,0.18963197227712186,-0.24616085026491244,-0.8493363441616604,-0.2242357083797432,-0.05032183157799426,-1.016389595147328,-0.28615857335861394,-0.27417768967637257,-0.7045232241002768,-0.19774731531390044,-0.2159234983324472,-0.6913137840038677,-0.10494421116039737,-0.12260416672731485,-0.7727264632013755,-0.5193350901423008,-0.10127943701078161,-0.9251274546421412,-0.573373941809376,-0.21907089664191537,-0.704126373968625,-0.47660076945082386,-0.153907991069164,-0.6579290871785887,-0.3952925020072646,-0.07395396490681312,thumbs_down
0.0,0.0,0.0,0.16056239014369408,0.48343227307136816,-0.2037569881886897,0.4962012547513294,0.8875229505846839,-0.3092843135775737,0.8263278330381254,1.1442532584849896,-0.39783818644294994,1.018153871078928,1.4434602154683105,-0.4390735480408215,0.9508934352142377,0.4119797066987733,-0.09088615158993824,1.2293591490917446,0.47427441462121933,-0.2751305706331595,0.8863819752892664,0.5041843826085671,-0.3376706402642705,0.7956835717299577,0.46426111370034223,-0.35789000566277335,0.9285210713973456,0.07812501764427604,-0.06579536644657637,1.1862749046538443,0.14743574103070123,-0.24385880181259573,0.7818390445435563,0.2388330642086617,-0.2365020254644153,0.7677878239601736,0.18347900033250367,-0.19297797955626025,0.8548149921160509,-0.24295074810154607,-0.08154857074570696,1.0883928651464274,-0.17114074549658748,-0.2738568283542783,0.7340054759884395,-0.051274759294122584,-0.16693277638130427,0.7110449376727547,-0.10806827852778195,-0.052033674124422453,0.7562809667255382,-0.5686239391258637,-0.11417728518546356,0.932282475061205,-0.4842969635688071,-0.21376858400464208,0.7010184583138149,-0.3461406925394987,-0.11858115937993595,0.6414429014449463,-0.3853578746083711,-0.021517221629148126,thumbs_down
0.0,0.0,0.0,0.1631960610014333,0.4811319141021948,-0.20679963033703225,0.504263941891871,0.8851440169497191,-0.3137345660004345,0.8317985761641307,1.1450937597838873,-0.4021413473281293,1.0208866874550673,1.4445252026202275,-0.44351118170573717,0.9606747525918392,0.40527627799015753,-0.10290564741075038,1.2367236167022329,0.47617217091723263,-0.28264909007715217,0.8905554510318832,0.5045336046204895,-0.3424877914468267,0.7995767934772023,0.4583711678394756,-0.3628415880930514,0.9420183802711869,0.07526037370158643,-0.07670898836378481,1.2030481724436595,0.15144883468524614,-0.25369973568855386,0.8005507956750387,0.2415427560965944,-0.24770559587658228,0.779900037901674,0.1814552809542672,-0.20606583656588776,0.8671083117391023,-0.24697842952515114,-0.08950590656762579,1.1002001595582747,-0.1665406246623453,-0.2795956899112502,0.748625454289167,-0.043268165593473414,-0.17460041180128325,0.7203080709365661,-0.10443149480261385,-0.062118955770396986,0.7643113413235251,-0.5751211450929732,-0.11910143473424845,0.939807938336686,-0.4758593901205118,-0.2194222845379312,0.7114138623049242,-0.33237038387759776,-0.12579874137878844,0.6494734755873879,-0.3760301081435682,-0.030151606102559857,thumbs_down
0.0,0.0,0.0,0.15802420136947468,0.48393741180095784,-0.20038530742755628,0.4964313816548991,0.8935035445463827,-0.30173763948278387,0.8184832372279508,1.151819137088644,-0.3858175047295065,1.006270388695982,1.4449942743659636,-0.4215602927840552,0.9538713766757213,0.41020695732858325,-0.09282013093756387,1.23329081815501,0.4772094568503438,-0.27324916033077123,0.885978660706691,0.5066700427527503,-0.3343690355014646,0.7988560506442146,0.459428566989921,-0.35557584061923525,0.9350068979170025,0.07644423173053404,-0.06884242311672642,1.1902500952010193,0.1491325844850146,-0.2424933745410481,0.7889532716340247,0.23814016576100955,-0.2353982170254778,0.7814075270087071,0.17697540474259318,-0.19497609399522864,0.8634968279641083,-0.24537956154573168,-0.0846972208189314,1.0968650304154903,-0.1686292153654519,-0.2725059655439938,0.7449424049530068,-0.050963133674822324,-0.16676270180422892,0.7273300421135389,-0.11493402194619128,-0.055855163070102944,0.7682431993245417,-0.5721084521342709,-0.11728676342150739,0.9379227200876281,-0.4755056697636656,-0.2160503217886215,0.7058253848234755,-0.3423733078536845,-0.12191517698510423,0.6489696651864724,-0.3913595891018946,-0.02707546610555194,thumbs_down
0.0,0.0,0.0,0.16266460816234987,0.4878953605081245,-0.20386747738064886,0.49570479952397,0.8960767276531356,-0.3093670924084679,0.8182283799432117,1.1572492592848893,-0.3976109391917043,1.0127758124795627,1.4492050616930534,-0.4380044646844386,0.955120805363994,0.4078457906249513,-0.09608361994675317,1.2292360627792307,0.48960285280136995,-0.2748352580047929,0.889321252707646,0.514678972761133,-0.33403772407315857,0.8080330106695461,0.45762626439970505,-0.35499924232648444,0.9350181738289829,0.07483779392947133,-0.07124862217404475,1.191785441143481,0.16341307540071856,-0.24388149649637747,0.790508067403818,0.2477861304492001,-0.23618520880714877,0.7892583503634272,0.1770250742438166,-0.19664874880161556,0.8628027177057772,-0.24577220133371513,-0.0860760284133258,1.0969982340901183,-0.15767584489599865,-0.2737677228251699,0.7485050729763326,-0.04245935969496166,-0.16763446624323589,0.7356991157745546,-0.11631721378644322,-0.057565745862823495,0.7679344364931564,-0.5742386351253606,-0.11779638134716147,0.9394208531730448,-0.4726886682020532,-0.21712037057268505,0.712302053402906,-0.33581762755951006,-0.122743447233416,0.657322493542856,-0.3906115393447371,-0.028584184879182448,thumbs_down
0.0,0.0,0.0,0.15505533379976014,0.4863014339933465,-0.20690976356825744,0.4834570254358179,0.8927141887092725,-0.3131799374180501,0.8095835153541987,1.1588029427434752,-0.4006915991168127,1.007792670035733,1.4508949974134127,-0.4397951046002647,0.9512523862152696,0.42572491399311135,-0.0941573868661286,1.2167521934743342,0.4957343362459345,-0.2736130369537458,0.8780232643999402,0.5144273582587198,-0.33647039035907794,0.8060175541033127,0.4592674765011199,-0.3602190420332871,0.9297709241673565,0.08816180227328914,-0.06543772598837852,1.1766336779360365,0.16301935263249437,-0.23653301998375034,0.7770235371543959,0.24939573581774627,-0.229799161985827,0.7874151035583129,0.18800221473117978,-0.19135096429525592,0.8598086455246884,-0.23302831041625197,-0.07666334094479896,1.0875459565805408,-0.15556741094454707,-0.2623552067132308,0.7382015870126268,-0.038883027823891005,-0.15549734886357197,0.732515556711963,-0.10070804067236867,-0.04527375221693193,0.7687959321269526,-0.5574276721143241,-0.10514077394752701,0.9345630837513378,-0.4645450062586181,-0.20245551974413398,0.7046676171823312,-0.3283545480259028,-0.10752720149174885,0.6522181446568441,-0.37228356777810717,-0.012434789584297255,thumbs_down
0.0,0.0,0.0,0.1622503465567415,0.4849614058993122,-0.21605526612162948,0.5003432158623441,0.9020005066519196,-0.3240654742344164,0.8293669823201377,1.1597115562462548,-0.40955811596363373,1.0324525494890997,1.453538560778946,-0.44328115755077097,0.977789674557008,0.4148277363046564,-0.10501079956464354,1.239669751989004,0.4883787970196473,-0.2917748259821703,0.8838724773980033,0.5127634446287088,-0.35900545850262383,0.8156633385921679,0.46079638010186225,-0.38545669292682017,0.956596406397927,0.07509172665636082,-0.07109872465635893,1.2007020267597868,0.1633191095968685,-0.25160885432524194,0.7949682427536067,0.2518011402413568,-0.2502310114511013,0.8060035288027829,0.18453391394652777,-0.21527098491762356,0.88243925574809,-0.2470238925159354,-0.07735009948158673,1.1069526225581447,-0.15711621338745135,-0.2693588169368634,0.7518078235432357,-0.03548596219858229,-0.1640262406728512,0.7458740113853298,-0.09766260102814757,-0.05476476657525997,0.7876963468426276,-0.5669312238389348,-0.10128642898052971,0.9492901945788838,-0.45899183666054955,-0.20048797275897412,0.7130578268341505,-0.32182736554455604,-0.1060099323732133,0.6586500729289094,-0.37239765428246796,-0.011457693080850694,thumbs_down
0.0,0.0,0.0,0.16113912086191243,0.4769829265529579,-0.20091417391160146,0.5053061571092825,0.8769959437393599,-0.3042351842876038,0.8336246898057807,1.1246930485227655,-0.39054622999489325,1.0287829034328266,1.4150567743487905,-0.42985816626691237,0.9554057135316759,0.3967154882299301,-0.09220966397590666,1.234827551812806,0.45220030895924695,-0.2750646553868625,0.8916041691114022,0.4814177157859515,-0.3370899178094542,0.7969505556048333,0.44016275073180133,-0.3574458429948598,0.938300917418089,0.06506094425150384,-0.07090403503420487,1.2031401055372626,0.12195503076274,-0.2504512793556872,0.8037879804619539,0.21173453507241297,-0.24508032091098714,0.7781891073313952,0.15828043382803272,-0.20174805722175596,0.8666009354531201,-0.25804000656685394,-0.08995985965247003,1.1028828917947173,-0.19796455513747907,-0.28333115486268606,0.7542122283657118,-0.07839973092480572,-0.17994774515693598,0.7281482210405101,-0.1368264178759446,-0.0669397206136145,0.7664689685337985,-0.584703560248086,-0.12566945587771997,0.942496925016731,-0.502383651560516,-0.2293893319717647,0.7133901297177787,-0.3661810775941388,-0.13747685215318506,0.6535687572446759,-0.40920622961926834,-0.041976380996532135,thumbs_down
0.0,0.0,0.0,0.14971455963390118,0.48040237086439724,-0.21325564714593342,0.47764289433804885,0.8966501222907036,-0.32472187918183787,0.7986190410678361,1.1719130176968784,-0.41687453952732545,0.9960045919631365,1.4614088774163623,-0.46085788723758464,0.9612928690171447,0.4266379913195879,-0.10506774235290182,1.2254486693062794,0.505478275683272,-0.2835173856764465,0.8813883577939109,0.5273776678025073,-0.34526465548251273,0.8109147130550479,0.4721149062941405,-0.3687713249856973,0.9408687958575848,0.08715580495928188,-0.07351144550699479,1.1813745555987831,0.17221263880236493,-0.24023219907984028,0.7825210643581217,0.2529640615702182,-0.23153318174378776,0.7964622935604686,0.18330903458770695,-0.19396708514336045,0.8708728168383008,-0.23425354582280647,-0.08182773883210416,1.0947075912166315,-0.1464029975919418,-0.2618048454971685,0.748740896558626,-0.03326255790824467,-0.15418368579019223,0.7456984821496001,-0.09996076513531317,-0.04657524639979017,0.7807368913567674,-0.5569218513013462,-0.10816207824102826,0.9446927370064095,-0.45338204083162653,-0.20057682020247392,0.7128596177765918,-0.32416882730843677,-0.10323729474195413,0.6575642827472781,-0.3764942656213436,-0.008255404171521076,thumbs_down
0.0,0.0,0.0,0.15484996399424242,0.48675890563177726,-0.20988177324342727,0.4711818443670855,0.9149558998593835,-0.3161700031831915,0.7902792381817546,1.1964061127962609,-0.4015169991648451,0.9848134163036375,1.4919702429752884,-0.4359083456815209,0.9546845886183984,0.4522337487435666,-0.09780917304439955,1.2101961025093633,0.5412400912331575,-0.27733883389021474,0.8657384176889023,0.5462512168110105,-0.34453028050357004,0.8107140232208957,0.48215066789108063,-0.3735306833338105,0.9369216111132678,0.11191101547965761,-0.06421464633124652,1.1720178422098655,0.2071785298706513,-0.23131301596599543,0.772236332114444,0.2760809119854958,-0.22960194668386374,0.8040861139848441,0.20692690334661865,-0.19998594479488693,0.8720485830344928,-0.2096719632146575,-0.06949063528448203,1.0960575501449326,-0.1177583592602505,-0.24739353838197423,0.7464398567560283,-0.012390109069949043,-0.1404707719903015,0.7492396180423352,-0.07441485808273603,-0.03550874672096099,0.7918750926016593,-0.5344090732527546,-0.09242309748689977,0.9487109559112825,-0.4331481860776178,-0.18172995589310037,0.7182493619355022,-0.3031238661836612,-0.08394988495848045,0.6698930703543614,-0.3469339942422268,0.010331445916623942,thumbs_down
0.0,0.0,0.0,0.15035057773791818,0.4897757067232964,-0.20562822175114082,0.46805464445984307,0.9180061544812204,-0.30668888333651767,0.7872514822658951,1.193128718863519,-0.38657134348310696,0.9870169261864336,1.4734940941715764,-0.4152641557431898,0.9443236731803983,0.4584376946317449,-0.09766866562544593,1.2030262291570715,0.542254482596589,-0.27454147797811856,0.8582586133337348,0.5433251108031589,-0.3350469763071184,0.8028634291790341,0.4838491332454424,-0.359156324330246,0.9266805632013233,0.11964329398389476,-0.0670132988752752,1.1673664020980883,0.21036684135653524,-0.23540996671651535,0.765160601059792,0.27441323176246585,-0.22844752434292231,0.7910296965340157,0.21115619881799122,-0.19315402401826365,0.8615486287159759,-0.2029013286166945,-0.07528470527489181,1.0840146105502506,-0.11531627029896105,-0.25614058838744413,0.7341327444195025,-0.015727012217958334,-0.14768137271761583,0.7382357932518455,-0.07606763688102493,-0.04005303257495811,0.7818363101427935,-0.5282681290638809,-0.10074670692184129,0.9362137000296148,-0.4337715761406219,-0.19385755602087804,0.7074948895939448,-0.30790575882079874,-0.09831300765644543,0.6633912579442703,-0.35249853639589857,-0.004852818420094406,thumbs_down
0.0,0.0,0.0,0.15541882565404758,0.4884868790211403,-0.20757747137063093,0.47569024493782247,0.9094325499008319,-0.30727105951865324,0.7913241500247609,1.1833153426317793,-0.38552914116172626,0.9910220927640447,1.4656489481025823,-0.4123368499307932,0.9497661248866528,0.44754815373610457,-0.09423884403352102,1.2115038018783157,0.5297227383076669,-0.2748017769914808,0.8676573072358026,0.5389954009847676,-0.3420775517335085,0.8095756533806725,0.4754702332965911,-0.3696660948287466,0.9294545555395127,0.1083829390470169,-0.061668748712475886,1.1671371532799013,0.1947226042159115,-0.23074236104717571,0.7688389602909179,0.268330929078886,-0.23028777382206433,0.7950586702059199,0.19935515040794602,-0.20004639009120218,0.8624077821616913,-0.214494790184549,-0.06860288207561815,1.0866739280767987,-0.12627201462403992,-0.25127221210530365,0.7371608325284636,-0.020196595521722458,-0.14854610059751888,0.7408645983941818,-0.08438747585336664,-0.04428784384092867,0.7805142447189277,-0.5380235646168339,-0.09275930271056171,0.9375140787582968,-0.43690952631011176,-0.1880926164654376,0.7074701432584659,-0.30849937704795477,-0.09474061251852281,0.6603895446082172,-0.35615200596540497,-0.002086866451890647,thumbs_down
0.0,0.0,0.0,0.1550778405135864,0.48829675303941283,-0.2126318208208772,0.4746379919106196,0.9097713490791308,-0.31548206708531795,0.7966656177723773,1.1841963744047457,-0.3961585179171637,0.9934419811819818,1.4721452577646155,-0.42476148829120536,0.9571596639642296,0.45381873517890897,-0.09144342140024922,1.2094747572420872,0.5338070561933651,-0.26884068062996125,0.8676454361690678,0.5391195447814343,-0.33369968456279286,0.8141316702645405,0.4741146813074633,-0.3605833197220964,0.9391776248547783,0.11204375335587867,-0.056393711808167976,1.1748781380620419,0.19605601396083525,-0.22327469451087073,0.7759642535873823,0.2667584659249724,-0.21990418440148968,0.8073895868865395,0.19801269947566177,-0.18716892079118114,0.8716989079606493,-0.21050174918403647,-0.06139439941722337,1.0912849984548276,-0.12322724351886201,-0.2415849102048353,0.7418966151931008,-0.0176196199377846,-0.13611174673527995,0.7473291226463634,-0.08141200936417167,-0.0302065511588221,0.7863610059135663,-0.531462908200355,-0.08452232120234511,0.9405391774534193,-0.43110918132040205,-0.17758152796782462,0.7107746366634483,-0.30444202701961853,-0.08305715487621117,0.6655468976094396,-0.35285404612299104,0.010295024244330389,thumbs_down
0.0,0.0,0.0,-0.21997200518507307,0.4378006844429678,-0.1916006241791559,-0.5953899628619272,0.8033554319309855,-0.28708707314195664,-0.9395854792789701,1.068868049819014,-0.37656538721633126,-1.1555390102428036,1.3136422957919043,-0.4249301146719417,-0.9951638969839894,0.33283253678258384,-0.05276331974872054,-1.2562700909757876,0.19326737931233134,-0.2492188985601648,-0.9241958194670499,0.23494735150520488,-0.3421426230300636,-0.7704451826117058,0.2952070053424746,-0.3791629651988237,-0.9506745196514754,-0.03709231888051306,-0.03969657026960271,-1.1659570827480765,-0.15371187680680756,-0.26094913838424744,-0.7939583898934658,-0.02779758940354461,-0.3170847536113301,-0.716722183986853,0.0769226336220566,-0.30724712156263134,-0.8640260819585922,-0.3536623963798534,-0.06602508345008139,-1.0569963008988106,-0.476097532939936,-0.29195706809165733,-0.7353364354042681,-0.32209844766536955,-0.245659237683735,-0.6610547229270877,-0.20908497101147167,-0.1577447802636131,-0.754097171869981,-0.6362294356239245,-0.10573243979440962,-0.9198209972320135,-0.7328708074518722,-0.2242644110952135,-0.7016979511190174,-0.5821305343661932,-0.1632418215728438,-0.6281757260793758,-0.46418545261787714,-0.08519731806621936,thumbs_down
0.0,0.0,0.0,-0.2263728131861386,0.439069860022291,-0.1913733196471,-0.595017792074389,0.7971944579562068,-0.2881702866720439,-0.9377631528790559,1.0660175069609559,-0.37968775206208755,-1.1527101607027213,1.319926031069496,-0.4302574741497951,-0.9991273899162579,0.3357867662271357,-0.04611871063352772,-1.2509390200734931,0.19430766910635258,-0.2402180820147763,-0.9195222199520826,0.2374288398780977,-0.3354058451547075,-0.7747183148043978,0.3026528195669982,-0.374690273330282,-0.9526947444831344,-0.03202781065632067,-0.03195412643674867,-1.1629487631989956,-0.14774613447317003,-0.25059592929166624,-0.7948783634756981,-0.02442210340538975,-0.3109844084175939,-0.7236437026088729,0.08363326857788178,-0.30519988334122106,-0.8666442256249733,-0.35039711261120504,-0.056806289213740514,-1.0520860955493352,-0.46798317427056485,-0.2758005679196212,-0.7368149344074557,-0.32000575035011647,-0.2312246825247272,-0.6648584940203001,-0.20483000562096385,-0.14672362296289632,-0.7592181884944038,-0.6337490855812274,-0.09555358831477596,-0.9257554794451438,-0.7312575876573247,-0.20638215588211045,-0.7123818087532333,-0.5836524313022883,-0.1435000151803168,-0.638382341211487,-0.4658162357057105,-0.06538541548141026,thumbs_down
0.0,0.0,0.0,-0.22023834366579922,0.4381795539192173,-0.19183888391773452,-0.5994715745862215,0.7842138753678163,-0.2849057937273075,-0.9391970025630669,1.0499544377040566,-0.3719162733409272,-1.1481775851648373,1.312296110114786,-0.4167309785966791,-0.9946260546461776,0.3325421417868307,-0.05543009554943317,-1.2579200162740463,0.19283124673002358,-0.24927539745597269,-0.9241893654927372,0.22723547348958636,-0.33668236301950666,-0.7764021758910314,0.29302891681316967,-0.3695352791965756,-0.9512145707762422,-0.03641073935942549,-0.04036661156923524,-1.1622237155668846,-0.14838939640973525,-0.2601626305391158,-0.7896219889082318,-0.03049675041214503,-0.31448637919775024,-0.7239156595346695,0.08199699949617309,-0.30393167470131877,-0.8660941204828408,-0.3554372060207894,-0.06394891246843067,-1.0568570434700408,-0.4704988293770312,-0.28418048424457254,-0.742143440272064,-0.32566592323392346,-0.2348008137183056,-0.6760380494842974,-0.2071099822226874,-0.14745736497803,-0.761002526045607,-0.6387015888551459,-0.10131759464094758,-0.9329501009686105,-0.7362327045428341,-0.21496759246474234,-0.7213716430191166,-0.5906714390250689,-0.15115133759498248,-0.6494290753769304,-0.46753081010888625,-0.07175472113544691,thumbs_down
0.0,0.0,0.0,-0.20894683440097617,0.45807095198270564,-0.191607099414249,-0.5801136510101128,0.8152105894467684,-0.2851814847272039,-0.9206937942137788,1.0763820894448461,-0.3729984021893312,-1.1286364976103147,1.339501636436092,-0.41798307887830455,-0.9782651882666515,0.36404137308317036,-0.05488591259501748,-1.2526464029540714,0.2310742104475787,-0.25465066987229373,-0.9210399393192528,0.25793083733428357,-0.34111094759216454,-0.7759066064635893,0.31929723713499364,-0.3702277815875829,-0.9354081544169522,-0.001943667719298158,-0.04103273545794208,-1.1521256453607402,-0.11332064523633961,-0.2624128415719824,-0.7828776805856384,-0.006919982593565842,-0.31283846953108596,-0.7254531746771551,0.10320780705206037,-0.2981396648736382,-0.8585285418712844,-0.3216240913179161,-0.0673310505436591,-1.0535768382971178,-0.434971742076454,-0.2904675648016193,-0.7346007479125902,-0.3008842152091227,-0.2370983805403389,-0.673630854866859,-0.18635051111079529,-0.14597393665738675,-0.7631483219223457,-0.6111099689921723,-0.10784432895034393,-0.9357738237850967,-0.7110141613185573,-0.22346700107998368,-0.7156775405808652,-0.5747515950957967,-0.15729302530130906,-0.6425066255938469,-0.45797497289705497,-0.07527034904572222,thumbs_down
0.0,0.0,0.0,-0.20571286753582524,0.454056939800676,-0.20464922176132,-0.5602799783001684,0.8286113238868137,-0.3059922788377036,-0.90172768939514,1.115925510724238,-0.39598969299038134,-1.0984517222976473,1.3890577826407415,-0.4402028319866855,-1.0086806521952265,0.3891262332254194,-0.08082900854060157,-1.2410130043740584,0.24527935208942148,-0.25928230299157173,-0.8930409242962544,0.2669932126949832,-0.32440208049327157,-0.7617727513114738,0.3372235470482487,-0.3436615567647143,-0.9703217058662321,0.022666498757629657,-0.05613125748825349,-1.151306861648604,-0.08748436858089378,-0.25765303740639794,-0.772135789601435,0.01234730032049177,-0.29495776938424595,-0.7262247349550666,0.12985734362831028,-0.2787916386773651,-0.8949560044493338,-0.30097187330728487,-0.06846267857935369,-1.0710621730668624,-0.41599173898342606,-0.28177954662121263,-0.7419451142470065,-0.28620764675476995,-0.2228656748676746,-0.6703279977139249,-0.15879164649170088,-0.13266918940018546,-0.7956907390472943,-0.5878263891140512,-0.09493115735800062,-0.9855372794267171,-0.6992904172761727,-0.2092995526473818,-0.7577618672238451,-0.5641419548708235,-0.14067439045806548,-0.6662048318091495,-0.4307430170562041,-0.057497616909627534,thumbs_down
0.0,0.0,0.0,-0.2115042995192519,0.45476757902338405,-0.1862873018336674,-0.5486496066941182,0.8350657998807732,-0.28171187047242274,-0.8786670448401769,1.1396424011490867,-0.371070879638349,-1.069635790096997,1.4210306656330078,-0.41801039778972315,-0.9836640611438722,0.4124322436034966,-0.05029910557483755,-1.2323495690433743,0.27814038669327346,-0.23377982577136508,-0.8940456676554844,0.2888603277916019,-0.31557282397880476,-0.7497022534312735,0.35544481386786736,-0.34625652402308016,-0.9563526844724689,0.042254568484269193,-0.03420935220982101,-1.1541094045707034,-0.06125012911548012,-0.2400506445021614,-0.7774952403484003,0.02189120484152366,-0.2913710210688279,-0.7129863897333236,0.13814062574503064,-0.2844850555558143,-0.8869336902691017,-0.28267380487584465,-0.0546862388518815,-1.0673309410638918,-0.39355689857321746,-0.26813049893511975,-0.7435097477795445,-0.2752931652522318,-0.21729413973060285,-0.6629133201365113,-0.15037083375522034,-0.13182133823943207,-0.793213196469604,-0.5685466908520678,-0.08783306751931094,-0.9729214978251506,-0.6640851885449721,-0.19777670223617128,-0.7485982516839919,-0.5377428920571725,-0.1301120986163864,-0.6577238575625411,-0.413143628302634,-0.0488463348589702,thumbs_down
0.0,0.0,0.0,-0.19146734631874363,0.4593097618593955,-0.19277282805151016,-0.5285727705107393,0.8482047749687375,-0.29045234207410175,-0.8492596327402092,1.1525910921246532,-0.3798767640825582,-1.033305381323178,1.4366526940277617,-0.4268857104600244,-0.9630750456516124,0.43429092952353926,-0.0675740689948009,-1.2088000488225146,0.29991364539226767,-0.2534956151368378,-0.873525102114454,0.3086599873825342,-0.33208286979558044,-0.7351084982508287,0.3728248908681375,-0.3607036486548211,-0.9345600331167986,0.06577262642949887,-0.05112957394311286,-1.1319308423253887,-0.03891115956092293,-0.25912951884882357,-0.758325281893754,0.04028135247471758,-0.30553739267964664,-0.6994703902857844,0.15291173367689298,-0.2947342884454699,-0.8684733807656152,-0.258582484997112,-0.07184631310608126,-1.0481899107605954,-0.3685220437244357,-0.2892408220258873,-0.7251687081329449,-0.2562672218139474,-0.23752389485396946,-0.6539601976130109,-0.13329998257742817,-0.15129093194089432,-0.77977854533682,-0.5480279762281611,-0.10567866681620945,-0.9624640136765418,-0.6448947798500262,-0.22031388563662035,-0.736064416348345,-0.5265668574612651,-0.1540464907005245,-0.646589659482132,-0.40289619267891164,-0.07372134500486523,thumbs_down
0.0,0.0,0.0,-0.19729458251568469,0.45698190790785886,-0.1827691127042115,-0.5303111330523641,0.8343841813833627,-0.27432143818274657,-0.8494574849381333,1.1330301355928802,-0.36001625444891244,-1.0348901054553008,1.4131668701081976,-0.4036282214078682,-0.9555412317173446,0.4264397645958954,-0.05379537775687883,-1.2093076988377156,0.29321717296679406,-0.2344959570980805,-0.8778839782119278,0.3002404712416518,-0.31047040089300254,-0.7441818692341079,0.36317159325243353,-0.33861223932159407,-0.9309107612393083,0.05802534835325149,-0.04109011289171625,-1.1326505333133046,-0.046062533996012324,-0.2435993821360557,-0.7631556096437594,0.03427780465882106,-0.2890773051892818,-0.7075227866703726,0.14660408749341686,-0.27898110302901846,-0.8660844396993851,-0.2662102984896553,-0.06493347101338034,-1.049865555978003,-0.3741673122218546,-0.27498438310211437,-0.7305832971032498,-0.2614038775275202,-0.22245560546040205,-0.6620001314719792,-0.14237803623872214,-0.13782139093369908,-0.7773069951684295,-0.5563839047348726,-0.10165132749179136,-0.9544809697453541,-0.649667275188872,-0.2110380593158622,-0.7334439048989667,-0.5297508213419186,-0.14520518249683673,-0.6495598618030958,-0.41001114030960223,-0.06661527899563738,thumbs_down
0.0,0.0,0.0,-0.19913520519262431,0.4648608084984402,-0.18742443829817648,-0.538187453341775,0.8538041372251601,-0.28186734387927254,-0.8612731664370626,1.160478445508169,-0.3692455340740742,-1.0415069108317354,1.4513010422031176,-0.4142503068091792,-0.9825529374624101,0.437757915588532,-0.055477276682511525,-1.2143898657156547,0.30187222013137094,-0.2302824748379734,-0.8796327743509368,0.3028712791792811,-0.3045694613952947,-0.7480868365285616,0.3728361586511052,-0.33328396332977145,-0.9587083739093638,0.06991173803310553,-0.04124419341508273,-1.1450883052735505,-0.03612023589704832,-0.23757310064846338,-0.7724907137241215,0.035042223854470526,-0.2830689334907277,-0.7160803173608924,0.15658124918442382,-0.27485305355011935,-0.8917433286532059,-0.256263770141965,-0.06313521896428743,-1.0658119069931082,-0.3649596484787424,-0.26940826240012156,-0.7453255694145714,-0.263233459620765,-0.21790512204470888,-0.6715054683545637,-0.13596161179818766,-0.13540523289077888,-0.7981851687171335,-0.5441689018512612,-0.09823532902879074,-0.9806578757995335,-0.6423027294518596,-0.20671835099345068,-0.7584904119028475,-0.5253120419036628,-0.14025259802268217,-0.6680816413742638,-0.39559075333786203,-0.061306293482566096,thumbs_down
0.0,0.0,0.0,-0.20627187795704152,0.46303172381981006,-0.18295852320389627,-0.5441559254426975,0.8515120677821737,-0.27657798046649373,-0.8702464375013458,1.168055767552905,-0.3653240918149585,-1.0484164753034315,1.463185821717978,-0.4113238252081113,-0.9905673049425782,0.43953717965383793,-0.04291563563763016,-1.240657042748568,0.31947599616834826,-0.2213294335476867,-0.9003181822677899,0.3174769627846983,-0.30007721284171085,-0.7546674676302629,0.3763068018083307,-0.3299811101979777,-0.9711867714801578,0.07328113693023566,-0.029744311072222626,-1.168882605837209,-0.022446669904675993,-0.23233918130218828,-0.7885017739929998,0.046667339149242495,-0.2827271499426999,-0.721286656269417,0.1607759723706179,-0.2750881294432792,-0.9047463267887722,-0.2526692524074254,-0.052822770718197895,-1.0844474337786019,-0.3525221122255317,-0.2598528296820216,-0.7605747064710144,-0.25152390147065984,-0.20735961711034542,-0.677878503072051,-0.13165215019628748,-0.12243014835060613,-0.8113415871297935,-0.5431872509802202,-0.08907660951663711,-0.9970847249256725,-0.6306379173020304,-0.19537294888065904,-0.775212961595022,-0.5144634258667516,-0.12676390993826042,-0.682770613722172,-0.39392190321679066,-0.04531183114342966,thumbs_down
0.0,0.0,0.0,-0.20292898286695482,0.4675814931143728,-0.19880909482145637,-0.5365296375892338,0.8538797658277962,-0.29233935629183716,-0.8659833549243696,1.1694854349979338,-0.3747830318756569,-1.038412154263019,1.4651571804003596,-0.40914910210127453,-0.993103988604581,0.46257223896508043,-0.052410491462980005,-1.2252511031463287,0.32401132225035617,-0.22772344723618726,-0.876185202302448,0.3190164180187172,-0.29319485212273333,-0.7525195001120124,0.3904861828917614,-0.3141948945258471,-0.9682480430817333,0.09432956132441365,-0.02862584517902905,-1.1601861219143756,-0.00817983069188261,-0.23105390263105463,-0.776608857928636,0.054471909783112074,-0.2714128100130209,-0.7378931577290201,0.177588161179185,-0.25678306896532116,-0.9020122218580816,-0.2312319296619278,-0.04313399840677568,-1.0764824857976412,-0.3370059279443856,-0.253088744030218,-0.7512461337349741,-0.24166337572246144,-0.19511997409168644,-0.6891149554043291,-0.1169118001580123,-0.10661883951840102,-0.812000286415005,-0.5206941258292317,-0.07212609232645852,-0.9920928858541301,-0.6150023510918712,-0.17972117894566583,-0.765429139188357,-0.5017543114884337,-0.11124484701825785,-0.6817153070775003,-0.3772276142387907,-0.030030659043947725,thumbs_down
0.0,0.0,0.0,-0.20263401391176714,0.47174784628615246,-0.1821602078629117,-0.5496587958524097,0.8535968601424853,-0.26788686750146384,-0.8775006025413242,1.1664212312701032,-0.3484628231177232,-1.046780193940566,1.4701135016620606,-0.38451390478980474,-0.9980085873409676,0.4547556758720687,-0.030949123597404947,-1.24330727744258,0.32881126355218937,-0.20568300544552495,-0.897436583595659,0.3213962904210559,-0.27811644275566905,-0.7645882208072451,0.3850645315498524,-0.3039472378964394,-0.9781415810084303,0.09050398081774441,-0.016393791580043057,-1.1724166970051284,-0.009109998338620431,-0.21620898622900142,-0.7896936857761853,0.05307585788524701,-0.2624053301320966,-0.7387890073243144,0.1733384298625835,-0.2515867545774592,-0.9125022252470515,-0.23467791671014054,-0.03916786004288212,-1.087573216284509,-0.33679708824825433,-0.24489006171565175,-0.7639268637371925,-0.24266564678526073,-0.1913675115281563,-0.695043981210183,-0.11927558562675392,-0.1059906199410395,-0.821618883459421,-0.5285689172422587,-0.07521442537117196,-1.0073674281841944,-0.616811975273128,-0.17910606386674666,-0.7864191013319551,-0.5058383167276933,-0.11036314333995907,-0.7004935558458996,-0.38342323803172146,-0.028976800239984446,thumbs_down
0.0,0.0,0.0,-0.20660821918119804,0.47695063270061494,-0.17756380057655738,-0.5497069462467579,0.8609061335255195,-0.2620366983121644,-0.8801501728913979,1.1768588361842252,-0.3418534085208938,-1.0422511519347268,1.4825850114493284,-0.37668161443467807,-0.9982007959986295,0.4536445472383139,-0.026441129204607873,-1.2475670415166282,0.33212064435685834,-0.19619885697422887,-0.9028824655473564,0.3272914935250243,-0.26240184573329667,-0.7631576782380168,0.3915966011473056,-0.28405405357801894,-0.9804681218934854,0.08874150156358694,-0.014251070565735645,-1.179060710887721,-0.007226065177766639,-0.20899498606450181,-0.7949255278725398,0.058000105637833956,-0.2508425794444005,-0.7434398614729905,0.1789949442923641,-0.23800910055055313,-0.9145990497368205,-0.23592118008788293,-0.038818311799149206,-1.0928583720707021,-0.33652285801863363,-0.24144612234006702,-0.7666799098910019,-0.23958316455552747,-0.18294617962645043,-0.6940589338920223,-0.11644250589788709,-0.09549371420855231,-0.8201297944218648,-0.5290941739570849,-0.07659413769542762,-1.0069101990869378,-0.6199143066705803,-0.18089166447563748,-0.7815547541172498,-0.5063206081484453,-0.10949842079280503,-0.6925871140706011,-0.38377447485756394,-0.02669648883980758,thumbs_down
0.0,0.0,0.0,-0.21168959188210756,0.4732891342267244,-0.1865404802021425,-0.5461725821622561,0.8558804191811167,-0.27489522725301974,-0.8777656310375994,1.1789074900752312,-0.3559094868658678,-1.039787516703363,1.4834839105604656,-0.3896974527964945,-1.0029066415233803,0.4637394804373867,-0.031392278004037356,-1.2383812204690925,0.3380500320325885,-0.19823637697033608,-0.8902575311359576,0.33399162961062157,-0.26026047254095097,-0.7565167544644001,0.40253930641679597,-0.2798594208082056,-0.9836933703395349,0.09870202676777305,-0.01449594018460234,-1.1758501347981747,0.004793343594336317,-0.20865643495267755,-0.7907094629978102,0.06735153618641689,-0.24878398434678128,-0.7449060201976412,0.190418103628006,-0.23538774868051313,-0.9175515282334569,-0.22610531980777446,-0.034868725729576486,-1.0919381787194493,-0.32359459819423253,-0.23739170418499117,-0.7668628172332508,-0.23096127657212043,-0.1765668154659731,-0.6922491077947696,-0.10807033143665594,-0.08784971616921874,-0.8210335175573924,-0.5188455604354529,-0.06945543908890094,-1.010031562125332,-0.6097024242523522,-0.17501969271295645,-0.7869253749822576,-0.4983529189302519,-0.10398067271021857,-0.6946673505925813,-0.37496450452330826,-0.021044081102033995,thumbs_down
0.0,0.0,0.0,-0.1977216058397301,0.4758326922552642,-0.18870335214836126,-0.5319397052014481,0.8559229517269428,-0.28378112323297044,-0.8632298802523319,1.171068589044191,-0.3721043884698608,-1.032826069736369,1.4786406159987024,-0.41512690317528156,-0.9859239063079727,0.4608162167708841,-0.05138226833906155,-1.242305710471058,0.3391135472785912,-0.22422284450080468,-0.9005759124637093,0.32653970053369336,-0.28815431120702106,-0.7609794108209191,0.3896088975680898,-0.3072565754755635,-0.9697284163847933,0.09495219316462535,-0.034990218928542975,-1.1729357464504497,-0.00443264821788603,-0.23322395736257262,-0.7880430989099703,0.055535194788814496,-0.27294296763168807,-0.7325738535589424,0.17977778286175605,-0.25798328461140785,-0.9078945696063142,-0.23103453190820913,-0.05503046914444009,-1.0914272404288188,-0.33427924198917036,-0.2611070624093133,-0.7660617475235904,-0.24110768364478627,-0.2015316353812799,-0.68884476176843,-0.11525346820295772,-0.11260530771984717,-0.8192396825244599,-0.524485688279829,-0.08875238267021378,-1.0107606953053452,-0.6159540975865608,-0.19610507097354304,-0.7850605692337385,-0.5050129150707181,-0.12463066135452289,-0.6884894423485179,-0.37781913772492437,-0.04095351478246519,thumbs_down
0.0,0.0,0.0,-0.19566759360648434,0.47597701992400626,-0.18823425286187542,-0.5352912355662,0.8608989446028513,-0.2782675974254805,-0.8605883214324875,1.1853303246550169,-0.36126601237851613,-1.0218500232697132,1.4951964592302114,-0.39889627844113146,-0.9798974309830777,0.46537236412141997,-0.04472167798733899,-1.2296203803406807,0.3401887260925508,-0.21496225871676916,-0.8848584733677959,0.3288204950662219,-0.27636296289147216,-0.748662234183807,0.38907754339022566,-0.29459156628932825,-0.9605766697864511,0.10057689751886328,-0.029216190358481362,-1.160453928612596,0.0016744800750383877,-0.22457909917874122,-0.7801969292427311,0.06230466087613545,-0.2626473391031613,-0.7306734020613408,0.18399624052659927,-0.24778798733802804,-0.897784820990482,-0.22467498931025065,-0.05112663399627987,-1.0792026006985693,-0.32740855407944763,-0.25623612014252695,-0.7558629216463945,-0.23616054549690266,-0.1970248525201086,-0.6819678812846297,-0.1120343726015691,-0.10923056728151498,-0.808705212174303,-0.5189561111953052,-0.08703806842863016,-1.002715251302648,-0.610594370188171,-0.19569324801350232,-0.7776809777309487,-0.5042231484399708,-0.12583725852708813,-0.6808946445721654,-0.38104942504286726,-0.04388471443329187,thumbs_down
0.0,0.0,0.0,-0.19138195809528455,0.4766949793922023,-0.17826734483408804,-0.5374012928687596,0.8642974420620774,-0.26451463951058707,-0.8565362141396851,1.1844899806438718,-0.34708432015902896,-1.0180782963286379,1.4953508724142692,-0.3872866698995724,-0.9748225726306553,0.46450352923776717,-0.033395681134899255,-1.2246284458513632,0.34554353158957496,-0.20658718340833246,-0.8884493420338809,0.3335798228462894,-0.2770845324371482,-0.7428173361723259,0.3863694384640551,-0.3003353873182482,-0.9601271171627219,0.10014027558137652,-0.023945459442235653,-1.15612313925208,-0.0003105564697494333,-0.21452000815787567,-0.7802683377073376,0.059209316271450284,-0.2552740748860357,-0.7193335160135327,0.1741926574946534,-0.2423135421778499,-0.9004314541235221,-0.22702329723866996,-0.052081361901355275,-1.07694964281233,-0.3266459787037974,-0.2516653895373948,-0.7556839590961792,-0.2352350237437235,-0.19636380101151735,-0.6774062838805892,-0.11444926077584391,-0.11168684135460591,-0.8140012881739603,-0.5206358443388791,-0.09370263840113811,-1.0028928517639888,-0.6059892228251182,-0.19778289550959074,-0.7795741864869903,-0.4981553899595108,-0.12754515827037882,-0.6820510201185886,-0.3759366580957195,-0.04587162533775582,thumbs_down
0.0,0.0,0.0,0.16637085088313597,0.5947703261023111,-0.019540493582154067,0.4454377860133181,1.0489849009923762,-0.06021545881130041,0.6830512317550738,1.437517189034227,-0.10497668597592275,0.7586222190771789,1.7754445614801972,-0.15075611852846926,0.9841505170517986,0.6766407707629736,-0.02475864531139313,1.1050038697848727,0.6935073259039995,-0.009400099033059977,0.9463863990942998,0.6443297072857679,-0.03285050344139823,0.815198831223791,0.6012966659084138,-0.06226383482471923,1.008095055155554,0.3135766959746912,-0.03413297826959954,1.0130193422321463,0.3564683576987153,0.027743695040476947,0.8584906311178497,0.35788702939247424,0.01911022826380552,0.7432155869876472,0.3409090955855623,-0.017092563890594728,0.9455028700140735,-0.02390028664727566,-0.035738485214363576,0.9512026826160936,0.06541415302293334,0.028649165272555597,0.8215057888092094,0.07491209063536589,0.04712995225488943,0.7002957993378943,0.056121722174492315,0.02956799531935541,0.8600975590078199,-0.3154933840600208,-0.04151222505429134,0.881363758957511,-0.22523166321126697,0.013523165466550644,0.7670937479066829,-0.19540430648208282,0.0644456755000199,0.6694476590109275,-0.19192606700029216,0.09597367804752957,thumbs_down
0.0,0.0,0.0,0.15782427204430174,0.5977118345715965,-0.011659084069224305,0.42236248771903506,1.051243334996752,-0.052277949573496234,0.653870876835953,1.4510613472048686,-0.09895536032779632,0.7261894580480885,1.7972553334003545,-0.14633854697820453,0.9715351757004821,0.7029566945985726,-0.018660603483953868,1.1368765570564792,0.7123011170215885,0.003002875087021517,0.9819717983977437,0.671393286812592,-0.01045830826421953,0.8391908815423893,0.6447777099657436,-0.03149554638547071,1.002715228423317,0.34083995877931633,-0.03012266141903615,1.0323843216172284,0.37900720001156346,0.03961048290469345,0.8752007512325835,0.3824623445528856,0.04029112432309362,0.7544751229406377,0.3777356946382695,0.010631874797102375,0.9449157919513185,0.0011965093976835026,-0.03328690806305171,0.9676483284366105,0.08883216207523287,0.037572906845731134,0.8340637455042087,0.0958220154162659,0.06037314373524347,0.7060977696988865,0.08646350745468348,0.04503348663218742,0.8641858600736351,-0.29104110821305024,-0.03974359283826404,0.8959951937491809,-0.20361864206515495,0.022117841119674287,0.7740859995274235,-0.1801201568340344,0.07741575315789367,0.6680127575566488,-0.1728581099774609,0.1115084906352667,thumbs_down
0.0,0.0,0.0,0.1450810972675074,0.5721671187678254,-0.013910979503101576,0.4050035748764652,1.032922030520548,-0.053513096291749225,0.6335098956819087,1.4113827390985354,-0.09903437981054906,0.7026786038187859,1.7411038413863507,-0.14689388993923114,0.9346144702416775,0.7096512438393227,-0.01883132411300719,1.0730833052738946,0.6842498220548587,-0.0033546362642835788,0.9231896009507259,0.623274868748031,-0.025109292208277262,0.7883576776789138,0.5889760619536462,-0.052310334270079716,0.966943112532422,0.3531813982744747,-0.031098016295207025,0.9766044388804892,0.33994347132427727,0.03314995748951867,0.8258485083686525,0.3320479216656973,0.027813580483371948,0.7100056649669617,0.33402553199134694,-0.006373608785455898,0.9135975207473446,0.013018275200925328,-0.03572114172335464,0.9200020445485776,0.05309429529226623,0.02925661859957424,0.7923572009711679,0.05489655650959864,0.050462136444815064,0.6708882944593082,0.05123023375225728,0.034442726701773105,0.837088348982675,-0.2852602376152429,-0.04412558713954699,0.8549709797022257,-0.22319744971286767,0.011394913257541302,0.7397569359692137,-0.200160076416332,0.06369666042167231,0.6414158694913017,-0.1886287318706485,0.09618074588095621,thumbs_down
0.0,0.0,0.0,0.1513369567285466,0.5869209209439331,-0.014325677195198014,0.4168887760841758,1.0388566267437012,-0.055847818270777255,0.6463007059025158,1.4289018456322724,-0.10384976309732652,0.7202605224982922,1.7651114033822144,-0.1532772199944705,0.9541037851370214,0.6967968715229508,-0.013102266868207665,1.09780798342572,0.6959321573333096,0.003740414759114526,0.9450345759078908,0.6442188063996325,-0.01791403733322608,0.8102319572693704,0.6083999574398906,-0.045410342542421586,0.9833326962741934,0.33888339920350113,-0.02441064818283218,0.9948501205369985,0.3605929263705183,0.042483717882515426,0.8419783054761681,0.3594932314318099,0.03821489899230692,0.7295400170474482,0.351197438139498,0.004623197420217427,0.9250552254664903,-0.0010757478560009383,-0.028700306764522836,0.9320163430710265,0.07779284652164559,0.04094935649896948,0.8034676547508365,0.08458446368139273,0.061994957229022575,0.6837049265721274,0.07134621702215337,0.044801223705230056,0.843912406577966,-0.29682596102528847,-0.03700889210199199,0.860349459644493,-0.20712505345417162,0.0235054677502387,0.7462434814090961,-0.17923156635111007,0.07579203151363148,0.6487245996803154,-0.17481332959157647,0.10730746225810062,thumbs_down
0.0,0.0,0.0,0.16161086848863143,0.5721983104060515,-0.016724022416635547,0.423327259998348,1.0167599731896952,-0.05951377519957005,0.646694668980599,1.4011329118272533,-0.10759909776137005,0.7153382957553985,1.733049515683175,-0.15783672252647726,0.9576385471350182,0.6992883935902072,-0.029843111704061318,1.0880432067138885,0.663045181586829,-0.017017515645770878,0.9381587659401932,0.602253739121849,-0.04119820725984352,0.8075137677521735,0.5709816429921343,-0.07112700605011127,0.9866753444559637,0.3455118327186344,-0.04305563724679026,0.9958310475150938,0.3283938837436259,0.017563484459309255,0.8477918232593055,0.32075882777229014,0.010218700180675121,0.7303512229247281,0.32219861327195953,-0.025036164040200693,0.9298453710906981,0.005105885187205106,-0.04811623666900235,0.929289447672339,0.042369974740660885,0.016007926913374947,0.8035141140136224,0.04589044869773082,0.03591732039128915,0.6814711416215995,0.04359712421229798,0.018985408930380587,0.8477525155428558,-0.2942665499628508,-0.057657392248522794,0.8543315041989115,-0.24104764548209137,-0.003478575564624555,0.7399056185364188,-0.2152157373090058,0.04683157873721622,0.643191415546926,-0.1987974656868008,0.07818975408646553,thumbs_down
0.0,0.0,0.0,0.14802269884379657,0.5895916863541869,-0.02150608483249746,0.40238635307714876,1.0459704882290204,-0.06800756043398737,0.6320433439988973,1.4382261134770433,-0.11822172182767403,0.7078966782282733,1.7721146231626224,-0.16843398531309473,0.9393360525649986,0.721861133601613,-0.04195629689839782,1.1036536966737174,0.7247385982977916,-0.023607716163125677,0.9549063505198319,0.6748273359904001,-0.033617889979082334,0.8182441297554944,0.6380468640093433,-0.05283598235637951,0.9772791289238246,0.36388573964163806,-0.0502209535780311,0.9910681751356903,0.39162830173075164,0.013019480569549465,0.8345254949563026,0.38741093737531423,0.014789162145044643,0.7196570137510924,0.3753639116100862,-0.014047446806324448,0.926127554094011,0.022999347473257586,-0.05011047409810277,0.9290348194864401,0.10366002439902847,0.015599850419075396,0.7967012441584752,0.10757674122393962,0.0394630187566227,0.6748963679829801,0.09285896951626998,0.02450126268959042,0.8524247739067056,-0.2742814588247164,-0.05405444535724294,0.8620239931153654,-0.18443122795772807,0.0025780717513403414,0.740971678826194,-0.16260429268632196,0.054399866251195673,0.6404878805338545,-0.16056388805317695,0.08603068243535628,thumbs_down
0.0,0.0,0.0,0.13238368144610077,0.5765223382885781,-0.026017335189388657,0.3802200763911022,1.0623125563257452,-0.07799588571723673,0.5835565707675425,1.4723608435792965,-0.13423456916599344,0.6339757730643621,1.8115209620958719,-0.19175558753929842,0.908812376996977,0.7856332297126478,-0.05792279686712634,1.0334990413973257,0.8103799711731832,-0.0677199273910057,0.8731669150710732,0.7368497434096974,-0.10455668783045631,0.7393977415031671,0.6755089409610942,-0.14144254426367273,0.9588644148022777,0.4367136538463275,-0.07224643955779371,0.9357809902271601,0.44893322224013793,-0.02928826781889211,0.779484041611361,0.4232789198851355,-0.04085040556063032,0.6677668908817631,0.39616903367057965,-0.07843573520461182,0.9199660425395426,0.09497103612184697,-0.08017391042911404,0.8811061662571251,0.14848771215572526,-0.031024281049216697,0.7544300586475365,0.14038212928113153,-0.010263468802498786,0.643851444694311,0.11518215212780106,-0.02529696553883593,0.8511759047298719,-0.21208234530103215,-0.0931601128790681,0.8315505813300704,-0.1506347709824916,-0.04739318158096402,0.7173417237989766,-0.13155311251226878,0.0025367927497472005,0.6286891128239634,-0.13396964320125784,0.03391174464374501,thumbs_down
0.0,0.0,0.0,-0.3051069921546988,0.4198877052573912,-0.10312464873312903,-0.6352589325310865,0.8259814911906784,-0.23997134116947336,-0.8087317749193734,1.246299365856887,-0.3570365349642923,-0.7563334246006113,1.6295814644473865,-0.4543257781283698,-1.012473601366958,0.09338565796253222,-0.3214715473786904,-1.47229446814969,0.09568284733012059,-0.36049083960490497,-1.2815961715068889,0.2273570486798064,-0.3187029094764944,-1.077237781743712,0.26669964190754497,-0.28458026027797717,-0.966058148855433,-0.3387054566293335,-0.29337721506051,-1.3623418963883982,-0.20213725989267148,-0.3115896375675174,-1.2103126331738534,-0.0501580611572192,-0.2547144156226792,-1.0411186670246164,-0.04418806458113286,-0.23082030054466693,-0.8833801276366438,-0.6527970972242396,-0.2500101597975712,-1.2231620668443095,-0.46650120129486466,-0.2318226491828045,-1.1035707349678987,-0.3403860826813294,-0.16004613218220554,-0.9462612096546106,-0.3333387370263112,-0.1331406266520516,-0.805713271941476,-0.8786762809923745,-0.21036010327371385,-1.1147173986821448,-0.7197381196630711,-0.1745427233189949,-1.0143581438934113,-0.5840269882973341,-0.09715473038279128,-0.8770243457380124,-0.5678151471887535,-0.04990801496264269,thumbs_down
0.0,0.0,0.0,-0.3158267636927128,0.437659252846106,-0.10376815759721862,-0.6534793850147389,0.8475961243257276,-0.253870534782209,-0.8430379932751368,1.2639592959440131,-0.38470193203782466,-0.794138119985043,1.6630390453403714,-0.4954652625946653,-1.0311237301281657,0.09048557684692238,-0.33041179216891753,-1.5041379037256868,0.13555571319513482,-0.3724074232961038,-1.2927636109380525,0.2766858987816906,-0.33813014893636845,-1.0808977151033854,0.30256355763822207,-0.3111919926316585,-0.9890466172976775,-0.3405241489349456,-0.3046707919836196,-1.410421543432499,-0.17737491366630093,-0.32453701949285374,-1.245463724387946,-0.025659470038652626,-0.2741048590349273,-1.071468993438412,-0.02922645028688943,-0.2567024841837148,-0.9063267021428638,-0.6567483418154644,-0.2610070385542018,-1.2804575484589726,-0.46082931636318664,-0.24196553474167712,-1.1470050514532317,-0.33462781897114735,-0.16789412487671412,-0.9839078443352092,-0.33372270354635847,-0.14133175569622508,-0.8239754408299815,-0.8816413308497505,-0.22059894422779466,-1.1667056996153278,-0.7089939061619498,-0.17871106320677335,-1.0539455828941555,-0.5756377145225373,-0.09303980397566157,-0.9052310106058334,-0.570241707407552,-0.041677676657872524,thumbs_down
0.0,0.0,0.0,-0.3173309967748668,0.43425023973154436,-0.10380109421169316,-0.6576289973062538,0.8436816684914237,-0.25023772528675015,-0.8481309861711772,1.2503955175604022,-0.3786493498393878,-0.8068855661224388,1.643367038301833,-0.48750535066072614,-1.0201760957218453,0.0947813345810651,-0.3202251748428463,-1.4845239455603985,0.12581015682253233,-0.3638221275240346,-1.2806325971465045,0.26327513616373344,-0.332883815665972,-1.07572693402272,0.287439936623055,-0.3087670091156326,-0.9749611523051684,-0.33731151982404756,-0.2977581619299754,-1.3896850858516243,-0.19142740987914258,-0.32187960137650623,-1.2290562046657714,-0.04049884813123889,-0.27650173444376747,-1.0544542190108395,-0.04400170372657088,-0.26152288129681867,-0.8944067662969991,-0.6549683636310383,-0.25873660444208085,-1.2651215641792437,-0.4703868300239586,-0.24394497338653084,-1.133644410128002,-0.3439394569377764,-0.17329892868123523,-0.9697149764805053,-0.3436352300878787,-0.1481413733700803,-0.817048499548827,-0.8795916329451451,-0.22359960976228252,-1.1548978214057521,-0.7179960207540335,-0.1862125597673919,-1.0451866892920973,-0.5832729438087376,-0.10382316079277117,-0.8978122345536423,-0.5777099937069918,-0.05436917768519188,thumbs_down
0.0,0.0,0.0,-0.31639199640659665,0.4279106712292502,-0.1060273943935208,-0.6562919798576251,0.8292717522557167,-0.2510075145113118,-0.8536350619486616,1.2405473066417814,-0.37625988741107164,-0.8272645677493876,1.624925044880431,-0.48213376495561827,-1.0208628530447237,0.07968277246826454,-0.33029999838927643,-1.4861344357448205,0.10545305567487041,-0.3786471990323242,-1.2911664031100392,0.24257161357858645,-0.3455250639642399,-1.0844543430154303,0.27493513100059835,-0.3162687840379273,-0.973840625740244,-0.35074247309067874,-0.30271554985524685,-1.3891719766924244,-0.20682588816012384,-0.3271392910147333,-1.2323541285870558,-0.04965404942697793,-0.2756495319784038,-1.0598641588434075,-0.05053887943668031,-0.25557758920861906,-0.8901442659112733,-0.66691619318967,-0.2589297524581635,-1.2560832254274192,-0.48250827842686655,-0.24261091153606962,-1.1285920792039168,-0.3505132536557448,-0.16591759138498224,-0.968056108175711,-0.34873225968303556,-0.1368376228271003,-0.8100402807473565,-0.891495937549328,-0.21909857655265466,-1.1393059870974576,-0.7351741453140189,-0.17878537787228768,-1.0358430172924655,-0.5946567693098714,-0.09429065217415254,-0.8970640352296415,-0.5860165840450766,-0.0439521504367073,thumbs_down
0.0,0.0,0.0,-0.3181537186336254,0.43102894804832514,-0.10175848952154415,-0.6653876030459783,0.828465260397562,-0.247100233194811,-0.8731504880180271,1.2295027710072404,-0.3731986247177115,-0.8512361777658645,1.6170924119866863,-0.47974662912022364,-1.0115309396064478,0.07396955273474105,-0.3278705743908957,-1.4930309359842067,0.1063203824177968,-0.3780168683070169,-1.299450855064312,0.25141771533181395,-0.347589902381799,-1.0902389678215834,0.2832861647038138,-0.32058845874366754,-0.9679056947166133,-0.355150054886598,-0.30268986171765644,-1.4018616449854355,-0.1946286996951876,-0.32915450541378327,-1.2471194488740027,-0.03864763652168872,-0.28107522680495767,-1.0719308520516058,-0.04359722686201937,-0.26401966872427385,-0.8903560062248581,-0.6732132537380513,-0.26057719846931315,-1.2759474524023935,-0.47057903936803314,-0.2455773897057196,-1.145645989337969,-0.3421863289398014,-0.17083971686051722,-0.982921104427513,-0.34460254096089854,-0.14345287839222862,-0.8153743757091425,-0.900845622757415,-0.22176696431942075,-1.16243202084863,-0.7189445530403715,-0.18246752903614155,-1.0508892151972673,-0.5846392550220774,-0.09792121366091232,-0.9049982667471282,-0.5842230991404028,-0.047769347977896,thumbs_down
0.0,0.0,0.0,-0.3146597309838065,0.4293739899883906,-0.11394351594739233,-0.6554932623288353,0.8356057482264565,-0.2652427417217592,-0.8578087666607688,1.2556623040942223,-0.3953287724436914,-0.8343252072312644,1.6419947857418113,-0.5047948372817546,-1.0114075911221667,0.08281933351602962,-0.3369319183523429,-1.4813578256006468,0.11907730866247913,-0.3919326060339795,-1.2818124432413622,0.2695399467482351,-0.36479236240582763,-1.0721958899872346,0.3044545124670341,-0.33949744904206897,-0.9726454382274649,-0.34695376835617975,-0.3062304175707682,-1.3950580448214385,-0.182386504563436,-0.3379814203025904,-1.2343722956479304,-0.024530617039454132,-0.2912810523002765,-1.0604092810714214,-0.0301784119578534,-0.2741539998151048,-0.8983778736771888,-0.6652811830699736,-0.2600072581247866,-1.2744428550172187,-0.4650646826385353,-0.2487777143628336,-1.1418197946134323,-0.3355510186407273,-0.17453478876275905,-0.9796562950695087,-0.3376220592882159,-0.14665254119381826,-0.826322828190836,-0.8927115995461385,-0.21825997908484476,-1.1599856428383473,-0.7135926890927521,-0.179478149250746,-1.0476344742600285,-0.5783139018422522,-0.09621618237189598,-0.9053360305424129,-0.5788663227495466,-0.04679622302173876,thumbs_down
0.0,0.0,0.0,-0.3206895418244885,0.43382585971490983,-0.10066303494503984,-0.6683702864061314,0.8268146277768692,-0.24882460950327434,-0.8762686163786529,1.2279252171562927,-0.37739320422419204,-0.8504046296621163,1.6193923902090435,-0.48734516124080585,-1.0093035724716115,0.06828094057385682,-0.3352967688221334,-1.4952199136055975,0.08930562165200855,-0.3869038573779973,-1.3054162851156235,0.24809115851119012,-0.35847599186968176,-1.0984777996432566,0.28818485460708443,-0.33362442211000787,-0.9653739201063575,-0.36153680090746704,-0.31012712470095466,-1.3980101905079771,-0.19410171400686185,-0.3375929215837967,-1.246637296721798,-0.03257644581010251,-0.2912152404708342,-1.071071785293705,-0.03495054072166897,-0.27651313665016997,-0.8894845156677066,-0.6794999072644146,-0.26703337684145007,-1.273270781916713,-0.4641476779162763,-0.2531126742357596,-1.142881215142321,-0.3405449684494062,-0.1805064942633772,-0.9796810583759293,-0.3439614204663557,-0.15520314599323495,-0.8188728872874034,-0.90738603597972,-0.22662246181686588,-1.166226709888142,-0.7106161537004783,-0.18774557001824335,-1.0500211968217317,-0.5839620420601683,-0.10356367319509391,-0.902814603017076,-0.5883250427072358,-0.05410379432735637,thumbs_down
